id,isi_berita,label
1,"detikNews | 32 menit yang lalu
        
                 3 menit yang lalu             
        
                 51 menit yang lalu             
        Sabtu, 05 Sep 2026 18:45 WIB
 Minggu, 06 Sep 2026 19:37 WIB
 
                 5 menit yang lalu             
        
                 6 menit yang lalu             
        
                 9 menit yang lalu             
        
                 40 menit yang lalu             
        
                 10 menit yang lalu             
        
                 13 menit yang lalu             
        
                 15 menit yang lalu             
        
                 16 menit yang lalu             
        
                 17 menit yang lalu             
        
                 19 menit yang lalu             
        
                 21 menit yang lalu             
        
                 23 menit yang lalu             
        
                 34 menit yang lalu             
        
                 36 menit yang lalu             
        
                 42 menit yang lalu             
        
                 47 menit yang lalu             
        
                 49 menit yang lalu             
        
                 52 menit yang lalu             
        
                 54 menit yang lalu             
        
                 56 menit yang lalu             
        detikNews | 2 jam yang lalu
 detikFinance | 2 jam yang lalu
 detikFinance | 1 jam yang lalu
 detikNews | 4 jam yang lalu
 
Komentar Terbanyak
Trump Anggap Perang Iran Sebagai 'Hal Kecil' Bagi AS
Israel Siapkan Rencana Usir Warga Gaza, Tunggu Persetujuan AS
Kepala SPPG Usai 566 Santri Sidoarjo Keracunan MBG: Mohon Maaf, Saya Menyesal",sport
2,"Angka Penolakan Visa Pelajar ke Australia Capai Titik Tertinggi dalam 10 Tahun detikNews | 2 jam yang lalu
Masyarakat Dibuatkan Rekening Saldo Awal Rp 50 Ribu, Sumber APBN Rp 11 T detikFinance | 2 jam yang lalu
NasDem Tanggapi Tafsir PDIP soal AHY: Barisan Koalisi Harus Tanggung Jawab detikNews | 3 jam yang lalu
Pemilik KTP Baru Usia 17 Tahun Otomatis Dibuatkan Rekening BRI atau BSI detikFinance | 1 jam yang lalu
7 Gaya Simple Putri Leonor di Hari Pertama Masuk Kuliah, Pakai Kemeja & Jeans Wolipop | 4 jam yang lalu
Harry-Meghan Markle Kaget Disurati Raja Charles III Soal Status Sipil Biasa detikPop | 3 jam yang lalu
Penumpang Dianggap Belum Siap, Sosialisasi Aturan Bagasi Garuda Indonesia Dikritik detikTravel | 2 jam yang lalu
Sempat Bikin Geger, Kim Soo Hyun Dibebaskan dari Tuduhan Pelecehan Seksual Wolipop | 58 menit yang lalu",sport
3,"MENU
detikcom
Terpopuler
Live TV
Kirim Tulisan
Kategori Berita
detikNews
detikFinance
detikInet
detikHot
detikSport
Sepakbola
detikOto
detikTravel
detikFood
detikHealth
Wolipop
DetikX
20Detik
detikFoto
detikEdu
detikHikmah
detikProperti
detikPop
Daerah
detikJateng
detikJatim
detikJabar
detikSulsel
detikSumut
detikBali
detikSumbagsel
detikJogja
detikKalimantan
Layanan
For Your Business
Pasang Mata
adsmart
detikEvent
Trans Snow World
Trans Studio
Flying Over Indonesia
berbuatbaik.id
ziswafctarsa.id
Signature Awards
Bingkai.id
Trans Hotel Group
Community Connect
NEW
Rekomendit
NEW
Top Up & Tagihan
Game
Paket Data
Pulsa Prabayar
Token PLN
E-wallet
BPJS Kesehatan
PLN Pascabayar
PDAM
TV & Internet
Streaming
Detik Network
Hai Bunda
CNN Indonesia
CNBC Indonesia
Beautynesia
Female Daily
CXO Media
Update Terkini ERUPSI GUNUNG di Indonesia
Di Sini
Home
detik TV
detikUpdate
Live TV
Trans TV
Trans 7
CNN Indonesia
CNBC Indonesia
View All
Signature
Detik Pagi
Detik Sore
Sosok
Indonesia Punya Kita
Program Lainnya
Politik
Peristiwa
Hukum
Ekonomi
Travel
Otomotif
Saintek
Kesehatan
Kuliner
Olahraga
Hiburan
Religi
Edu
Fashion & Beauty
Live TV
Detik TV Live TV
detik TV
Live TV Trans TV
Trans TV
Live TV Trans 7
Trans 7
CNN TV Streaming
CNN Indonesia
CNBC TV Streaming
CNBC Indonesia",sport
4,"detikNetwork adalah bagian dari CT Corp.
Satu akun MPC untuk beraktivitas di semua layanan CT Corp dan Allo Bank. Pelajari lebih lanjut.
Untuk bantuan daftar dan masuk,email ke info@detik.com",sport
5,"8 menit yang lalu
        
                        Wamendagri Dorong Percepatan Pendataan Warga Terdampak Konflik Papua                    
                
            
                 7 menit yang lalu             
        
                        Video: Alphard Seruduk Kendaraan di Surabaya, 10 Motor-3 Mobil Terdampak                    
                
            
                 9 menit yang lalu             
        
                        200 Mahasiswa Palestina Dapat Beasiswa S2 dari BAZNAS dan Kemdiktisaintek                    
                
            
                 13 menit yang lalu             
        
                        Polres Jakbar Musnahkan Barang Bukti 1 Kg Sabu hingga Ribuan Pil Ekstasi                    
                
            
                 15 menit yang lalu             
        
                        Video: Sabu Diumpetin dalam Kerupuk Plompong Ketahuan di Rutan Surabaya                    
                
            
                        Kapolda Riau dan Pangdam Cek Karhutla di Inhu, Tegaskan Upaya Kolaboratif                    
                
            
                 16 menit yang lalu             
        
                        Pemerintah Diminta Segera Terapkan Label Nutri-Level pada Pangan Olahan                    
                
            
                 18 menit yang lalu             
        
                        DPR Kaji Aspirasi Kepala Desa soal Keberlanjutan Masa Jabatan                    
                
            
                 20 menit yang lalu             
        
                        Ledakan Gas Melon di Warteg Tambora Picu Kepanikan Warga                    
                
            
                 30 menit yang lalu             
        
                        Video Janji Prabowo Beri Bonus Rp 3 M untuk Peraih Emas Asian Games 2026                    
                
            
                 32 menit yang lalu             
        
                        DPR Tegaskan Afirmasi Perempuan dalam Seleksi Penyelenggara Pemilu                    
                
            
                 34 menit yang lalu             
        
                        6 Ruko di Bogor Kebakaran Akibat Korsleting Listrik, Termasuk Kafe-Salon                    
                
            
                 44 menit yang lalu             
        
                        Prabowo-Gibran Hadiri HUT Ke-25 Partai Demokrat, Disambut SBY dan AHY                    
                
            
                 50 menit yang lalu             
        
                        Duduk Perkara Kakak-Adik Mabuk Dipukuli di Bekasi, Sempat Dikira Begal                    
                
            
                 52 menit yang lalu             
        
                        Ini Daftar Lokasi Samsat Drive Thru di Jawa Barat                    
                
            
                 55 menit yang lalu             
        
                        Tito Ungkap 4 Komponen Utama Genjot Pertumbuhan Ekonomi Daerah                    
                
            
                 1 jam yang lalu             
        
                        Hari Kedua, Tim SAR Perluas Pencarian Jurnalis dan Awak Kapal di Selat Sunda                    
                
            
                        Gen Z Tertarik pada Mao Zedong, Kenapa?                    
                
            
                 2 jam yang lalu             
        
                        Israel Balas Sanksi Inggris, Konsulat di Yerusalem Ditutup                    
                
            
                        Mendidih, AS Akan Terus Serang Kapal-kapal Tanker Iran!                    
                
            
                        Bamsoet: Ekonomi yang Kuat Perlu Keamanan dan Kepastian Berusaha                    
                
            
                        Wakapolri Buka Ruang Kritik Mahasiswa untuk Perbaikan Polri                    
                
            
                        5 Berita Terpopuler Internasional                    
                
            
                        Ketua DPRD DKI Minta Tarif Ragunan Tak Perlu Naik, Ini Alasannya                    
                
            
Komentar Terbanyak
Trump Anggap Perang Iran Sebagai 'Hal Kecil' Bagi AS
Israel Siapkan Rencana Usir Warga Gaza, Tunggu Persetujuan AS
Kepala SPPG Usai 566 Santri Sidoarjo Keracunan MBG: Mohon Maaf, Saya Menyesal",sport
6,"MARKET DATA
        Rabu, 09 Sep 2026 16:00 WIB
Data is a realtime snapshot,
delayed at least 10 minutes
2 menit yang lalu
            
				 21 menit yang lalu             
                    
				 36 menit yang lalu             
                    
				 46 menit yang lalu             
                    
				 51 menit yang lalu             
                    
				 1 jam yang lalu             
                    
 Temukan dan pasang lowongan kerja tepercaya gratis berbagai bidang dan jasa.
 
 Pasang Loker 
 
				Wawancara Eksklusif bersama Narasumber Inspiratif di Bidang Usaha.
            
            
        
				 2 jam yang lalu             
                    
				 4 jam yang lalu             
                    
				 5 jam yang lalu             
                    
				 6 jam yang lalu             
                    
				 7 jam yang lalu             
                    
				 8 jam yang lalu             
                    
					Kalkulator 
KREDIT USAHA
			
KREDIT USAHA
					Simulasikan kebutuhan modal bisnis impian Anda dengan kalkulator kredit usaha detikFinance
				
				
					Info Lanjut 
				
			
 Kamus
 
 
 Finance
 
 
 Temukan informasi seputar keuangan disini.
 
 
 
Komentar Terbanyak
Purbaya Siapkan Rp 40 T Bayar Utang Kopdes ke Bank BUMN, Jamin Tak Macet
Angka Kemiskinan Berbeda dengan Versi Bank Dunia, BPS Buka Suara
Pertamina Batalkan Rencana Beli BBM Subsidi Tunjukkan STNK",sport
7,"Sisa Kuota Internet Tak Boleh Dihapus, Pakar: Konsumen Diuntungkan
        
    
                                
            
    
        
        
        
                        Cari 5 Jurnalis Hilang, Komdigi Perkuat Kualitas Telekomunikasi
        
    
                                
            
    
        
        
        
                        Perjuangan 'Manusia Terowongan' Cari Korban Banjir Nepal di Bawah Tanah
        
    
                                
            
    
        
        
        
                        Oppo Enco Buds3s Rilis, Baterai 54 Jam Harga Rp 599 Ribu
        
    
                                
            
    
        
        
        
                        WhatsApp Uji Coba Fitur Telepon Tanpa Akun dan Aplikasi
        
    
                                
            
    
        
        
        
                        Advan Air Neo: Spesifikasi dan Harga di Indonesia
        
    
                                
            
    
        
        
        
                        Inovasi BRIN: Rumah Tahan Gempa sampai Pesawat Alap-alap Tanpa Awak
        
    
                                
            
    
        
        
        
                        Krakatau 1883 Bikin Langit Dunia Berubah Warna, Ini Penjelasan Sains
        
    
                                
            
    
        
        
        
                        Arm Mali G2-Ultra NX: Inovasi Arm Terbaru untuk HP Gaming Rasa PC
        
    
                                
            
    
        
        
        
                        Telkomsel Dorong Transformasi Digital dalam Ekosistem Logistik Nasional",sport
8,"5 Foto Hot Photo Cut Intan Nabila Kenang Keputusan Tinggalkan Anggar karena Ucapan Eks Suami 4 jam yang lalu
4 Foto Hot Photo Raniah Alaydroes Melek Akan Hal Ini Usai 11 Tahun Nikah dengan Sahil Mulachela 7 jam yang lalu
5 Foto Hot Photo Maissy di Pusara Ortu: Saat Ku Dilantik Jadi Dokter Spesialis Ada 2 Kursi Kosong 11 jam yang lalu
5 Foto Hot Photo Ayu Dewi Gak Jual Kesedihan soal Balik ke Jakarta Imbas Erupsi Anak Krakatau 13 jam yang lalu
Pelapor Ngaku Punya Rekaman CCTV Dugaan Perselingkuhan Istri dengan Suami Artis Selasa, 08 Sep 2026 16:08 WIB
Soal Kemungkinan Sarwendah Gugat Balik Ruben Onsu: Buat Masa Depan Anak Selasa, 08 Sep 2026 14:19 WIB
Sosok Didin Marlin, Musisi di Balik Sentuhan Gitar Lagu Populer Nadin Amizah Selasa, 08 Sep 2026 13:58 WIB
Katon Bagaskara Ungkap Kondisi Setelah 6 Jam Gak Bisa Pulang dari Swiss Selasa, 08 Sep 2026 12:06 WIB
Ridho Illahi Bawa Nama Satu Artis Lagi di Kasus Dugaan Penipuan dan Penggelapan Selasa, 08 Sep 2026 11:25 WIB
6 Foto Hot Photo Selamat... Inka Andestha Resmi Bergelar Sarjana Komunikasi Selasa, 08 Sep 2026 11:05 WIB
5 Foto Hot Photo Syahrini Gak Masalah Wajah Dijadikan Meme: Urusan Kita Berbuat Baik Saja Selasa, 08 Sep 2026 08:06 WIB
6 Foto Hot Photo Pengakuan Opie Kumis: Menikah 31 Kali, 4 Istri, 10 Anak dan 12 Cucu Selasa, 08 Sep 2026 07:08 WIB
6 Foto Hot Photo Brisia Jodie Gak Bisa Simpan Rahasia Lagi, Umumkan Hamil Anak Pertama Selasa, 08 Sep 2026 05:10 WIB
5 Foto Hot Photo Yeay! Azizah Salsha Lulus Pelatihan Kelas Baking dari Lenotre Paris Senin, 07 Sep 2026 22:02 WIB
Komentar Terbanyak
Ustaz Riza soal Dihujat Nge-gym sampai Dianggap Pamer Aurat
Pengakuan Opie Kumis: Menikah 31 Kali, 4 Istri, 10 Anak dan 12 Cucu
Tante Ernie Temukan Cinta Lagi",sport
9,"Informasi Berita Seputar Dunia Olahraga Terbaru
MENU
detikcom
Terpopuler
Live TV
Kirim Tulisan
Kategori Berita
detikNews
detikFinance
detikInet
detikHot
detikSport
Sepakbola
detikOto
detikTravel
detikFood
detikHealth
Wolipop
DetikX
20Detik
detikFoto
detikEdu
detikHikmah
detikProperti
detikPop
Daerah
detikJateng
detikJatim
detikJabar
detikSulsel
detikSumut
detikBali
detikSumbagsel
detikJogja
detikKalimantan
Layanan
For Your Business
Pasang Mata
adsmart
detikEvent
Trans Snow World
Trans Studio
Flying Over Indonesia
berbuatbaik.id
ziswafctarsa.id
Signature Awards
Bingkai.id
Trans Hotel Group
Community Connect
NEW
Rekomendit
NEW
Top Up & Tagihan
Game
Paket Data
Pulsa Prabayar
Token PLN
E-wallet
BPJS Kesehatan
PLN Pascabayar
PDAM
TV & Internet
Streaming
Detik Network
Hai Bunda
CNN Indonesia
CNBC Indonesia
Beautynesia
Female Daily
CXO Media
Cancel
Yang sedang ramai dicari
Loading...
Promoted
Terakhir yang dicari
Loading...
Home
MotoGP
Raket
Formula 1
Basket
Sepakbola
Sportstyle
Sport Lain
Foto Sport
Video Sport
Infografis
Indeks
Bold Riders Podium Picks
Most Popular
G-Sport
Jadwal Badminton
About The Game
0
Berita Terbaru
UPDATE
Asian Games 2026: Putri KW Pede dengan Komposisi Beregu Putri
Derrick Michael Wujudkan Mimpi Masa Kecil Tampil di Asian Games 2026
Dokter Perkirakan Kondisi Lengan Marc Marquez: Sekitar 50 Persen
Tekad Alwi Farhan Lampaui Batas di Asian Games 2026
Jadwal MotoGP San Marino 2026: Misi Marc Marquez Kejar Jorge Martin
Dari Hyrox ke 10K, Fanny Ghassani Pilih Pace Santai
1 jam yang lalu
Berita Terkait
Menjaga Gaya Hidup Sehat Lewat Hyrox
erafone Run 2026 Sukses Padukan Trail Run-Konser Musik di Tangkuban Perahu
News Feed
Indeks Berita
Enzo Fernandez Bahagia Banget Tetap Dilatih Maresca
6 menit yang lalu
Ketum KOI Memastikan Atlet Terlayani dengan Baik di Nagoya
13 menit yang lalu
Persib Sadari Pertahanan Persija Jauh Lebih Kukuh
21 menit yang lalu
'Lamine Yamal Bisa Jadi Penentu Hasil Laga Sendirian'
36 menit yang lalu
ADVERTISEMENT
SCROLL TO CONTINUE WITH CONTENT
Mbappe Tegaskan Saat ini Liga Champions Lebih Penting daripada Ballon d'Or
56 menit yang lalu
PersijaÂ Panaskan MesinÂ Jelang Jamu Persib
1 jam yang lalu
Maresca Minta Pemain City Kurang-kurangi Backpass ke Donnarumma
1 jam yang lalu
Jadwal Minggu Ini
Supported by:
Semua Liga
Liga Inggris
Liga Italia
Liga Spanyol
Liga Jerman
Liga Indonesia
Presiden FIFA Vs 100 Ribu Aduan
1 jam yang lalu
Xabi Alonso Redam Isu Estevao Mau Cabut dari Chelsea
1 jam yang lalu
Mourinho: Real Madrid Vs Inter Milan Pertandingan Gila!
2 jam yang lalu
Luis Enrique Nggak Mau Ingat-ingat PSG Juara Bertahan Liga Champions
2 jam yang lalu
Asian Games 2026: Prabowo Janjikan Bonus Rp 3 M untuk Peraih Emas
2 jam yang lalu
Arsenal Masih 100%, Pede Banget Tantang Napoli
2 jam yang lalu
Raheem Sterling Tolak Tawaran Main di Klub Ini
2 jam yang lalu
Rizki Juniansyah Siap Debut di Asian Games 2026, Naik Kelas ke 85 Kg
3 jam yang lalu
Head-to-Head Persija Vs Persib: 10 Laga Terbaru Macan Kemayoran Kurang Oke
3 jam yang lalu
Legenda Timnas Prancis Sebut Mbappe Tak Layak Raih Ballon d'Or 2026
3 jam yang lalu
Mourinho: Inter Milan Tim Terbaik Italia
3 jam yang lalu
Napoli Vs Arsenal: Calafiori Nantikan Gemuruh Stadion Maradona
4 jam yang lalu
Yamal Cuma Kurang Trofi Liga Champions, Bertekad Juara di Musim Ini
4 jam yang lalu
Inter Milan Pulang dari Bernabeu dengan Kepala Tegak
4 jam yang lalu
Arsenal Mau Buka Liga Champions dengan 'Wow'
4 jam yang lalu
Persija Vs Persib: Perang Penggawa Timnas Indonesia!
5 jam yang lalu
Mourinho Selamatkan Vinicius dari Cemooh Suporter Real Madrid
5 jam yang lalu
Inter Milan Membayar Mahal Blunder-blunder Lini Belakang
5 jam yang lalu
CdM Todotua: Kami Monitoring Terus Kondisi di Nagoya
6 jam yang lalu
Ngerinya Haaland di Liga Champions: Satu Gol Per Laga
6 jam yang lalu
Mengapa Lionel Messi Masuk Nominasi Ballon d'Or 2026?
6 jam yang lalu
Asian Games 2026: Banjir Landa Nagoya, Menpora Yakin Jepang Punya Plan B
6 jam yang lalu
Fix! Persija Menjamu Persib di SUGBK
6 jam yang lalu
Australia Gagal ke Piala Asia U-20, Pemain Diaspora Indonesia Dibawa-bawa
7 jam yang lalu
Beda Nasib Dua Mbappe
7 jam yang lalu
Napoli Vs Arsenal: Il Partenopei Pincang
7 jam yang lalu
Haaland Samai Aguero, Jadi Top Skor Man City di Liga Champions
8 jam yang lalu
Michael Carrick Puas dengan Performa Rashford
8 jam yang lalu
Ketum KOI dan Menpora Mengukuhkan Tim Indonesia untuk Asian Games 2026
8 jam yang lalu
Liga Champions: John McGinn Cetak Gol Pembuka Musim, Gabung Messi-Ronaldo
8 jam yang lalu
Video Arteta Siap Tantang Napoli di Liga Champions: Rekor Kandang Mereka Kuat!
8 jam yang lalu
Lautaro Martinez Hanya Bisa Ucapkan Terima Kasih kepada Lionel Messi
9 jam yang lalu
Courtois Masuk 'Klub 100 Liga Champions', Kiper ke-8 dalam Daftar
9 jam yang lalu
Milan Punya Gaya Main yang Jelas di Bawah Asuhan Amorim
9 jam yang lalu
Jadwal Liga Champions Malam Ini: Arsenal, Liverpool, dan Barcelona Main
10 jam yang lalu
Chivu Tak Marah Inter Bikin Salah: Yang Penting Reaksinya
10 jam yang lalu
Top Skor Liga Champions: Haaland, Guirassy, dan Bartra Sama-sama 2 Gol
10 jam yang lalu
Video: Pelatih FC Porto Akui Haaland Salah Satu Striker Terbaik Dunia
11 jam yang lalu
Messi Segera Akuisisi Klub Divisi Dua Spanyol
11 jam yang lalu
Lamine Yamal Tak Akan Memohon agar Menang Ballon d'Or
11 jam yang lalu
MotoGP San Marino 2026: Jaga Puncak Klasemen Bukan Prioritas Jorge Martin
11 jam yang lalu
Porto Vs Man City Panas, Haaland Ribut dengan Rosario
11 jam yang lalu
Video: Pertandingan Liga Champions Beri Penghormatan ke Korban Banjir Nepal
12 jam yang lalu
Indeks Berita
Klasemen
Liga Inggris
Liga Italia
Liga Spanyol
Liga Jerman
Liga Indonesia
Supported by:
Selengkapnya
Tag Terpopuler
#
liga champions
#
ballon d'or 2026
#
real madrid
#
inter milan
#
liga spanyol
Berita Terpopuler
#1
Maresca Minta Pemain City Kurang-kurangi Backpass ke Donnarumma
#2
Mourinho: Real Madrid Vs Inter Milan Pertandingan Gila!
#3
Xabi Alonso Redam Isu Estevao Mau Cabut dari Chelsea
#4
Raheem Sterling Tolak Tawaran Main di Klub Ini
#5
Inter Milan Pulang dari Bernabeu dengan Kepala Tegak
Lihat Selengkapnya
Hide Ads",sport
10,"Berita Sepakbola Terbaru Nasional dan Internasional
MENU
detikcom
Terpopuler
Live TV
Kirim Tulisan
Kategori Berita
detikNews
detikFinance
detikInet
detikHot
detikSport
Sepakbola
detikOto
detikTravel
detikFood
detikHealth
Wolipop
DetikX
20Detik
detikFoto
detikEdu
detikHikmah
detikProperti
detikPop
Daerah
detikJateng
detikJatim
detikJabar
detikSulsel
detikSumut
detikBali
detikSumbagsel
detikJogja
detikKalimantan
Layanan
For Your Business
Pasang Mata
adsmart
detikEvent
Trans Snow World
Trans Studio
Flying Over Indonesia
berbuatbaik.id
ziswafctarsa.id
Signature Awards
Bingkai.id
Trans Hotel Group
Community Connect
NEW
Rekomendit
NEW
Top Up & Tagihan
Game
Paket Data
Pulsa Prabayar
Token PLN
E-wallet
BPJS Kesehatan
PLN Pascabayar
PDAM
TV & Internet
Streaming
Detik Network
Hai Bunda
CNN Indonesia
CNBC Indonesia
Beautynesia
Female Daily
CXO Media
Cancel
Yang sedang ramai dicari
Loading...
Promoted
Terakhir yang dicari
Loading...
Home
Liga Inggris
Liga Italia
Liga Spanyol
Liga Jerman
Liga Indonesia
UEFA
Dunia
Indeks
detikSport
Terpopuler
Jadwal Pertandingan
Klasemen Liga
Hasil Pertandingan
Man of The Match
Gila Bola
Foto
Video
Infografis
Liga Inggris
Liga Italia
Liga Spanyol
Liga Indonesia
Manchester City
Arsenal
Hull City
Chelsea
Brentford
Newcastle United
Liverpool
Everton
Leeds United
Brighton & Hove Albion
Manchester United
Sunderland
Ipswich Town
Crystal Palace
AFC Bournemouth
Nottingham Forest
Tottenham Hotspur
Aston Villa
Fulham
Coventry City
0
Berita Terbaru
UPDATE
Real Madrid Vs Inter Milan: Blunder Fatal Josep Martinez
Dicoret Dembele, Lamine Yamal: Dia kan Teman Mbappe!
Porto Vs Man City Panas, Haaland Ribut dengan Rosario
Klasemen Sementara Liga Champions: Man City di Puncak
Hasil Liga Champions Tadi Malam: Real Madrid dan Man City Menang
Enzo Fernandez Bahagia Banget Tetap Dilatih Maresca
6 menit yang lalu
Berita Terkait
Haaland Minim Pramusim, Khawatir Performanya Turun
Carrick Sebut MU Baik-baik saja
News Feed
Indeks Berita
Persib Sadari Pertahanan Persija Jauh Lebih Kukuh
22 menit yang lalu
Jadwal Minggu Ini
Supported by:
Semua Liga
Liga Inggris
Liga Italia
Liga Spanyol
Liga Indonesia
'Lamine Yamal Bisa Jadi Penentu Hasil Laga Sendirian'
37 menit yang lalu
Mbappe Tegaskan Saat ini Liga Champions Lebih Penting daripada Ballon d'Or
56 menit yang lalu
PersijaÂ Panaskan MesinÂ Jelang Jamu Persib
1 jam yang lalu
ADVERTISEMENT
SCROLL TO CONTINUE WITH CONTENT
Polling
Maresca Minta Pemain City Kurang-kurangi Backpass ke Donnarumma
1 jam yang lalu
Presiden FIFA Vs 100 Ribu Aduan
1 jam yang lalu
Xabi Alonso Redam Isu Estevao Mau Cabut dari Chelsea
1 jam yang lalu
Mourinho: Real Madrid Vs Inter Milan Pertandingan Gila!
2 jam yang lalu
Luis Enrique Nggak Mau Ingat-ingat PSG Juara Bertahan Liga Champions
2 jam yang lalu
Arsenal Masih 100%, Pede Banget Tantang Napoli
2 jam yang lalu
Raheem Sterling Tolak Tawaran Main di Klub Ini
2 jam yang lalu
Head-to-Head Persija Vs Persib: 10 Laga Terbaru Macan Kemayoran Kurang Oke
3 jam yang lalu
Legenda Timnas Prancis Sebut Mbappe Tak Layak Raih Ballon d'Or 2026
3 jam yang lalu
Mourinho: Inter Milan Tim Terbaik Italia
3 jam yang lalu
Napoli Vs Arsenal: Calafiori Nantikan Gemuruh Stadion Maradona
4 jam yang lalu
Yamal Cuma Kurang Trofi Liga Champions, Bertekad Juara di Musim Ini
4 jam yang lalu
Inter Milan Pulang dari Bernabeu dengan Kepala Tegak
4 jam yang lalu
Arsenal Mau Buka Liga Champions dengan 'Wow'
4 jam yang lalu
Persija Vs Persib: Perang Penggawa Timnas Indonesia!
5 jam yang lalu
Mourinho Selamatkan Vinicius dari Cemooh Suporter Real Madrid
5 jam yang lalu
Inter Milan Membayar Mahal Blunder-blunder Lini Belakang
5 jam yang lalu
Ngerinya Haaland di Liga Champions: Satu Gol Per Laga
6 jam yang lalu
Mengapa Lionel Messi Masuk Nominasi Ballon d'Or 2026?
6 jam yang lalu
Fix! Persija Menjamu Persib di SUGBK
6 jam yang lalu
Australia Gagal ke Piala Asia U-20, Pemain Diaspora Indonesia Dibawa-bawa
7 jam yang lalu
Beda Nasib Dua Mbappe
7 jam yang lalu
Napoli Vs Arsenal: Il Partenopei Pincang
7 jam yang lalu
Haaland Samai Aguero, Jadi Top Skor Man City di Liga Champions
8 jam yang lalu
Michael Carrick Puas dengan Performa Rashford
8 jam yang lalu
Liga Champions: John McGinn Cetak Gol Pembuka Musim, Gabung Messi-Ronaldo
8 jam yang lalu
Video Arteta Siap Tantang Napoli di Liga Champions: Rekor Kandang Mereka Kuat!
9 jam yang lalu
Lautaro Martinez Hanya Bisa Ucapkan Terima Kasih kepada Lionel Messi
9 jam yang lalu
Courtois Masuk 'Klub 100 Liga Champions', Kiper ke-8 dalam Daftar
9 jam yang lalu
Milan Punya Gaya Main yang Jelas di Bawah Asuhan Amorim
9 jam yang lalu
Jadwal Liga Champions Malam Ini: Arsenal, Liverpool, dan Barcelona Main
10 jam yang lalu
Chivu Tak Marah Inter Bikin Salah: Yang Penting Reaksinya
10 jam yang lalu
Top Skor Liga Champions: Haaland, Guirassy, dan Bartra Sama-sama 2 Gol
10 jam yang lalu
Video: Pelatih FC Porto Akui Haaland Salah Satu Striker Terbaik Dunia
11 jam yang lalu
Messi Segera Akuisisi Klub Divisi Dua Spanyol
11 jam yang lalu
Lamine Yamal Tak Akan Memohon agar Menang Ballon d'Or
11 jam yang lalu
Porto Vs Man City Panas, Haaland Ribut dengan Rosario
11 jam yang lalu
Video: Pertandingan Liga Champions Beri Penghormatan ke Korban Banjir Nepal
12 jam yang lalu
Pemain Dortmund Dilarikan ke RS usai Tumbang saat Melawan Villarreal
12 jam yang lalu
Martinez Doakan Alvarez Cepat Move On usai Gagal ke Barcelona
12 jam yang lalu
Mac Allister Sedih Tak Ditawari Kontrak Baru di Liverpool
12 jam yang lalu
Bos-bos Como Berikan Jatah Tiket Liga Champions ke Suporter Lansia
13 jam yang lalu
Klasemen Sementara Liga Champions: Man City di Puncak
13 jam yang lalu
Dicoret Dembele, Lamine Yamal: Dia kan Teman Mbappe!
14 jam yang lalu
Real Madrid Vs Inter Milan: Blunder Fatal Josep Martinez
14 jam yang lalu
Hasil Liga Champions Tadi Malam: Real Madrid dan Man City Menang
14 jam yang lalu
Indeks Berita
Jadwal Hari Ini
Semua Liga
Liga Inggris
Liga Italia
Liga Spanyol
Liga Indonesia
Selengkapnya
Klasemen
Liga Inggris
Liga Italia
Liga Spanyol
Liga Indonesia
Supported by:
Selengkapnya
Berita Terpopuler
#1
Maresca Minta Pemain City Kurang-kurangi Backpass ke Donnarumma
#2
Mourinho: Real Madrid Vs Inter Milan Pertandingan Gila!
#3
Xabi Alonso Redam Isu Estevao Mau Cabut dari Chelsea
#4
Raheem Sterling Tolak Tawaran Main di Klub Ini
#5
Inter Milan Pulang dari Bernabeu dengan Kepala Tegak
Lihat Selengkapnya
Komentar Terbanyak
21
Komentar
Messi Pensiun dari Timnas, Mourinho: Pemain yang Akan Kita Rindukan
18
Komentar
Madrid Kalah, Mourinho Sindir Real Betis
18
Komentar
Daftar Nominasi Ballon d'Or 2026 Rilis, Ada Nama Messi
Hide Ads
Komentar Terbanyak
Messi Pensiun dari Timnas, Mourinho: Pemain yang Akan Kita Rindukan
Madrid Kalah, Mourinho Sindir Real Betis
Daftar Nominasi Ballon d'Or 2026 Rilis, Ada Nama Messi",sport
11,"52 menit yang lalu
            
			16 menit yang lalu        
    
			3 jam yang lalu        
    
			4 jam yang lalu        
    
			5 jam yang lalu        
    
			6 jam yang lalu        
    
			8 jam yang lalu        
    
			9 jam yang lalu        
    
			10 jam yang lalu        
    
			11 jam yang lalu        
    
			13 jam yang lalu        
    
			Selasa, 08 Sep 2026 20:14 WIB        
    
			Selasa, 08 Sep 2026 19:30 WIB        
    
			Selasa, 08 Sep 2026 19:20 WIB        
    
			Selasa, 08 Sep 2026 19:00 WIB        
    
			Selasa, 08 Sep 2026 18:39 WIB        
    
			Selasa, 08 Sep 2026 18:07 WIB        
    
			Selasa, 08 Sep 2026 17:18 WIB        
    
			Selasa, 08 Sep 2026 16:45 WIB        
    
			Selasa, 08 Sep 2026 16:05 WIB        
    
			Selasa, 08 Sep 2026 15:19 WIB        
    
			Selasa, 08 Sep 2026 14:58 WIB        
    
			Selasa, 08 Sep 2026 14:41 WIB        
    
			Selasa, 08 Sep 2026 14:17 WIB        
    
			Selasa, 08 Sep 2026 13:15 WIB        
    
			Selasa, 08 Sep 2026 12:38 WIB        
    
			Selasa, 08 Sep 2026 12:09 WIB        
    
			Selasa, 08 Sep 2026 11:32 WIB        
    
			Selasa, 08 Sep 2026 11:09 WIB        
    
			Selasa, 08 Sep 2026 10:51 WIB        
    
			Selasa, 08 Sep 2026 10:04 WIB        
    
			Selasa, 08 Sep 2026 09:32 WIB        
    
			Selasa, 08 Sep 2026 09:07 WIB        
    
			Selasa, 08 Sep 2026 08:12 WIB        
    
			Selasa, 08 Sep 2026 07:37 WIB        
    
			Selasa, 08 Sep 2026 07:09 WIB        
    
			Senin, 07 Sep 2026 20:15 WIB        
    
			Senin, 07 Sep 2026 19:45 WIB        
    
                Kalkulator 
KREDIT KENDARAAN
BERMOTOR
        KREDIT KENDARAAN
BERMOTOR
                Simulasikan kredit mobil dan motor impian dengan kalkulator kredit kendaraan bermotor detikOto
            
            Info Lanjut 
        
Komentar Terbanyak
Mobil Listrik BYD Picu Kecelakaan Maut di Jakbar, Pasutri dan Anak Tewas
Konsumsi Meledak, Harga Pertalite Bakal Naik?
Lihat Stiker Ini Nempel di Bus? Jangan Naik Ya, Pokoknya Jangan!",sport
12,"Travel Highlights
            
            
                Kumpulan artikel pilihan oleh redaksi detikTravel
            
        
                        9 Konten
                    
                
                        35 Konten
                    
                
    			11 jam yang lalu            
                    
    			3 jam yang lalu            
                    
    			4 jam yang lalu            
                    
    			5 jam yang lalu            
                    
    			6 jam yang lalu            
                    
    			8 jam yang lalu            
                    
    			9 jam yang lalu            
                    
    			12 jam yang lalu            
                    
    			15 jam yang lalu            
                    
    			23 jam yang lalu            
                    
    			Selasa, 08 Sep 2026 20:15 WIB            
                    
    			Selasa, 08 Sep 2026 20:00 WIB            
                    
    			Selasa, 08 Sep 2026 19:43 WIB            
                    
    			Selasa, 08 Sep 2026 19:30 WIB            
                    
    			Selasa, 08 Sep 2026 19:03 WIB            
                    
    			Selasa, 08 Sep 2026 18:41 WIB            
                    
    			Selasa, 08 Sep 2026 18:03 WIB            
                    
    			Selasa, 08 Sep 2026 17:40 WIB            
                    
    			Selasa, 08 Sep 2026 17:12 WIB            
                    
Komentar Terbanyak
Bandara Supadio Kacau, Penumpang Gelar Demo dan Nginap Masal
Jembatan Cirahong Bersolek, Cagar Budaya Peninggalan 1893 Kembali Dipercantik
Wisatawan Jepang Jadi Wisatawan Paling Sopan di Dunia, AS Paling Royal",sport
13,"3 Resep Jajanan Tradisional Serba Pandan, Ada Putu Ayu hingga Klepon BACA SEKARANG Resep Oseng Daun dan Bunga Pepaya Campur Teri yang Sedap BACA SEKARANG 3 Resep Sate Ayam Berbumbu Nendang, ala Taichan hingga Madura BACA SEKARANG 3 Resep Nasi Khas Nusantara Buat Teman Makan Siang yang Praktis BACA SEKARANG Keren! WNI Ini Berhasil Masak 500 Porsi Makanan Uganda untuk Konferensi BACA SEKARANG",sport
14,"5 Foto Foto Health DBD dan Campak Menyerang, Rumah Sakit di Dhaka Rawat Banyak Pasien Anak 35 menit yang lalu
Viral Siswi di Karo Disebut 'Hilang Ingatan' usai Keracunan MBG, Ini Kata Kemenkes RI 4 jam yang lalu
Infografis Infografis Infografis: 10 Wilayah RI dengan Suhu Terpanas pada Awal September 5 jam yang lalu
Minum Manis Tiap Hari Picu Risiko Kanker Lambung Naik 2 Kali Lipat? Begini Kata Dokter 6 jam yang lalu
Crosslink Soal Korban Keracunan MBG di Karo Disebut Hilang Ingatan, KPPG Medan Buka Suara 7 jam yang lalu
Infografis Infografis Infografis: BGN Targetkan 72,46 Juta Penerima Manfaat MBG pada 2027 8 jam yang lalu
Kolom Gizi Abu Vulkanik Bisa Picu Stres Oksidatif, Ini Makanan yang Bantu Jaga Tubuh 12 jam yang lalu
Jangan Suruh Langsung Tenang, Ini Cara Membantu Orang yang Lagi Anxiety Selasa, 08 Sep 2026 20:15 WIB
Infografis Infografis Infografis: BGN Tutup Sementara 1.999 SPPG, Ini Alasannya Selasa, 08 Sep 2026 19:07 WIB
Mendadak Punya Asma usai Terpapar Abu Vulkanik? Dokter Paru Ungkap Kemungkinannya Selasa, 08 Sep 2026 18:07 WIB
Viral Wanita Jepang Melahirkan Anak Ke-7 di Tengah Krisis Bayi Negaranya Selasa, 08 Sep 2026 17:06 WIB
Kisah Pilu Remaja di Bogor Dibully dan Putus Sekolah karena Idap Obesitas Selasa, 08 Sep 2026 16:10 WIB
Terus Terpapar Berita Buruk, Begini Cara Mengatasi Cemas Menurut Psikolog Selasa, 08 Sep 2026 15:05 WIB
Abu Vulkanik Bisa Picu Inflamasi, Ini Makanan yang Bantu Lindungi Tubuh Selasa, 08 Sep 2026 13:35 WIB
Mendadak Apatis Diterpa 'Badai Informasi' Bencana? Psikolog Ungkap Alasannya Selasa, 08 Sep 2026 13:07 WIB
Kemenkes Siagakan 413 RS dan 830 Puskesmas Hadapi Dampak Erupsi Anak Krakatau Selasa, 08 Sep 2026 12:07 WIB
Dikaitkan Erupsi Gunung Anak Krakatau, Apa Itu Gas SO2 dan Dampaknya ke Paru? Selasa, 08 Sep 2026 11:34 WIB
Kisah Pria Dapat Donor Ginjal dari Hewan Babi, Bisa Bertahan Hidup 271 Hari Selasa, 08 Sep 2026 09:04 WIB
Hospital Expo Ke-38 Bakal Pamerkan Alat Kesehatan Berteknologi Terkini-A Selasa, 08 Sep 2026 08:03 WIB
Kemenkes Ancam Pidanakan Penimbun Masker di Tengah Erupsi Anak Krakatau Selasa, 08 Sep 2026 08:01 WIB
Salah-salah Malah Terhirup, Ini Cara Aman Bersihkan Rumah dari Abu Vulkanik Selasa, 08 Sep 2026 07:03 WIB
Kadar Air 86 Persen, Apakah 'Minuman Rasa Susu' Termasuk Susu? Ini Faktanya Selasa, 08 Sep 2026 06:07 WIB
Round Up 5 Fakta Penting Soal Masker, Banyak Diburu saat Anak Krakatau Muntahkan Abu Selasa, 08 Sep 2026 05:04 WIB
Bukan Masker Basah, Kemenkes Ungkap Jenis Masker yang Ampuh Tangkal Abu Vulkanik Senin, 07 Sep 2026 20:33 WIB
Jangankan Dibasahi, Lembap Kena Uap Pernapasan Saja Masker Harus Rutin Diganti Senin, 07 Sep 2026 20:03 WIB
Infografis Infografis Infografis: 13 Rekomendasi IDAI untuk Lindungi Anak dari Paparan Abu Vulkanik Senin, 07 Sep 2026 19:02 WIB
Waspadai Silikosis, Paru-paru Kaku karena Kebanyakan Menghirup Abu Vulkanik Senin, 07 Sep 2026 18:06 WIB
Komentar Terbanyak
Kepala BGN Sebut 80 Persen Penyebab Keracunan MBG gegara Pelanggaran SOP Waktu
Masker Mendadak Mahal Imbas Abu Anak Krakatau, Naik hingga 10 Kali Lipat
BGN Resmi Tutup Sementara 1.999 Dapur MBG yang Belum Daftar SLHS",sport
15,"7 Potret Pernikahan Rafi Anak Adjie Pangestu, Usung Adat Aceh dan Jawa Putra Adjie Pangestu dan Annisa Trihapsari, Rafi Pangestu, telah resmi menikah. Acara pernikahan digelar dengan mengusung adat tradisional Aceh dan Jawa. Potret Hari Pertama Pangeran George di Eton, Diantar William-Kate Middleton It's a full-circle moment. Pangeran George mengikuti jejak ayahnya belajar di Eton. Berikut potret hari pertamanya sekolah. Dikenal Realistis, Ini Cara Tepat Menaklukkan Hati Wanita Virgo Temukan cara menjalin hubungan dengan wanita Virgo. Pelajari karakter, tips, dan cara menghargai cinta mereka yang tulus dan konsisten.",sport
16,"spotlight
            Senin, 07 Sep 2026
            
            
    Seporsi MBG Sebelum Trauma Keracunan
Keracunan akibat MBG terus berulang. Pencopotan kepala SPPG dan penutupan dapur sementara dinilai belum menyentuh akar masalah.
Selengkapnya...",sport
17,"Live
                                
                                
                            
                            
                        Kategori Berita
 Daerah
 Layanan
 Top Up & Tagihan
 Detik Network
								BGN melarang penggunaan sejumlah produk minuman rasa susu hingga susu kental manis (SKM) dalam menu Makan Bergizi Gratis (MBG).
							
							Selengkapnya!								
							
						
								Ruko yang diduga dijadikan tempat perekrutan pencari kerja bodong di Jalan Raya Pasar Minggu ini sempat viral dan kini telah tutup dan tergembok. Gimana kesaksiannya?							
							Selengkapnya!								
							
						
								Magma Indonesia melaporkan empat gunung berapi mengalami erupsi pada Rabu (9/9). Empat gunung yang erupsi ini adalah Gunung Ibu, Anak Krakatau, Semeru, dan Ili Lewotolok.							
							Selengkapnya!								
							
						
								Seorang pelajar bernama Febiona Purba (16) mengalami kejang sebelum akhirnya berbicara seperti anak-anak setelah sempat mengonsumsi Makan Bergizi Gratis (MBG).
Kasus ini menjadi sorotan Gubernur Sumatra Utara Bobby Nasution.
							
							Tonton di Sini!								
							
						
								Gus Ipul menyebut data tersebut sudah dimutakhirkan dan Eva kini tidak lagi masuk Desil 4. Ia juga memastikan Eva belum pernah menerima bansos.
							
							Klik di Sini								
							
						
								Kepala Badan Gizi Nasional (BGN), Sudaryono, baru aja resmi nutup sementara 1.999 dapur Makan Bergizi Gratis (MBG) di seluruh Indonesia!							
							Selengkapnya!								
							
						
								Adidas menyampaikan permohonan maaf usai menuai kritik dan seruan boikot dari publik karena kampanye iklan layanan Single Shoe di Israel yang melibatkan seorang mantan tentara militer sebagai modelnya.							
							Simak di Sini								
							
						
Headline
	
                09 Sep 2026            
        Karhutla di Tanah Air
                Kebakaran hutan dan lahan terjadi di beberapa wilayah di Indonesia, salah satunya Kalimantan. Simak di sini untuk update terkait Karhutla.
                Lihat Selengkapnya
                    
                
            
                29 Agu 2026            
        
                26 Agu 2026            
        
                22 Agu 2026            
        
                19 Agu 2026            
        
                08 Sep 2026            
        
                06 Sep 2026            
        
                30 Agu 2026            
        
                13 Agu 2026            
        
                04 Agu 2026            
        
                02 Agu 2026            
        
                31 Jul 2026            
        
                19 Jul 2026            
        Sabtu, 05 Sep 2026 18:45 WIB
                        Minggu, 06 Sep 2026 19:37 WIB
                        Minggu, 06 Sep 2026 07:10 WIB
                        Minggu, 30 Agu 2026 12:42 WIB
                        Minggu, 30 Agu 2026 09:40 WIB
                        Selasa, 01 Sep 2026 10:21 WIB
                        Minggu, 30 Agu 2026 07:11 WIB
                        Sabtu, 05 Sep 2026 13:02 WIB",sport
18,"5 Foto Foto Health DBD dan Campak Menyerang, Rumah Sakit di Dhaka Rawat Banyak Pasien Anak 36 menit yang lalu
6 Foto Foto News Hari Kedua, Tim SAR Perluas Pencarian Jurnalis dan Awak Kapal di Selat Sunda 1 jam yang lalu",sport
19,"Video: Mau Tahu Soal PISA yang Jadi Dasar Pengukuran Membaca Hingga Matematika? Berikut Contohnya! 11 jam yang lalu
Skor PISA Siswa Indonesia dari 2000 hingga 2025, Tahun Mana yang Tertinggi? Selasa, 08 Sep 2026 20:01 WIB
Kedubes AS Buka Pendaftaran Pertukaran Pelajar SMA-SMK-MA, Tutup Seminggu Lagi! Selasa, 08 Sep 2026 19:30 WIB
Sekolah Jakarta Kembali Belajar Tatap Muka Besok, Siswa Diminta Pakai Masker Selasa, 08 Sep 2026 18:08 WIB
BRIN Ikut Pantau Erupsi Gunung Anak Krakatau, Pastikan Tak Ada Potensi Tsunami Selasa, 08 Sep 2026 17:00 WIB
Berkaca dari India, Kepala BRIN Ingin Kampus Dampingi Startup Buat Inovasi Canggih Selasa, 08 Sep 2026 16:30 WIB
Siap-siap! BRIN Gelar Pameran Inovasi Terbesar IISE 2026 Desember Mendatang Selasa, 08 Sep 2026 16:00 WIB
Komentar Terbanyak
Mendikti Evaluasi Semua Pimpinan Perguruan Tinggi Imbas Korupsi Rektor Unsoed
Jika Desil Berubah, Apakah KIP Kuliah Langsung Stop? Begini Jawaban Kemdiktisaintek
Wamen Stella: Hanya 50 Persen Murid SMA di China yang Masuk Perguruan Tinggi",sport
20,"JADWAL SHOLAT
            
        
    09 September 2026 / 1447H
        2 jam 20 menit
            16:11
            Menuju Maghrib
        Imsak
                04:24
            Subuh
                04:34
            Dzuhur
                11:54
            Ashar
                15:09
            Magrib
                17:54
            Isya'
                19:03
            Sumber: Bimas Islam, Kementerian Agama RI.
    
        Selengkapnya
    
		
		
		
37 menit yang lalu
            
                        5 Cara Menggunakan Uang Bansos agar Jadi Rezeki yang Berkah                    
                
            
                2 jam yang lalu            
                    
                        Canggih! Saudi Hadirkan AI Pandu Jemaah Tawaf-Sai                    
                
            
 Konsultasikan Kebutuhan dan Masalah Seputar Islam bersama Ustaz/Ustazah Secara Gratis di Sini
 Kirim Pertanyaan 
 
 
 
                        Punya Tabungan tapi Masih Punya Utang, Wajib Haji atau Tidak?                    
                
            
                4 jam yang lalu            
                    
                        Benarkah Harus Mengqadha Salat Jika Tidak Diterima 40 Hari?                    
                
            
                6 jam yang lalu            
                    
                        Memalsukan Data demi Mendapat Bansos, Apa Hukumnya dalam Islam?                    
                
            
                8 jam yang lalu            
                    
                        Arab Saudi Hadiahkan Sabuk Kiswah Ka'bah kepada Liga Arab                    
                
            
                9 jam yang lalu            
                    
                        Hadits tentang Niat dan Keutamaan Pahala Niat Baik                    
                
            
                11 jam yang lalu            
                    
                        DNA Bisa Buktikan Hubungan Darah, tetapi Bagaimana dengan Nasab?                    
                
            
                        Bolehkah Haji Berkali-kali? Ini Hukumnya dalam Islam                    
                
            
                12 jam yang lalu            
                    
                        Hukum Membaca Surah Pendek Setelah Al-Fatihah dalam Salat                    
                
            
                13 jam yang lalu            
                    
                        Doa Memakai Pakaian Lengkap Arab, Latin, dan Artinya                    
                
            
                14 jam yang lalu            
                    
                        7 Dosa yang Sering Tidak Disadari Kaum Muslimah                    
                
            
                        Niat Puasa Nazar Arab, Latin, Arti, Hukum dan Syarat Sahnya                    
                
            
                15 jam yang lalu            
                    
                        Bacaan Setelah Sholat Tahajud, Apakah Wajib Diamalkan?                    
                
            
                23 jam yang lalu            
                    
                        Ini Alasan Allah SWT Menciptakan Gunung, Dijelaskan dalam Surah An-Nahl Ayat 15                    
                
            
                Selasa, 08 Sep 2026 20:00 WIB            
                    
                        Soetta Kembali Buka, Kemenhaj Pastikan Jemaah Umrah Di-reschedule Tanpa Biaya                    
                
            
                Selasa, 08 Sep 2026 19:15 WIB            
                    
                        Doa setelah Membaca Surah Al-Waqiah agar Rezeki Dimudahkan                    
                
            
                Selasa, 08 Sep 2026 18:33 WIB            
                    
                        Militer Israel Lempar Granat Kejut ke Jemaah di Masjid Tepi Barat                    
                
            
                Selasa, 08 Sep 2026 17:45 WIB            
                    
                        Viral Masjid di Klaten Jadi Dapur MBG, Bagaimana Hukumnya dalam Islam?                    
                
            
                Selasa, 08 Sep 2026 17:00 WIB            
                    
                        KH Ahmad Fudholi Berpulang, Ini Kronologi Kecelakaan yang Dialaminya                    
                
            
                Selasa, 08 Sep 2026 16:15 WIB            
                    
                        Profil KH Ahmad Fudholi, Ulama Tangerang yang Wafat Usai Kecelakaan                    
                
            
                Selasa, 08 Sep 2026 15:30 WIB            
                    
                        Muslim World League Luncurkan Ensiklopedia Digital Mukjizat Ilmiah Al-Qur'an dan Sunnah                    
                
            
                Selasa, 08 Sep 2026 14:45 WIB            
                    
                        Dua Musim Haji dalam Setahun Pernah Terjadi pada 2006, Kapan Terulang Lagi?                    
                
            
                Selasa, 08 Sep 2026 14:00 WIB            
                    
Komentar Terbanyak
Haedar Nashir Tegaskan Warga Muhammadiyah Boleh Berduka dan Mendoakan Jenazah
Muktamar NU Tegaskan Anggaran Pendidikan Tak untuk Biayai MBG
75 Ribu Orang Daftar Petugas Haji, yang Diterima Kurang dari 1.000",sport
21,"Simulasi KPR
Alat untuk membantu Anda menghitung cicilan bulanan KPR
							Selengkapnya
						
					
    			5 jam yang lalu            
                    
    			8 jam yang lalu            
                    
 Tanya Properti
 
 
 
 Konsultasikan Kebutuhan dan Masalah Seputar Hunian Anda bersama Ahli Secara Gratis di Sini
 
 
 
        Kepemilikan Rumah
    
    
								Pelajari cara melunasi KPR lebih cepat dengan langkah-langkah praktis, mulai dari persiapan dokumen hingga pengambilan berkas setelah pelunasan.							
						
								KPR jadi pilihan untuk membeli rumah, namun pengajuan tidak otomatis disetujui. Bank menilai kemampuan bayar calon debitur berdasarkan penghasilan dan dokumen.							
						
								Masyarakat yang memiliki tanah tanpa sertifikat dapat memanfaatkan program PTSL untuk mendaftar dan mendapatkan sertifikat. Biaya tambahan mungkin diperlukan.							
						
    			14 jam yang lalu            
                    
    			Selasa, 08 Sep 2026 19:02 WIB            
                    
    			Selasa, 08 Sep 2026 18:18 WIB            
                    
    			Selasa, 08 Sep 2026 17:23 WIB            
                    
    			Selasa, 08 Sep 2026 16:33 WIB            
                    
    			Selasa, 08 Sep 2026 15:45 WIB            
                    
    			Selasa, 08 Sep 2026 14:16 WIB            
                    
    			Selasa, 08 Sep 2026 13:31 WIB            
                    
    			Selasa, 08 Sep 2026 12:45 WIB            
                    
    			Selasa, 08 Sep 2026 11:12 WIB            
                    
    			Selasa, 08 Sep 2026 10:03 WIB            
                    
Komentar Terbanyak
Terganjal Gugatan Hercules Cs, Rusun di Tanah Abang Belum Bisa Dibangun
Asal Usul Lahan Tanah Abang yang Diklaim Hercules Cs, Benarkah Milik Negara?
Beli Rumah Super Mewah Rp 75 M, Pasutri Ini Gugat Penjual Gara-gara Tetangga",sport
22,"Info Berita Pop Terbaru - Detik Pop
MENU
detikcom
Terpopuler
Live TV
Kirim Tulisan
Kategori Berita
detikNews
detikFinance
detikInet
detikHot
detikSport
Sepakbola
detikOto
detikTravel
detikFood
detikHealth
Wolipop
DetikX
20Detik
detikFoto
detikEdu
detikHikmah
detikProperti
detikPop
Daerah
detikJateng
detikJatim
detikJabar
detikSulsel
detikSumut
detikBali
detikSumbagsel
detikJogja
detikKalimantan
Layanan
For Your Business
Pasang Mata
adsmart
detikEvent
Trans Snow World
Trans Studio
Flying Over Indonesia
berbuatbaik.id
ziswafctarsa.id
Signature Awards
Bingkai.id
Trans Hotel Group
Community Connect
NEW
Rekomendit
NEW
Top Up & Tagihan
Game
Paket Data
Pulsa Prabayar
Token PLN
E-wallet
BPJS Kesehatan
PLN Pascabayar
PDAM
TV & Internet
Streaming
Detik Network
Hai Bunda
CNN Indonesia
CNBC Indonesia
Beautynesia
Female Daily
CXO Media
HOME
MOVIE
Movie News
Movie Review
Series Update
Behind The Scene
Cinema Talk
MUSIC
Whats New
Music of The Week
Main Stage
Music Library
KOREAN WAVE
K-Pop
K-Drama
K-Talk
CULTURE
Anime
Comic
Book
Art
Spotlight
PENSI
PHOTO
VIDEO
INFOGRAPHIC
INDEX
TRENDING
CERIA ANAK INDONESIA
NEW
Korean Wave
Kim Jae Yeong & Nam Ji Hyun Couple di Drakor Make Me Tingle, Tayang Oktober!
music
Bareng KATSEYE! Isyana Sarasvati Masuk Daftar Line Up Lollapalooza India 2027
culture
5 Manga Underrated Layak Diadaptasi ke Anime
korean wave
Gaspol! MV SaWaDiKa Lisa BLACKPINK Tercepat Tembus 100 Juta Views 2026
music
Polemik Pembatalan Penampilan DJ Katty Butterfly dan Permintaan Ganti Rugi
POP SIGNATURE
SHOW
MORE
Trending
619
ARTIKEL
K-Spotlight
65
ARTIKEL
Cinema Talks
12
ARTIKEL
7 Anime Komedi yang Cocok Ditonton Saat Butuh Hiburan
Video: Totalitas! Demi Adegan, Laut Bercerita Bikin Ladang Jagung Sendiri
K-Drama
Urutan Rating Drama Korea On Going Pekan Ini
Tomb Raider King Segera Tamat, Episode Terakhir 24 September
David Harbour dan Millie Bobby Brown Reunian Lagi, Main Film di Netflix
MAIN STAGE
SHOW
MORE
Danilla: Imajinasi Senja dan Kopi
Teddy Adhitya
Reality Club
Wajib Ada Barang Ini Kalau Mau Undang Danilla Riyadi
Rayain 10 Tahun, Album Telisik Danilla Bakal Dirilis Ulang
SHOW ALL
Akhirnya Pede, Teddy Adhitya 8 Tahun Belajar Bikin Lagu Bahasa Indonesia
Ternyata Ini Musik-musik yang Didengarkan Teddy Adhitya
SHOW ALL
Reality Club, Berambisi Tapi Penuh Cinta
Reality Club: Ambisi Besar, Passion dan Kejutan
SHOW ALL
Magnumotion Loud Fest 2026 Hadir di Medan, Siap Bawa Euforia Musik Keras
Harry-Meghan Markle Kaget Disurati Raja Charles III Soal Status Sipil Biasa
JIPFest Tampilkan 50 Proyek Fotografi hingga Instalasi dari 19 Negara
Korea Kaja! Vol.3 by.U Bawa Talenta Muda Indonesia Lebih Dekat ke Mimpi
TRENDING
NOW
01
Harry-Meghan Markle Kaget Disurati Raja Charles III Soal Status Sipil Biasa
02
Urutan Rating Drama Korea On Going Pekan Ini
03
David Harbour dan Millie Bobby Brown Reunian Lagi, Main Film di Netflix
04
Han So Hee Mau Nikah sebelum Usia 40
05
Tomb Raider King Segera Tamat, Episode Terakhir 24 September
SHOW MORE
MOVIE REVIEW
SHOW
MORE
All Wishes Come True!: Film Animasi Tiongkok Yang Fantastis
5/5
Hope: Film Monster yang Bikin Nagih!
4/5
The Whisper Man: Pembunuh Bocah Berkeliaran Lagi
4/5
Insidious: Out of the Further, Kembali Bertemu Hantu di Alam Baka
-
Video: 5 Film Favorit Rachel Amanda
Descendants of the Sun Indonesia: Semua yang Kita Tahu Sejauh Ini
Attack on Titan Day Fix Setiap 9 September Nih, Ada 99 Pengumuman!
Han So Hee Mau Nikah sebelum Usia 40
MOST
-COMMENTED
6
Komentar
Merinding! Video John Lennon Ketawa Pas Baca Surat Ramalan Kematiannya Viral Lagi
4
Komentar
Di Balik Tawa New Girls, Zooey Deschanel Tersiksa Hal Ini
4
Komentar
Catat! Banyak Kejutan di Konser Ujung Dunia dari Lomba Sihir Cuy
4
Komentar
Ini Aktor yang Serba Hampir
4
Komentar
Hunter x Hunter Hiatus Lagi, Adaptasi Naik ke Panggung Teater
TAG POPULAR
han so hee
cha hae in
solo leveling
keluarga kerajaan inggris
pangeran harry
Jessie J Say Goodbye pada Medsos, Mau Fokus Healing
Konser BTS di SoFi Stadium Catat Rekor Penonton Tertinggi!
Mangaka Shin'ichi Abe Meninggal Dunia
Baek Jin Hee Tulis Surat Buat Fans Jelang Pernikahan
KOREAN WAVE
Kim Jae Yeong & Nam Ji Hyun Couple di Drakor Make Me Tingle, Tayang Oktober!
Urutan Rating Drama Korea On Going Pekan Ini
Korea Kaja! Vol.3 by.U Bawa Talenta Muda Indonesia Lebih Dekat ke Mimpi
Han So Hee Mau Nikah sebelum Usia 40
SHOW MORE
K-Drama
ENA Rilis Teaser Drakor Terakhir Sutradara Ahn Pan Seok
Talkshow Jimmy Kimmel Dikabarkan Gulung Tikar 2027
Artis HYBE Dominasi Chart Billboard World Albums
5 Foto
Pop Photos
Intip BTS MV SaWaDiKa Lisa BLACKPINK!
COMIC
SHOW
MORE
Attack on Titan Day Fix Setiap 9 September Nih, Ada 99 Pengumuman!
Mangaka Shin'ichi Abe Meninggal Dunia
Hunter x Hunter Hiatus Lagi, Adaptasi Naik ke Panggung Teater
Hits Sejak 2023, Hope You're Happy, Lemon Menuju Tamat
Hunter x Hunter Hiatus Lagi, Adaptasi Naik ke Panggung Teater
K-Movie
The King's Warden Tayang Lagi di Bioskop Korea, Penonton Tembus 16,9 Juta
4 Foto
Pop Photo
Mario G Klau Gandeng Grace Kaitlin di Riuh
Pangeran Harry Balik ke Inggris, Raja Charles III Tanggapi Status Kerajaannya
ANIME
SHOW
MORE
Tomb Raider King Segera Tamat, Episode Terakhir 24 September
Tokyo Ghoul Butuh Remake!
10 Anime Lawas yang Masih Seru Buat Ditonton
Anime Black Clover Gas ke Musim Ke-2, Tayang 3 Oktober
Remake Dragon Ball Super Tayang 11 Oktober, Ini Trailernya
Anime Bleach Tinggal 4 Episode Lagi Sebelum Tamat, Ini Jadwalnya
Animator Doraemon The Movie Yuji Yanase Meninggal Dunia
Round Up
Sosok Bonnie Hill: Pemeran Baru Ginny Weasley di Serial Harry Potter
Round Up
15 Film-Serial Marvel Buat Ditonton Menuju Avengers: Doomsday
5 Foto
Pop Photos
Han So Hee Berubah Jadi Cha Hae In Solo Leveling
Tokyo Ghoul Butuh Remake!
5 Foto
Pop Photos
Kenalan dengan Karakter Kim Woo Seok di Drakor Doctor X
10 Anime Lawas yang Masih Seru Buat Ditonton
Daftar Drama Korea Tayang September 2026
Video: 5 Film Favorit Lukman Sardi
VIDEO
SHOW
MORE
13:47
Video KETIK: Umay Shahab dan Taskya Namya Memburu Pelaku Pedofilia
01:35
Video Top 5: Dolly Parton-Yayoi Kusama Meninggal hingga Revaldo Narkoba Lagi
05:51
Video K-Talk: Merayakan Sedekade NCT 127
08:27
Video KETIK: Transformasi Adhisty Zara-Ciccio Manassero Perankan Pasien Kanker
01:28
Video: Aksi Terbang Yura Yunita di Pagelaran Sabang Merauke
Terungkap Gulungan Naskah Novel On the Road Sepanjang 36 Meter!
5 Film Orisinal Terbaik di Prime Video
Home Sweet Loan The Musical: Lebih Indeep dari Versi Film
NEWS
INDEX",sport
23,"21 menit yang lalu            
        
    			30 menit yang lalu            
        
    			1 jam yang lalu            
        
    			2 jam yang lalu            
        
    			3 jam yang lalu            
        
    			4 jam yang lalu            
        
    			7 jam yang lalu            
        
    			8 jam yang lalu            
        
    			10 jam yang lalu            
        
    			11 jam yang lalu            
        
    			12 jam yang lalu            
        
    			14 jam yang lalu            
        
    			Selasa, 08 Sep 2026 20:34 WIB            
        
    			Selasa, 08 Sep 2026 20:19 WIB            
        
    			Selasa, 08 Sep 2026 20:12 WIB            
        
    			Selasa, 08 Sep 2026 19:33 WIB            
        
    			Selasa, 08 Sep 2026 18:56 WIB            
        
    			Selasa, 08 Sep 2026 18:09 WIB            
        
    			Selasa, 08 Sep 2026 17:06 WIB            
        
 Kamis, 20 Agu 2026 15:22 WIB 
 
 Selasa, 04 Agu 2026 17:59 WIB 
 
 Selasa, 28 Jul 2026 10:15 WIB 
 
Komentar Terbanyak
Ratusan Siswa di Gembong Pati Mual-Diare, Diduga Keracunan MBG
Ini Tampang Pembunuh Mozza Ditemukan Sisa Kerangka di Jurang Tol Jangli
Pengakuan Very Baru Kenal Mozza di TikTok Langsung Pacaran",sport
24,"Berita Terkini Hari Ini di Jawa Timur - detikJatim
MENU
detikcom
Terpopuler
Live TV
Kirim Tulisan
Kategori Berita
detikNews
detikFinance
detikInet
detikHot
detikSport
Sepakbola
detikOto
detikTravel
detikFood
detikHealth
Wolipop
DetikX
20Detik
detikFoto
detikEdu
detikHikmah
detikProperti
detikPop
Daerah
detikJateng
detikJatim
detikJabar
detikSulsel
detikSumut
detikBali
detikSumbagsel
detikJogja
detikKalimantan
Layanan
For Your Business
Pasang Mata
adsmart
detikEvent
Trans Snow World
Trans Studio
Flying Over Indonesia
berbuatbaik.id
ziswafctarsa.id
Signature Awards
Bingkai.id
Trans Hotel Group
Community Connect
NEW
Rekomendit
NEW
Top Up & Tagihan
Game
Paket Data
Pulsa Prabayar
Token PLN
E-wallet
BPJS Kesehatan
PLN Pascabayar
PDAM
TV & Internet
Streaming
Detik Network
Hai Bunda
CNN Indonesia
CNBC Indonesia
Beautynesia
Female Daily
CXO Media
Cancel
Yang sedang ramai dicari
Loading...
Promoted
Terakhir yang dicari
Loading...
Home
Berita
Jogo Jatim
Sepakbola
Hukum & Kriminal
Budaya
Wisata
Kuliner
Bisnis
Jatim Moncer
Foto
Video
Indeks
Terpopuler
Koleksi Pilihan
Info Sekitarmu
0
Berita Terbaru
UPDATE
Bisa-bisanya Nama Gus Kautsar Dicatut di Buku ""Islam Ala Prabowo""
Anak Krakatau Erupsi, Semeru Juga Meletus Pagi Ini
Nelangsa Ibu Muda di Batu Tegur Tetangga Bakar Sampah Berujung Panjang
Berawal Bakar Tinja Berujung Lahan Tebu 1,4 Hektare di Tulungagung Terbakar
PT Wings Surya di Gresik Terbakar Hebat!
Bupati Trenggalek Turun ke Rumah Warga Pastikan Kesesuaian Data Pemerintah
6 menit yang lalu
Berita Terkait
Bansos PKH Cair September 2026, Cek Penerima di Sini
Cek Desil di Link cekbansos.kemensos.go.id
News Feed
Indeks Berita
Suplai BBM Belum Normal, Gus Fawait Imbau Siswa Belajar Online 3 Hari
17 menit yang lalu
Kebakaran TWA Ijen Meluas, 20,75 Hektare Hutan Lindung Hangus
27 menit yang lalu
Jembatan Gantung Terpanjang se-Jawa Ada di Malang, Begini Penampakannya
36 menit yang lalu
116 Santri di Sidoarjo Korban Keracunan MBG Kembali Masuk RS
52 menit yang lalu
ADVERTISEMENT
SCROLL TO CONTINUE WITH CONTENT
5 Orang Dilarikan ke RS Akibat Kecelakaan Beruntun Alphard di Surabaya
1 jam yang lalu
Lahan PT Angkasa Pura 2 Hektare di Kediri Terbakar, Ini Penyebabnya
1 jam yang lalu
Penyebab Alphard Tabrak 10 Motor-3 Mobil di Surabaya, Sopir: Ketiduran
1 jam yang lalu
Bansos PKH Cair September 2026, Cek Penerima di Sini
1 jam yang lalu
Jukir Liar di Surabaya Pukul-Ludahi Pengendara gegara Tak Dikasih Uang
1 jam yang lalu
Sopir Alphard Penabrak 10 Motor-3 Mobil di Surabaya Diamankan
1 jam yang lalu
Ada Berapa Patahan Aktif di Surabaya? Ini Penjelasan BMKG
2 jam yang lalu
Cek Desil di Link cekbansos.kemensos.go.id
2 jam yang lalu
Ruang Gizi RS Saiful Anwar Kota Malang Terbakar
2 jam yang lalu
Penampakan Mobil-Motor Ringsek Usai Ditabrak Alphard di Surabaya
2 jam yang lalu
BPBD Jatim Minta Warga Tidak Panik Soal Erupsi Semeru
2 jam yang lalu
Bocah 14 Tahun di Gresik Alami Depresi, Kerap Ngamuk-Pukul Ibunya
3 jam yang lalu
Situasi Terkini Laka Beruntun Alphard yang Tabrak Motor-Mobil di Surabaya
3 jam yang lalu
Kronologi Laka Beruntun Alphard Tabrak Motor-Mobil di Surabaya
3 jam yang lalu
Gunung Semeru Tak Boleh Didaki Sembarangan? Ini Alasannya
3 jam yang lalu
Pendaki Gunung Raung Hipotermia, Dievakuasi Usai Lapor Call Center 110
3 jam yang lalu
Pemkab Sidoarjo Akan Bentuk Satgas Awasi MBG
3 jam yang lalu
Alphard Tabrak Beruntun, Jalan Menur Pumpungan Surabaya Macet Parah
4 jam yang lalu
Kabar Duka, Pengamat Politik Airlangga Pribadi Meninggal Dunia
4 jam yang lalu
Sopir Alphard Nyaris Dimassa Usai Tabrak 5 Motor-3 Mobil di Surabaya
4 jam yang lalu
Pembuat Konten Buka Suara Soal 'Patahan Aktif Baru Surabaya-Madura'
4 jam yang lalu
Brakkk! Alphard Tabrak 5 Motor dan 3 Mobil di Menur Pumpungan Surabaya
4 jam yang lalu
KMP Jatra Disiagakan untuk Urai Macet Belasan Km di Ketapang
4 jam yang lalu
Kabar Terbaru Tol Probolinggo-Banyuwangi, Siap Beroperasi Awal 2027
4 jam yang lalu
Harga Tiket dan Wahana Wisata Bernah De Vallei Mojokerto 2026
5 jam yang lalu
Pendaki Ilegal Tersesat di Gunung Semeru Dievakuasi
5 jam yang lalu
Puluhan Siswa SDN 2 Kanigoro Kota Madiun Keracunan Usai Santap MBG
5 jam yang lalu
Jukir Liar Diduga Pukul-Ludahi Pengendara Mobil di Surabaya Ditangkap
5 jam yang lalu
Rumah Pasutri di Sidoarjo Digeruduk Korban Penipuan Umrah Rp 1,2 M
5 jam yang lalu
Polres Kediri Kota Cek Keamanan Bandara Dhoho Jelang Embarkasi Haji 2027
5 jam yang lalu
Kades di Pasuruan Jadi Tersangka Penggelapan Dana CSR
6 jam yang lalu
Viral Patahan Aktif Surabaya-Madura, BMKG Ungkap Fakta Sebenarnya
6 jam yang lalu
Terungkap! Ini Sumber Dentuman Misterius yang Gegerkan Warga Malang Raya
6 jam yang lalu
6 Terdakwa Joki UTBK-SNBT di Surabaya Diadili, Ada Dokter Gigi
6 jam yang lalu
Kronologi 8 Pendaki Nekat Terobos Gunung Semeru Lewat Jalur Ilegal
6 jam yang lalu
Ada Sesar Aktif Melintasi Surabaya, Ini Imbauan BPBD
7 jam yang lalu
45 Santri di Sidoarjo Korban Keracunan MBG Kembali Masuk RS
7 jam yang lalu
Polwan Polres Blitar Jadi Bhabinkamtibmas Terbaik Tingkat Jatim
7 jam yang lalu
Bupati Sidoarjo Kecewa SPPG Enggan Biayai Perawatan Korban Keracunan MBG
7 jam yang lalu
Gunung Semeru Level III Siaga, Apa Artinya? Ini Rekomendasi PVMBG
8 jam yang lalu
Residivis Curanmor Kembali Dibui, Kini Curi Sosis-Parfum di Minimarket
8 jam yang lalu
Suara Dentuman Misterius Hebohkan Warga Malang dari Aktivitas Militer?
8 jam yang lalu
Jadwal Film yang Sedang Tayang di 7 Bioskop Termurah Surabaya
8 jam yang lalu
Belasan Pohon di Ponorogo Mati Misterius
9 jam yang lalu
Harga BBM Pertamina Pertamax hingga Dexlite Hari Ini di Jawa Timur
9 jam yang lalu
Sidak Pasar Gresik: Beras Premium Naik, SPHP Stabil di Bawah HET
9 jam yang lalu
Indeks Berita
Tag Terpopuler
#
sesar surabaya-madura
#
gunung semeru
#
patahan aktif
#
gempa bumi
#
pendaki ilegal
Berita Terpopuler
#1
Ruang Gizi RS Saiful Anwar Kota Malang Terbakar
#2
Cek Desil di Link cekbansos.kemensos.go.id
#3
Sopir Alphard Penabrak 10 Motor-3 Mobil di Surabaya Diamankan
#4
Bansos PKH Cair September 2026, Cek Penerima di Sini
#5
5 Orang Dilarikan ke RS Akibat Kecelakaan Beruntun Alphard di Surabaya
Lihat Selengkapnya
Komentar Terbanyak
17
Komentar
Nelangsa Ibu Muda di Batu Tegur Tetangga Bakar Sampah Berujung Panjang
15
Komentar
Masifnya Keracunan MBG di Jatim 3 Hari Berturut dengan Total 1.111 Korban
13
Komentar
Murka Keluarga Siswa SMAN 3 Nganjuk Korban Keracunan MBG ke Kepala SPPG
Hide Ads
Komentar Terbanyak
Nelangsa Ibu Muda di Batu Tegur Tetangga Bakar Sampah Berujung Panjang
Masifnya Keracunan MBG di Jatim 3 Hari Berturut dengan Total 1.111 Korban
Murka Keluarga Siswa SMAN 3 Nganjuk Korban Keracunan MBG ke Kepala SPPG",sport
25,"6 menit yang lalu
            
                                18 menit yang lalu            
                    
                                37 menit yang lalu            
                    
                                53 menit yang lalu            
                    
                                1 jam yang lalu            
                    
                                2 jam yang lalu            
                    
                                3 jam yang lalu            
                    
                                4 jam yang lalu            
                    
                                5 jam yang lalu            
                    
                                6 jam yang lalu            
                    
                                7 jam yang lalu            
                    
                                8 jam yang lalu            
                    
                                9 jam yang lalu            
                    
                                10 jam yang lalu            
                    
                                11 jam yang lalu            
                    
                                12 jam yang lalu            
                    
Komentar Terbanyak
Macet GBLA Menggila, DPRD Jabar Minta Akses Tol KM 151 Dibuka
Pelarian Kalut MFH Berujung Tabrakan Beruntun di Bandung
Dua Kali Gunung Anak Krakatau Erupsi Pagi Ini",sport
26,"37 menit yang lalu
            
    			44 menit yang lalu            
        
    			5 jam yang lalu            
        
    			7 jam yang lalu            
        
    			8 jam yang lalu            
        
    			9 jam yang lalu            
        
    			10 jam yang lalu            
        
    			11 jam yang lalu            
        
    			12 jam yang lalu            
        
    			13 jam yang lalu            
        
    			14 jam yang lalu            
        
    			15 jam yang lalu            
        
    			21 jam yang lalu            
        
 Puncak apresiasi dengan lebih dari 20 penghargaan kepada Tokoh, Institusi, serta Komunitas yang inovatif dan berkontribusi untuk Indonesia Bagian Timur. 
 
 
 Senin, 24 Feb 2025 21:00 WIB 
 
 Jumat, 21 Feb 2025 22:00 WIB 
 
 Senin, 26 Agu 2024 12:30 WIB 
 
Komentar Terbanyak
Sikap Mitra SPPG Salahkan Murid-Guru Makan Makanan MBG yang Bau
Alasan BPS di Balik Sebab Anggota DPR Eva Masuk Desil 4
Mitra SPPG soal Dugaan Keracunan MBG di Tator: Kalau Tahu Bau, Kenapa Dimakan?",sport
27,"Sepakbola Internasional Jadwal Liga Champions Malam Ini: Barcelona, PSG, Liverpool dan Arsenal Main 4 jam yang lalu
Sepakbola Internasional Dicoret Dembele dari Kandidat Ballon d'Or, Begini Respons Lamine Yamal 4 jam yang lalu
Kepulauan Riau Jalan Tengku Sulung Batam Ditutup Mulai Besok, Ini Jalur Alternatifnya 6 jam yang lalu
Sepakbola Internasional Tak Dapat Jaminan Starter dari 2 Klub Prancis, Martial Pilih Nganggur 11 jam yang lalu
Internasional 12 Negara Kompak Ancam Sanksi Perdagangan Permukiman Israel di Tepi Barat 12 jam yang lalu
Sepakbola Internasional MU Gagal Boyong Ederson, Ini Alasan Transfer Rp 778 Miliar Batal 12 jam yang lalu
Sepakbola Internasional Daftar 30 Nominasi Ballon d'Or 2026 Dirilis, Messi Masuk-Ronaldo Tidak 13 jam yang lalu
Sepakbola Internasional Federasi Belgia Tak Dukung Infantino Lagi karena Kasus Balogun 13 jam yang lalu
Regional Viral Dugaan Sawit Ditanam di Lokasi Bekas Karhutla Berau, Polisi Turun Tangan 14 jam yang lalu
6 Foto Foto Seleb Ternyata Opie Kumis Sudah 31 Kali Menikah, Punya 10 Anak dan 12 Cucu 16 jam yang lalu
Video News 5 Jurnalis Dilaporkan Hilang Kontak Saat Hendak Liput Erupsi Anak Krakatau 18 jam yang lalu
Komentar Terbanyak
Viral Keluarga Ungkap Info soal Istri Polisi Diduga Bunuh Diri, Polda Sumut Dalami
Kala Wacana Pemakzulan Bupati Tapteng Masinton Pasaribu Mencuat
Muncul Wacana Pemakzulan Dirinya, Masinton Minta Hentikan Tarik-menarik Politik",sport
28,"13 menit yang lalu
            
    			41 menit yang lalu            
        
    			53 menit yang lalu            
        
    			1 jam yang lalu            
        
    			2 jam yang lalu            
        
    			3 jam yang lalu            
        
    			5 jam yang lalu            
        
    			6 jam yang lalu            
        
    			7 jam yang lalu            
        
    			8 jam yang lalu            
        
    			9 jam yang lalu            
        
    			10 jam yang lalu            
        
    			11 jam yang lalu            
        
    			12 jam yang lalu            
        
    			13 jam yang lalu            
        
Komentar Terbanyak
Warga Injak Makanan Bantuan Gempa di NTT Minta Maaf, Ngaku Kecewa
Viral Kepsek Ngeseks dengan Guru SD di Ruang Sekolah, Berujung Dicopot
Viral Warga Injak Sembako Bantuan Gempa di Manggarai Timur, Ini Sebabnya",sport
29,"Sumatera Selatan Cerita Rohani Temukan Kerangka Kakak-Adik, Curiga Ada Motor di Parit 16 menit yang lalu
Sumatera Selatan Karhutla di Kebun Raya Sriwijaya Padam, Manggala Agni Lakukan Pendinginan 2 jam yang lalu
Sumatera Selatan Pelajar 15 Tahun Tenggelam Saat Berenang di Sungai Lematang Muara Enim 4 jam yang lalu
Sumatera Selatan Kemarau Panjang-Kabut Asap, Ratu Dewa Ajak Warga Palembang Doa Minta Hujan 6 jam yang lalu
Sumatera Selatan Ibu Korban Kakak-Adik Syok, Pelaku Dikenal Baik-Ikut Bantu Pencarian Anaknya 7 jam yang lalu
Sumatera Selatan Dukung Operasi Udara Pemadaman Karhutla di Sumsel, Pertamina Siagakan Avtur 8 jam yang lalu
Lampung Basarnas Lampung Kerahkan 2 RIB Cari 5 Jurnalis Hilang Kontak Hendak Liput GAK 10 jam yang lalu
Sumatera Selatan Pemprov-PLN Perkuat Sinergi Jaga Keandalan Sistem Kelistrikan di Sumsel 10 jam yang lalu
Sumatera Selatan Digeruduk Massa, Pemkab Buka Dialog Legalisasi Minyak Rakyat di Muba 13 jam yang lalu
Bangka Belitung Kesal Ortunya Diolok-Olok, Perempuan di Pangkalpinang Aniaya Temannya 14 jam yang lalu
Lampung ISPA di Lampung Capai 2.416 Kasus Imbas Abu Vulkanik Anak Krakatau Selasa, 08 Sep 2026 20:30 WIB
Lampung Sekolah di Lampung Mulai Tatap Muka, Siswa Diminta Pakai Masker Selasa, 08 Sep 2026 20:00 WIB
Sumatera Selatan Dua Pria Pembakar Lahan 5 Hektare di Ogan Ilir Jadi Tersangka Selasa, 08 Sep 2026 19:40 WIB
Jambi Krisis Air Bersih, Warga di Jambi Manfaatkan Sungai Keruh untuk MCK Selasa, 08 Sep 2026 19:00 WIB
Lampung 5 Jurnalis Hilang Kontak Saat Hendak Liputan Erupsi Gunung Anak Krakatau Selasa, 08 Sep 2026 18:04 WIB
Jambi 432 Hotspot Terpantau di Merangin, Bupati Perintahkan Siaga Karhutla 24 Jam Selasa, 08 Sep 2026 18:01 WIB
Sumatera Selatan Sandiwara Pembunuh Kakak-Adik di Banyuasin: Bantu Cari Korban Selama 5 Tahun Selasa, 08 Sep 2026 17:40 WIB
Bengkulu Kopi Bengkulu Tembus Italia, Pemprov Bidik Pasar Eropa Lebih Luas Selasa, 08 Sep 2026 17:20 WIB
Komentar Terbanyak
Heboh Mobil Hilang Ditemukan di Rumah Ortu Polisi Jambi
Karhutla di Puncak Bukit Lubuklinggau Hebohkan Warga, Dikira Bukit Cogong
Udara Palembang Masih Buruk Akibat Asap, Siswa Tetap Wajib Pakai Masker",sport
30,"55 menit yang lalu
 
 2 jam yang lalu 
 
 10 jam yang lalu 
 
 11 jam yang lalu 
 
 12 jam yang lalu 
 
 13 jam yang lalu 
 
 22 jam yang lalu 
 
 Selasa, 08 Sep 2026 20:03 WIB 
 
 Selasa, 08 Sep 2026 19:54 WIB 
 
 Selasa, 08 Sep 2026 18:59 WIB 
 
 Selasa, 08 Sep 2026 18:13 WIB 
 
 Selasa, 08 Sep 2026 17:31 WIB 
 
 Selasa, 08 Sep 2026 17:14 WIB 
 
 Selasa, 08 Sep 2026 16:44 WIB 
 
 Selasa, 08 Sep 2026 16:02 WIB 
 
 Selasa, 08 Sep 2026 15:41 WIB 
 
 Selasa, 08 Sep 2026 15:01 WIB 
 
 Selasa, 08 Sep 2026 14:53 WIB 
 
 Selasa, 08 Sep 2026 14:46 WIB 
 
 Selasa, 08 Sep 2026 13:52 WIB 
 
 Selasa, 08 Sep 2026 13:40 WIB 
 
 Selasa, 08 Sep 2026 13:33 WIB 
 
 Selasa, 08 Sep 2026 12:12 WIB 
 
 Selasa, 08 Sep 2026 10:30 WIB 
 
 Kamis, 03 Sep 2026 12:51 WIB 
 
 Rabu, 05 Agu 2026 15:15 WIB 
 
Komentar Terbanyak
Update Keracunan MBG di Sleman: Ratusan Siswa Lapor Jadi Korban
Gigihnya Fina Anak Buruh Lampung Kejar Impian Jadi Dokter Diganjar Beasiswa UMY
Gempa Cilacap Bikin 20 Perjalanan KA di Daop Jogja Terhenti",sport
31,"Kalimantan Barat Sidak SPBU di Sintang, Polisi Temukan Tangki Modifikasi di Bagasi Mobil Rabu, 09 Sep 2026 20:31 WIB
Kalimantan Tengah Residivis Nekat Curi CPU Senilai Rp 39 Juta di Kantor Dispora Kalteng 51 menit yang lalu
Kalimantan Barat Menhut: Presiden Beri Bantuan Rp 20 Miliar untuk Tangani Karhutla Ketapang 2 jam yang lalu
Kalimantan Tengah 1.200 Hektare TN Tanjung Puting Terbakar, Petugas Minta Bantuan Water Bombing 2 jam yang lalu
Kalimantan Tengah Intrusi Air Laut Mulai Masuk Wilayah Kotim, Warga Diminta Sedia Cadangan Air 3 jam yang lalu
Kalimantan Barat Menhut Sampaikan Arahan Prabowo: Padamkan Karhutla, Lindungi Warga-Satwa 4 jam yang lalu
Kalimantan Timur Dugaan Kasus Korupsi Rp 2 Miliar, Mantan Bendahara DPRD Balikpapan Jadi DPO 4 jam yang lalu
Kalimantan Timur Sudah Padam, Karhutla di Tol Balsam dan Bukit Tengkorak Tersisa Asap 5 jam yang lalu
Internasional Helikopter Jatuh di Sarawak-5 Orang Tewas, Pencarian Terkendala Kabut Asap 5 jam yang lalu
Kalimantan Tengah Sekolah Rakyat di Kotim Terdampak Kabut Asap, Sebagian Siswa Dipulangkan 6 jam yang lalu
Kalimantan Timur Titik Karhutla Terdekat 30 Km, Otorita IKN Perkuat Pemadaman Via Darat-Udara 8 jam yang lalu
Kalimantan Tengah Satgas Karhutla Kekurangan BBM, Bupati Kobar Minta Pertamina Turun Tangan 8 jam yang lalu
Internasional Geger 5 Bayi Orang Utan Ditemukan di India, Diduga Korban Perdagangan Satwa 8 jam yang lalu
Kalimantan Tengah 3 Bulan Diburu, Terduga Pemodal Illegal Logging Ditangkap Tim Gakkumhut 10 jam yang lalu
Kalimantan Timur Karhutla Samarinda Meningkat, Heli Water Bombing Dikerahkan ke Bantuas 11 jam yang lalu
Visibility Rendah, Operasi Water Bombing di Kalbar Terkendala hingga Batal Selasa, 08 Sep 2026 20:00 WIB
Kalimantan Tengah OMC Sukses Turunkan Hujan di Palangka Raya, tapi Belum Merata Selasa, 08 Sep 2026 19:30 WIB
Kalimantan Timur Geger Sawit Ditanam di Bekas Karhutla Berau, Polisi Periksa Pembuat Video Selasa, 08 Sep 2026 19:03 WIB
Kalimantan Tengah Viral Warga Tolak Pemadaman Karhutla di Kobar, Polisi Duga ODGJ Selasa, 08 Sep 2026 18:30 WIB
Kalimantan Tengah Hujan Guyur Sejumlah Wilayah Kobar, Warga: Semoga Asap Hilang Selasa, 08 Sep 2026 17:39 WIB
Kalimantan Tengah Surfaktan Jepang Diuji ke Bara Gambut, Suhu Diklaim Jadi 20 Derajat Celcius Selasa, 08 Sep 2026 17:20 WIB
Komentar Terbanyak
Momen Pelepasan Armada Karhutla Kalteng Banjir Kritikan di Medsos
Baru Padam Ditanami Sawit, Menhut Segel Lokasi Karhutla di Ketapang
Wapres Dijadwalkan Kunjungi Kalteng Besok, Cek Penanganan Karhutla",sport
32,"IFMAC WOODMAC 2026: Hadirkan Teknologi Terkini Industri Furnitur dan Kayu Story by IFMAC WOODMAC 2026
Hadir di Electric & Power Indonesia 2026, TRAKNUS Dukung Kebutuhan Daya Industri Story by PT Traktor Nusantara
20 Tahun Bangun Pendidikan Entrepreneurship, Universitas Ciputra Hadir di Jakarta Story by Universitas Ciputra
Ekspor Furnitur RI Naik Kelas, Teknologi Jadi Kunci UMKM Bersaing Global Sabtu, 05 Sep 2026 17:05 WIB",sport
33,"HOME
EXPLORE
ABOUT
GET APPS
SEARCH
UPLOAD
LOGIN
#Umum
#Lalulintas
hot
#FasilitasUmum
#Lalulintas
#HewanKesayangan
All
UPLOAD
#Umum
Lama Tidak Turun Hujan, Air Kali Ciliwung Tampak Menghitam
Anonymous
Rabu, 09/09/2026 11:47 WIB
Rahasia
#Lalulintas
Jalan Gatsu Arah Mampang Padat Merayap, Tol Dalkot Lancar
Rabu, 09/09/2026 12:32 WIB
0
Otak Kosong
Kontribusi Terpopuler
#Lalulintas
Jalan Magelang Sekitar Flyover Jombor Sleman Terpantau Padat
Rabu, 09/09/2026 17:51 WIB
0
Rahasia
#Lalulintas
Penyempitan Jalan Gatsu Arah Pancoran Imbas Penataan Trotoar
Rabu, 09/09/2026 12:25 WIB
0
Anonymous
#Lalulintas
Jalan Gatsu Arah Mampang di Jam 11.00 WIB Tampak Padat
Rabu, 09/09/2026 11:46 WIB
0
Otak Kosong
#Lalulintas
Lalin Tugu Yogyakarta Ramai Lancar, Cuaca Mendung Tipis
Rabu, 09/09/2026 09:30 WIB
0
Otak Kosong
#Lalulintas
Lalu Lintas di Kawasan Monjali, Jogja Terpantau Cukup Padat
Rabu, 09/09/2026 09:29 WIB
0
Blue Energy
#Wisata
Penampakan Panorama City Light di Kota Batu Malang
Selasa, 08/09/2026 14:46 WIB
0
Blue Energy
#Wisata
Pemandangan Indah Laut Lepas di JLS Tulungagung, Jawa Timur
Selasa, 08/09/2026 14:00 WIB
0
Blue Energy
#Wisata
Pesona JLS Tulungagung, Spot Baru Bagi Pecinta Touring
Selasa, 08/09/2026 13:58 WIB
0
Rahasia
#Lalulintas
Kondisi lalu lintas di Underpass Mampang Arah Tendean Lancar
Selasa, 08/09/2026 13:00 WIB
0
Rahasia
#Lalulintas
Arus Lalin Sekitar Stasiun LRT Rasuna Said Arah Gatsu Lancar
Selasa, 08/09/2026 12:53 WIB
0
Anonymous
#FasilitasUmum
Jalan di Bunderan Kecapi Jatiwarna Bekasi Selesai Diperbaiki
Selasa, 08/09/2026 12:35 WIB
0
Anonymous
#FasilitasUmum
Area Kantin di Depan Ruang Lab Radiologi RSUP Persahabatan
Selasa, 08/09/2026 12:12 WIB
0
Anonymous
#FasilitasUmum
Suasana Tertib Antrean Pasien BPJS di RSUP Persahabatan
Selasa, 08/09/2026 11:38 WIB
0
Nyssa Flavia Arityas
#Umum
Program Summer Universitas Muhammadiah Semarang Ke Taiwan
Selasa, 08/09/2026 11:22 WIB
0
Kamasutra
#Lalulintas
Truk Angkut Hebel Terguling di Jalan Solo-Yogyakarta
Selasa, 08/09/2026 09:08 WIB
0
Rahasia
#Sampah
Jorok! Tumpukan Sampah Kotori Trotoar Jl Tendean
Senin, 07/09/2026 22:31 WIB
0
Beruang Kutub
#Lalulintas
Kondisi Simpang Manahan Solo Sore Hari Ini Terpantau Lancar
Senin, 07/09/2026 17:32 WIB
0
Rahasia
#Lalulintas
Siang Ini, Jalan MT Haryono Arah Pancoran Terpantau Lengang
Senin, 07/09/2026 12:24 WIB
0
Anonymous
#FasilitasUmum
Jalan Rusak Di Bunderan Kecapi Jatiwarna, Bekasi Diperbaiki
Senin, 07/09/2026 12:16 WIB
0
Rahasia
#Lalulintas
Tol Dalam Kota di Kawasan Cawang Lancar di Kedua Arah
Senin, 07/09/2026 11:54 WIB
0
Beruang Kutub
#Lalulintas
Lalulintas Simpang Panggung Solo Terpantau Lancar
Senin, 07/09/2026 09:40 WIB
0
Anonymous
#ErupsiGunung
Imbas Erupsi Krakatau, Jamaah Umrah Tertahan di KL
Minggu, 06/09/2026 20:56 WIB
0
Anonymous
#ErupsiGunung
Penampakan Abu Vulkanik Krakatau di Lantai Rumah Warga Bogor
Minggu, 06/09/2026 11:49 WIB
0
Dadan Kuswaraharja
#ErupsiGunung
Abu Vulkanik Krakatau Menyelimuti Rumah Warga Di Pondok Cabe
Minggu, 06/09/2026 10:55 WIB
0
Wak Dollah
#Event
Antusias Para Pelari Di Ajang Kediri Run 2026
Minggu, 06/09/2026 10:02 WIB
0
Anonymous
#ErupsiGunung
Penampakan Abu Gunung Krakatau Menempel Di Mobil Di Bintaro
Minggu, 06/09/2026 10:00 WIB
0
Anonymous
#ErupsiGunung
Abu Vulkanik Tampak Terlihat di Kawasan Cibitung, Bekasi
Minggu, 06/09/2026 09:58 WIB
0
Anonymous
#Event
Indonesia Raya Berkumandang Jelang Flag Off Amartha 10X Run
Minggu, 06/09/2026 05:57 WIB
0
Anonymous
#Umum
Ada Proyek Galian, Lalin di JL Imam Bonjol Semarang Padat
Sabtu, 05/09/2026 20:12 WIB
0",sport
34,"Iklan digital banner yang tayang di website detikcom. Harga mulai dari 50ribu.
Iklan dalam bentuk artikel berita 
yang tayang pada website For Your Business by detikcom.
Mengapa Beriklan di detikcom ?
Pengunjung Perbulan
Pemasang Iklan Aktif
Iklan Sukses
Garansi Iklan Tayang
Beriklan di Adsmart detikcom Lebih Smart
SMART Targeting
Tentukan target pelanggan, waktu tayang, dan lokasi secara tepat. Semakin spesifik iklanmu, semakin besar peluang bagi bisnismu.
SMART Budgeting
Pasang iklan online di detikcom dapat disesuaikan dengan jumlah budget yang kamu inginkan. Mulai dari Rp50.000.
SMART Payment
Pembayaran di Adsmart lebih fleksibel. Bayar praktis dengan saldo atau metode pembayaran lainnya.
SMART Goal
Kamu dapat menentukan tujuanmu dalam beriklan. Promosikan Produk atau Web? Pilihan ada di tanganmu!
Hubungi Kami
Jika butuh bantuan, kami selalu siap untuk membantu Anda. Hubungi kami melalui email: salesadsmart@detik.com, 
Whatsapp: 087874894730 pada pukul 09.00 - 18.00 WIB (Senin - Jumat).",sport
35,"12 September 2026 - 13 September 2026
05 September 2026 - 10 September 2026
13 September 2026
07 November 2026 - 08 November 2026
14 November 2026
23 Oktober 2026
11 Desember 2026 - 13 Desember 2026
Plainsong
Ismaya Live
Barcode Gokart
Trinity Entertainment Network
Mandatalam Earth Run
Color Run Festival
NF Academy
Lembaga Penjamin Simpanan
Pelita Jaya Basketball Club
Syarihub
KEI Learning
Nemuru
14 September 2026 - 29 September 2026
15 September 2026 - 16 September 2026
14 September 2026 - 20 Oktober 2026
18 September 2026
20 Oktober 2026 - 10 November 2026
15 September 2026
26 September 2026 - 27 September 2026
17 September 2026 - 20 September 2026
13 November 2025 - 31 Desember 2026
26 September 2024 - 30 September 2026
26 September 2024 - 30 September 2026
27 Maret 2025 - 31 Desember 2026
Bingung Mengelola Keuangan Bisnis? Yuk Pelajari dari Dasar Lewat Kelas Ini
Mau Naik Level Jadi Trainer Profesional? Lengkapi Skill dengan Sertifikasi BNSP
Special 9.9 Berlaku di 4 Trans Snow World, Tiket Mulai Rp75 Ribuan!
Silakan login MPC ID terlebih dahulu
belum punya akun? Daftar",sport
36,"detikcom Signature Awards
Penghargaan bergengsi yang diberikan kepada individu, merek, dan lembaga di Indonesia yang telah memberikan kontribusi luar biasa dalam berbagai bidang. Melalui detikcom Signature Awards, kami menghargai pencapaian yang menginspirasi, inovasi yang mencuat, dan perubahan positif yang telah dilakukan.
The Signature
Daftar penghargaan bergengsi yang diberikan kepada individu, merek, dan lembaga di Indonesia yang telah memberikan kontribusi luar biasa dalam berbagai bidang yang telah diadakan oleh detikcom.
Anugerah Ekonomi Hijau
Acara ini mengapresiasi korporasi, lembaga dan organisasi yang memiliki kepedulian tinggi terhadap environmental, social, and governance (ESG).
Penghargaan ini diberikan atas dasar program yang berdampak sosial dan ekonomi kepada masyarakat serta pemangku kepentingan terkait.
Adhyaksa Awards
Adhyaksa Award adalah penghargaan yang dihadirkan untuk menjaring serta mengapresiasi jaksa-jaksa tangguh dan berprestasi di seluruh Indonesia.
Lanjutkan, bila perlu jangan sekali setahun bila perlu 4 bulan sekali iklim positifnya akan lebih bagus
Tito Karnavian
Menteri Dalam Negeri (Mendagri)
Kita berharap bahwa mereka bisa menjadi vaksin-vaksin, yang kemudian menjadi inspirasi bagi jaksa-jaksa yang lain bahwa ternyata harapan untuk penegakan hukum yang lebih baik itu selalu ada.
Yudi Purnomo Harahap
Eks penyidik Komisi Pemberantasan Korupsi (KPK)
Itu sangat inspiratif. Kemudian juga bagian dari edukatif yang sangat luar biasa baik itu kepada publik maupun lembaga di Kejaksaan atau kepada umum, kepada APH yang lain.
Achmadi
Ketua Lembaga Perlindungan Saksi dan Korban (LPSK)
Hoegeng Awards
Ajang Penghargaan Persembahan detikcom bersama Polri kepada sosok polisi teladan baik dari sisi integritas, inovasi yang dibuat, hingga kepada mereka yang memberikan dedikasi tinggi di area pedalaman maupun perbatasan.
detikJatim Awards
Merupakan ajang penghargaan yang akan diberikan kepada tokoh, lembaga, pelaku usaha serta berbagai kategori lainnya yang inspiratif, inovatif, kreatif, dan berprestasi, maupun memberikan dampak kepada masyarakat di Jawa Timur.
Saya berterima kasih, penghargaan detikcom sebagai upaya memotivasi bekerja lebih baik, terutama dalam menjalankan tugas presiden. Saya sungguh bergembira dalam kesempatan ini bertemu banyak tokoh figur yang menjadi inspirasi,"" kata Saifullah Yusuf kepada detikJatim, Senin (25/11/2024)
Gus Ipul
Sebagai Wakil Gubernur Jawa Timur selama dua periode (2009-2019)
Kami berterima kasih kepada detikcom yang memberikan apresiasi atas apa yang kami lakukan. Khususnya dalam pengembangan millenial job center. Ini sebuah upaya yang cukup baru menjawab realita dunia kerja kita. Yaitu anak muda yang tidak terikat oleh pekerjaan tetap maupun fenomena WFH (work from home) yang menjadi pilihan.
Emil Elestianto Dardak
Ketua DPD Demokrat Jawa Timur
detikcom Awards
detikcom Awards 2023: Adapt and Transform to an Era of Change. Penghargaan bergengsi yang diberikan kepada individu, merek, dan lembaga di Indonesia yang telah memberikan kontribusi luar biasa dalam berbagai bidang. Melalui detikcom Awards, kami menghargai pencapaian yang menginspirasi, inovasi yang mencuat, dan perubahan positif yang telah dilakukan.
detikJabar Awards
detikJabar Awards 2023 adalah sebuah ajang penghargaan untuk figur, komunitas dan program di Jawa Barat yang inspiratif, inovatif, kreatif serta berprestasi dan memberikan dampak pada masyarakat di Jawa Barat.
Soedirman Awards
Ajang penghargaan persembahan detikcom untuk sosok prajurit TNI teladan baik dari dedikasi, inovasi yang dibuat, hingga pengabdian terhadap masyarakat di area pedalaman maupun perbatasan.
detikjateng-jogja Awards
Puncak apresiasi dengan lebih dari 20 penghargaan kepada tokoh, institusi, serta komunitas yang inovatif dan berkontribusi positif untuk Jawa Tengah dan Jogja.
detikBali Awards
Puncak apresiasi dengan lebih dari 20 penghargaan kepada Tokoh, Institusi, serta Komunitas yang inovatif dan berkontribusi positif untuk Bali.
Saya ucapkan terima kasih atas penghargaan detikBali Awards 2025,"" kata Daniel sesuai meraih penghargaan detikBali Awards 2025. Atas penghargaan detikBali Awards 2025 ini kami semangat untuk kerja lagi. Upaya menciptakan keamanan akan terus dilakukan.
Irjen Daniel Adityajaya
Kapolda Bali
Saya merasa kaget menjadi salah satu penerima detikBali Awards. Senang sekali, terima kasih kesempatannya.
Putu Wahyu Putra Sudianta
Pendiri Komunitas Larajiva
Atas nama keluarga besar Made Sanggra, saya mengucapkan terima kasih kepada detikcom atas apresiasinya terhadap perjuangan, proses kreatif, dan karya karya almarhum ayah saya.",sport
37,"Community Partner
CommuniTime
Sabtu
                            26
                            Sep 26
                        
                            
                            Jakarta                        
                        
                            
                            11:00 - 10:00 WIB
                        
                    Sabtu
                            26
                            Sep 26
                        
                            
                            @griyapeni basecamp bekasiberkain                        
                        
                            
                            14:00 - 20:00 WIB",sport
38,"Elektronik & Gadget
								
Kumpulan barang-barang yang bisa kamu gunakan untuk mengurangi paparan abu vulkanik. Cek di sini!
        Home & Living
                    Abu Vulkanik di Lantai? Dilap Lebih Aman Daripada Disapu, Ini Sebabnya
                        Menyapu abu vulkanik kering bikin debu menyebar, tiga kain microfiber ini pas buat melap permukaan dengan aman. 
                Kesehatan
                    Mata Perih Kena Paparan Abu? Kenali Tetes Mata yang Cocok Dipakai
 Mata perih dan kering kena abu vulkanik, dua tetes mata praktis ini bisa jadi pertolongan pertama. 
                Hobi dan Mainan
                    Motor Sering Parkir di Luar? 2 Cover Ini Bisa Bantu Lindungi Bodinya
 Abu vulkanik bikin bodi motor cepat kusam kalau diparkir di luar, cover motor ini bantu melindunginya. 
                Home & Living
                    Kamar Bayi Aman dari Abu Vulkanik? Air Purifier HEPA Ini Bisa Jadi Andalan
 Air purifier HEPA H11 ini bantu saring debu halus dan tungau, cocok jaga udara kamar bayi tetap lebih aman. 
                Home & Living
                    Kenapa Abu Vulkanik Tetap Masuk Rumah Meski Pintu Tertutup Rapat?
 Celah bawah pintu jadi jalan masuk utama abu vulkanik, door seal 93cm ini bantu menutupnya rapat. 
                Dari perawatan wajah sampai tubuh, semua kebutuhanmu ada di sini. Cek pilihan Rekomendit!
        Perawatan dan Kecantikan
                    Rambut Kasar dan Susah Diatur? Kenalan dengan Hair Oil Multi-Fungsi Ini
                        Hair oil multi-use dengan hyaluronic acid dan avocado oil, bisa dipakai di rambut basah maupun kering. 
                Perawatan dan Kecantikan
                    Wajah Pria Kusam, Berjerawat, atau Sensitif? Pilih Facial Wash Sesuai Masalahmu
 3 facial wash pria untuk masalah beda, dari kusam energizing, jerawat oil control, sampai kulit sensitif aloevera. 
                Perawatan dan Kecantikan
                    Garis Halus Mulai Muncul di Usia 20-an? Coba Rutinitas Anti-Aging 2 Langkah Ini
 Paket Avoskin Retinol Toner dan Marine Collagen Serum, rutinitas anti-aging 2 langkah untuk garis halus dan tekstur kulit. 
                Perawatan dan Kecantikan
                    Catokan Curl Titanium, Beneran Bisa Hasilkan Korean Wave?
 Catokan curl berbahan pelat titanium ini diklaim hasilkan keriting natural ala Korea tanpa narik-narik rambut. 
                Perawatan dan Kecantikan
                    Parfum Ini Diklaim Bisa Bawa Kamu ke Memori Tertentu, Beneran Berhasil?
 Parfum niche ini rekonstruksi momen lewat aroma aldehyde floral musky, terinspirasi dari sprei bersih di pagi hari. 
                Kumpulan produk pilihan untuk bantu kamu semakin produktif di kantor atau sambil WFH
    Elektronik & Gadget
                    Alat Penerjemah AI Genggam Ini Diklaim Kuasai 148 Bahasa, Beneran Bisa Diandalkan?
Elektronik & Gadget
                    PLAUD Note Pro, Alat Perekam AI yang Bikin Rapat Nggak Perlu Dicatat Manual
Home & Living
                    Pexio X HBADA Evolve 3 Review: Kursi Ergonomis Certified BIFMA yang Ubah Cara Kamu Duduk Seharian
Elektronik & Gadget
                    Keychron Q1 V2 Review: Keyboard Mechanical QMK yang Bikin Pengalaman Typing Naik Level
Elektronik & Gadget
                    Mouse Wireless Logitech Ini Bikin Kerja Makin Fokus! Klik Tanpa Berisik
Rekomendasi Produk Lainnya
						Home & Living
					
Butuh Teko Listrik Untuk Panaskan Air di Kostan? Ini Pilihannya
						Bingung pilih teko listrik kapasitas besar atau mini? Ini panduan pilih sesuai kebutuhan keluarga atau personal di kos. 
				
						Kesehatan
					
Angka Timbangan Badan di Rumah Nggak Konsisten? Ini Cara Pakai yang Benar
						Bingung pilih timbangan smart atau basic? Ini cara pakai timbangan badan digital biar hasilnya akurat, dan kapan versi basic sudah cukup. 
				
						Kesehatan
					
Mata Perih Kena Paparan Abu? Kenali Tetes Mata yang Cocok Dipakai
						Mata perih dan kering kena abu vulkanik, dua tetes mata praktis ini bisa jadi pertolongan pertama. 
				
						Hobi dan Mainan
					
Motor Sering Parkir di Luar? 2 Cover Ini Bisa Bantu Lindungi Bodinya
						Abu vulkanik bikin bodi motor cepat kusam kalau diparkir di luar, cover motor ini bantu melindunginya. 
				
						Home & Living
					
Punya Rice Cooker Digital? Beberapa Menu Bisa Bikin Masak Makin Praktis
						Punya beberapa pilihan menu masak, rice cooker digital ini bisa dipakai lebih dari sekadar bikin nasi putih. 
				
						Perawatan dan Kecantikan
					
Pakai Lip Produk Sering Transfer ke Masker atau Gelas? Ini Cara Pakainya
						Lip cream glazed sering transfer ke masker atau gelas, ini cara pakai yang bantu bikin hasilnya lebih tahan lama. 
				
						Home & Living
					
Kamar Bayi Aman dari Abu Vulkanik? Air Purifier HEPA Ini Bisa Jadi Andalan
						Air purifier HEPA H11 ini bantu saring debu halus dan tungau, cocok jaga udara kamar bayi tetap lebih aman. 
				
						Home & Living
					
Kenapa Abu Vulkanik Tetap Masuk Rumah Meski Pintu Tertutup Rapat?
						Celah bawah pintu jadi jalan masuk utama abu vulkanik, door seal 93cm ini bantu menutupnya rapat. 
				
						Home & Living
					
Lantai Rumah Kena Tumpukan Abu? Ini 3 Alat Pel yang Bisa Bikin Bersih
						Abu vulkanik yang menempel di lantai perlu dibersihkan dengan cara yang tepat. Tiga alat pel ini bisa jadi pilihan untuk mempermudah prosesnya. 
				
						Pakaian Wanita
					
Outfit Andalan Belum Punya Outer Serbaguna? Jaket Oversize Ini Bisa Jadi Andalan Layering
						Rubee Light Jacket dari RiaMiranda x 3Mongkis ini jadi outer oversize serbaguna dengan kerah kulit yang gampang dipadukan. 
				
						Pakaian Wanita
					
Males Ribet Lilit Kain? Kebaya Set Praktis Ini Bisa Jadi Solusi Tanpa Pusing Padu Padan
						Kebaya set atasan dan rok ini bantu kamu tampil rapi ke acara formal tanpa proses lilit kain manual. 
				
						Home & Living
					
Mobil Kena Abu Vulkanik saat Parkir? Ini Solusi Cepatnya
						Mobil kena abu vulkanik saat parkir luar? Ini cara bersihin cepat pakai vacuum genggam isap tiup sebelum debunya menumpuk.",sport
39,"Service powered by
          Anda akan diarahkan ke halaman IAK
          
              
              Info Penting
            
            - Syarat dan ketentuan penggunaan produk/jasa berada sepenuhnya di bawah kebijakan IAK serta mitra pihak ketiga yang bekerja sama dengan IAK.
- Seluruh tanggung jawab yang berkaitan dengan pemesanan maupun penggunaan produk/layanan berada pada IAK dan pihak ketiga sebagai mitra detikcom.
- Informasi lebih lanjut mengenai syarat dan ketentuan IAK dapat diakses melalui tautan berikut: Syarat & Ketentuan IAK.",sport
40,"Service powered by
          Anda akan diarahkan ke halaman IAK
          
              
              Info Penting
            
            - Syarat dan ketentuan penggunaan produk/jasa berada sepenuhnya di bawah kebijakan IAK serta mitra pihak ketiga yang bekerja sama dengan IAK.
- Seluruh tanggung jawab yang berkaitan dengan pemesanan maupun penggunaan produk/layanan berada pada IAK dan pihak ketiga sebagai mitra detikcom.
- Informasi lebih lanjut mengenai syarat dan ketentuan IAK dapat diakses melalui tautan berikut: Syarat & Ketentuan IAK.",sport
41,"Service powered by
          Anda akan diarahkan ke halaman IAK
          
              
              Info Penting
            
            - Syarat dan ketentuan penggunaan produk/jasa berada sepenuhnya di bawah kebijakan IAK serta mitra pihak ketiga yang bekerja sama dengan IAK.
- Seluruh tanggung jawab yang berkaitan dengan pemesanan maupun penggunaan produk/layanan berada pada IAK dan pihak ketiga sebagai mitra detikcom.
- Informasi lebih lanjut mengenai syarat dan ketentuan IAK dapat diakses melalui tautan berikut: Syarat & Ketentuan IAK.",sport
42,"Service powered by
          Anda akan diarahkan ke halaman IAK
          
              
              Info Penting
            
            - Syarat dan ketentuan penggunaan produk/jasa berada sepenuhnya di bawah kebijakan IAK serta mitra pihak ketiga yang bekerja sama dengan IAK.
- Seluruh tanggung jawab yang berkaitan dengan pemesanan maupun penggunaan produk/layanan berada pada IAK dan pihak ketiga sebagai mitra detikcom.
- Informasi lebih lanjut mengenai syarat dan ketentuan IAK dapat diakses melalui tautan berikut: Syarat & Ketentuan IAK.",sport
43,"Service powered by
          Anda akan diarahkan ke halaman IAK
          
              
              Info Penting
            
            - Syarat dan ketentuan penggunaan produk/jasa berada sepenuhnya di bawah kebijakan IAK serta mitra pihak ketiga yang bekerja sama dengan IAK.
- Seluruh tanggung jawab yang berkaitan dengan pemesanan maupun penggunaan produk/layanan berada pada IAK dan pihak ketiga sebagai mitra detikcom.
- Informasi lebih lanjut mengenai syarat dan ketentuan IAK dapat diakses melalui tautan berikut: Syarat & Ketentuan IAK.",sport
44,"Service powered by
          Anda akan diarahkan ke halaman IAK
          
              
              Info Penting
            
            - Syarat dan ketentuan penggunaan produk/jasa berada sepenuhnya di bawah kebijakan IAK serta mitra pihak ketiga yang bekerja sama dengan IAK.
- Seluruh tanggung jawab yang berkaitan dengan pemesanan maupun penggunaan produk/layanan berada pada IAK dan pihak ketiga sebagai mitra detikcom.
- Informasi lebih lanjut mengenai syarat dan ketentuan IAK dapat diakses melalui tautan berikut: Syarat & Ketentuan IAK.",sport
45,"Service powered by
          Anda akan diarahkan ke halaman IAK
          
              
              Info Penting
            
            - Syarat dan ketentuan penggunaan produk/jasa berada sepenuhnya di bawah kebijakan IAK serta mitra pihak ketiga yang bekerja sama dengan IAK.
- Seluruh tanggung jawab yang berkaitan dengan pemesanan maupun penggunaan produk/layanan berada pada IAK dan pihak ketiga sebagai mitra detikcom.
- Informasi lebih lanjut mengenai syarat dan ketentuan IAK dapat diakses melalui tautan berikut: Syarat & Ketentuan IAK.",sport
46,"Service powered by
          Anda akan diarahkan ke halaman IAK
          
              
              Info Penting
            
            - Syarat dan ketentuan penggunaan produk/jasa berada sepenuhnya di bawah kebijakan IAK serta mitra pihak ketiga yang bekerja sama dengan IAK.
- Seluruh tanggung jawab yang berkaitan dengan pemesanan maupun penggunaan produk/layanan berada pada IAK dan pihak ketiga sebagai mitra detikcom.
- Informasi lebih lanjut mengenai syarat dan ketentuan IAK dapat diakses melalui tautan berikut: Syarat & Ketentuan IAK.",sport
47,"Service powered by
          Anda akan diarahkan ke halaman IAK
          
              
              Info Penting
            
            - Syarat dan ketentuan penggunaan produk/jasa berada sepenuhnya di bawah kebijakan IAK serta mitra pihak ketiga yang bekerja sama dengan IAK.
- Seluruh tanggung jawab yang berkaitan dengan pemesanan maupun penggunaan produk/layanan berada pada IAK dan pihak ketiga sebagai mitra detikcom.
- Informasi lebih lanjut mengenai syarat dan ketentuan IAK dapat diakses melalui tautan berikut: Syarat & Ketentuan IAK.",sport
48,"Informasi Berita Seputar Dunia Olahraga Terbaru
MENU
detikcom
Terpopuler
Live TV
Kirim Tulisan
Kategori Berita
detikNews
detikFinance
detikInet
detikHot
detikSport
Sepakbola
detikOto
detikTravel
detikFood
detikHealth
Wolipop
DetikX
20Detik
detikFoto
detikEdu
detikHikmah
detikProperti
detikPop
Daerah
detikJateng
detikJatim
detikJabar
detikSulsel
detikSumut
detikBali
detikSumbagsel
detikJogja
detikKalimantan
Layanan
For Your Business
Pasang Mata
adsmart
detikEvent
Trans Snow World
Trans Studio
Flying Over Indonesia
berbuatbaik.id
ziswafctarsa.id
Signature Awards
Bingkai.id
Trans Hotel Group
Community Connect
NEW
Rekomendit
NEW
Top Up & Tagihan
Game
Paket Data
Pulsa Prabayar
Token PLN
E-wallet
BPJS Kesehatan
PLN Pascabayar
PDAM
TV & Internet
Streaming
Detik Network
Hai Bunda
CNN Indonesia
CNBC Indonesia
Beautynesia
Female Daily
CXO Media
Cancel
Yang sedang ramai dicari
Loading...
Promoted
Terakhir yang dicari
Loading...
Home
MotoGP
Raket
Formula 1
Basket
Sepakbola
Sportstyle
Sport Lain
Foto Sport
Video Sport
Infografis
Indeks
Bold Riders Podium Picks
Most Popular
G-Sport
Jadwal Badminton
About The Game
0
Berita Terbaru
UPDATE
Asian Games 2026: Putri KW Pede dengan Komposisi Beregu Putri
Derrick Michael Wujudkan Mimpi Masa Kecil Tampil di Asian Games 2026
Dokter Perkirakan Kondisi Lengan Marc Marquez: Sekitar 50 Persen
Tekad Alwi Farhan Lampaui Batas di Asian Games 2026
Jadwal MotoGP San Marino 2026: Misi Marc Marquez Kejar Jorge Martin
Dari Hyrox ke 10K, Fanny Ghassani Pilih Pace Santai
1 jam yang lalu
Berita Terkait
Menjaga Gaya Hidup Sehat Lewat Hyrox
erafone Run 2026 Sukses Padukan Trail Run-Konser Musik di Tangkuban Perahu
News Feed
Indeks Berita
Ketum KOI Memastikan Atlet Terlayani dengan Baik di Nagoya
15 menit yang lalu
Persib Sadari Pertahanan Persija Jauh Lebih Kukuh
23 menit yang lalu
'Lamine Yamal Bisa Jadi Penentu Hasil Laga Sendirian'
38 menit yang lalu
Mbappe Tegaskan Saat ini Liga Champions Lebih Penting daripada Ballon d'Or
58 menit yang lalu
ADVERTISEMENT
SCROLL TO CONTINUE WITH CONTENT
PersijaÂ Panaskan MesinÂ Jelang Jamu Persib
1 jam yang lalu
Maresca Minta Pemain City Kurang-kurangi Backpass ke Donnarumma
1 jam yang lalu
Presiden FIFA Vs 100 Ribu Aduan
1 jam yang lalu
Jadwal Minggu Ini
Supported by:
Semua Liga
Liga Inggris
Liga Italia
Liga Spanyol
Liga Jerman
Liga Indonesia
Xabi Alonso Redam Isu Estevao Mau Cabut dari Chelsea
1 jam yang lalu
Mourinho: Real Madrid Vs Inter Milan Pertandingan Gila!
2 jam yang lalu
Luis Enrique Nggak Mau Ingat-ingat PSG Juara Bertahan Liga Champions
2 jam yang lalu
Asian Games 2026: Prabowo Janjikan Bonus Rp 3 M untuk Peraih Emas
2 jam yang lalu
Arsenal Masih 100%, Pede Banget Tantang Napoli
2 jam yang lalu
Raheem Sterling Tolak Tawaran Main di Klub Ini
2 jam yang lalu
Rizki Juniansyah Siap Debut di Asian Games 2026, Naik Kelas ke 85 Kg
3 jam yang lalu
Head-to-Head Persija Vs Persib: 10 Laga Terbaru Macan Kemayoran Kurang Oke
3 jam yang lalu
Legenda Timnas Prancis Sebut Mbappe Tak Layak Raih Ballon d'Or 2026
3 jam yang lalu
Mourinho: Inter Milan Tim Terbaik Italia
3 jam yang lalu
Napoli Vs Arsenal: Calafiori Nantikan Gemuruh Stadion Maradona
4 jam yang lalu
Yamal Cuma Kurang Trofi Liga Champions, Bertekad Juara di Musim Ini
4 jam yang lalu
Inter Milan Pulang dari Bernabeu dengan Kepala Tegak
4 jam yang lalu
Arsenal Mau Buka Liga Champions dengan 'Wow'
4 jam yang lalu
Persija Vs Persib: Perang Penggawa Timnas Indonesia!
5 jam yang lalu
Mourinho Selamatkan Vinicius dari Cemooh Suporter Real Madrid
5 jam yang lalu
Inter Milan Membayar Mahal Blunder-blunder Lini Belakang
5 jam yang lalu
CdM Todotua: Kami Monitoring Terus Kondisi di Nagoya
6 jam yang lalu
Ngerinya Haaland di Liga Champions: Satu Gol Per Laga
6 jam yang lalu
Mengapa Lionel Messi Masuk Nominasi Ballon d'Or 2026?
6 jam yang lalu
Asian Games 2026: Banjir Landa Nagoya, Menpora Yakin Jepang Punya Plan B
6 jam yang lalu
Fix! Persija Menjamu Persib di SUGBK
6 jam yang lalu
Australia Gagal ke Piala Asia U-20, Pemain Diaspora Indonesia Dibawa-bawa
7 jam yang lalu
Beda Nasib Dua Mbappe
7 jam yang lalu
Napoli Vs Arsenal: Il Partenopei Pincang
7 jam yang lalu
Haaland Samai Aguero, Jadi Top Skor Man City di Liga Champions
8 jam yang lalu
Michael Carrick Puas dengan Performa Rashford
8 jam yang lalu
Ketum KOI dan Menpora Mengukuhkan Tim Indonesia untuk Asian Games 2026
8 jam yang lalu
Liga Champions: John McGinn Cetak Gol Pembuka Musim, Gabung Messi-Ronaldo
8 jam yang lalu
Video Arteta Siap Tantang Napoli di Liga Champions: Rekor Kandang Mereka Kuat!
9 jam yang lalu
Lautaro Martinez Hanya Bisa Ucapkan Terima Kasih kepada Lionel Messi
9 jam yang lalu
Courtois Masuk 'Klub 100 Liga Champions', Kiper ke-8 dalam Daftar
9 jam yang lalu
Milan Punya Gaya Main yang Jelas di Bawah Asuhan Amorim
9 jam yang lalu
Jadwal Liga Champions Malam Ini: Arsenal, Liverpool, dan Barcelona Main
10 jam yang lalu
Chivu Tak Marah Inter Bikin Salah: Yang Penting Reaksinya
10 jam yang lalu
Top Skor Liga Champions: Haaland, Guirassy, dan Bartra Sama-sama 2 Gol
10 jam yang lalu
Video: Pelatih FC Porto Akui Haaland Salah Satu Striker Terbaik Dunia
11 jam yang lalu
Messi Segera Akuisisi Klub Divisi Dua Spanyol
11 jam yang lalu
Lamine Yamal Tak Akan Memohon agar Menang Ballon d'Or
11 jam yang lalu
MotoGP San Marino 2026: Jaga Puncak Klasemen Bukan Prioritas Jorge Martin
11 jam yang lalu
Porto Vs Man City Panas, Haaland Ribut dengan Rosario
11 jam yang lalu
Video: Pertandingan Liga Champions Beri Penghormatan ke Korban Banjir Nepal
12 jam yang lalu
Pemain Dortmund Dilarikan ke RS usai Tumbang saat Melawan Villarreal
12 jam yang lalu
Indeks Berita
Klasemen
Liga Inggris
Liga Italia
Liga Spanyol
Liga Jerman
Liga Indonesia
Supported by:
Selengkapnya
Tag Terpopuler
#
liga champions
#
ballon d'or 2026
#
real madrid
#
inter milan
#
liga spanyol
Berita Terpopuler
#1
Maresca Minta Pemain City Kurang-kurangi Backpass ke Donnarumma
#2
Mourinho: Real Madrid Vs Inter Milan Pertandingan Gila!
#3
Xabi Alonso Redam Isu Estevao Mau Cabut dari Chelsea
#4
Raheem Sterling Tolak Tawaran Main di Klub Ini
#5
Inter Milan Pulang dari Bernabeu dengan Kepala Tegak
Lihat Selengkapnya
Hide Ads",sport
49,"Senin, 07 Sep 2026 21:30 WIB             
        
				 Senin, 07 Sep 2026 18:30 WIB             
        
				 Minggu, 06 Sep 2026 18:45 WIB             
        
				 Minggu, 06 Sep 2026 16:45 WIB             
        
				 Minggu, 06 Sep 2026 15:15 WIB             
        
				 Jumat, 04 Sep 2026 18:30 WIB             
        
				 Kamis, 03 Sep 2026 19:30 WIB             
        
				 Kamis, 03 Sep 2026 18:30 WIB             
        
				 Rabu, 02 Sep 2026 22:15 WIB             
        
				 Rabu, 02 Sep 2026 18:10 WIB             
        
				 Selasa, 01 Sep 2026 20:30 WIB             
        
				 Selasa, 01 Sep 2026 19:18 WIB             
        
				 Selasa, 01 Sep 2026 18:50 WIB             
        
				 Selasa, 01 Sep 2026 17:30 WIB             
        
				 Selasa, 01 Sep 2026 16:30 WIB             
        
				 Selasa, 01 Sep 2026 04:50 WIB             
        
				 Senin, 31 Agu 2026 20:25 WIB             
        
				 Senin, 31 Agu 2026 17:10 WIB             
        
				 Senin, 31 Agu 2026 16:10 WIB             
        
				 Senin, 31 Agu 2026 12:10 WIB             
        
				 Senin, 31 Agu 2026 05:45 WIB             
        
				 Minggu, 30 Agu 2026 20:08 WIB             
        
				 Minggu, 30 Agu 2026 19:48 WIB             
        
				 Minggu, 30 Agu 2026 19:44 WIB             
        
				 Minggu, 30 Agu 2026 17:15 WIB             
        
				 Minggu, 30 Agu 2026 16:35 WIB             
        
				 Minggu, 30 Agu 2026 15:55 WIB             
        
				 Minggu, 30 Agu 2026 11:45 WIB             
        
				 Minggu, 30 Agu 2026 09:45 WIB             
        
				 Minggu, 30 Agu 2026 07:50 WIB             
        
				 Minggu, 30 Agu 2026 04:35 WIB             
        
				 Sabtu, 29 Agu 2026 20:56 WIB             
        
				 Sabtu, 29 Agu 2026 20:28 WIB             
        
				 Sabtu, 29 Agu 2026 18:42 WIB             
        
				 Sabtu, 29 Agu 2026 16:34 WIB             
        
				 Jumat, 28 Agu 2026 21:20 WIB             
        
				 Jumat, 28 Agu 2026 20:30 WIB             
        
				 Jumat, 28 Agu 2026 19:26 WIB             
        
				 Jumat, 28 Agu 2026 18:58 WIB             
        
				 Jumat, 28 Agu 2026 16:44 WIB             
        
				 Jumat, 28 Agu 2026 14:51 WIB             
        
				 Kamis, 27 Agu 2026 23:15 WIB             
        
				 Kamis, 27 Agu 2026 18:30 WIB             
        
				 Kamis, 27 Agu 2026 16:50 WIB             
        
				 Kamis, 27 Agu 2026 15:30 WIB             
        
				 Kamis, 27 Agu 2026 13:50 WIB             
        
				 Kamis, 27 Agu 2026 10:30 WIB             
        
				 Kamis, 27 Agu 2026 09:30 WIB             
        
				 Kamis, 27 Agu 2026 04:15 WIB             
        
				 Rabu, 26 Agu 2026 17:30 WIB             
        
Komentar Terbanyak
Messi Pensiun dari Timnas, Mourinho: Pemain yang Akan Kita Rindukan
Madrid Kalah, Mourinho Sindir Real Betis
Daftar Nominasi Ballon d'Or 2026 Rilis, Ada Nama Messi",sport
50,"13 jam yang lalu
        
				 19 jam yang lalu             
        
				 Selasa, 08 Sep 2026 18:50 WIB             
        
				 Selasa, 08 Sep 2026 12:50 WIB             
        
				 Selasa, 08 Sep 2026 11:50 WIB             
        
				 Selasa, 08 Sep 2026 02:56 WIB             
        
				 Senin, 07 Sep 2026 09:05 WIB             
        
				 Minggu, 06 Sep 2026 01:25 WIB             
        
				 Sabtu, 05 Sep 2026 00:10 WIB             
        
				 Jumat, 04 Sep 2026 21:38 WIB             
        
				 Kamis, 03 Sep 2026 23:15 WIB             
        
				 Kamis, 03 Sep 2026 21:30 WIB             
        
				 Kamis, 03 Sep 2026 17:23 WIB             
        
				 Kamis, 03 Sep 2026 10:46 WIB             
        
				 Kamis, 03 Sep 2026 01:50 WIB             
        
				 Rabu, 02 Sep 2026 16:53 WIB             
        
				 Rabu, 02 Sep 2026 10:31 WIB             
        
				 Selasa, 01 Sep 2026 22:16 WIB             
        
				 Selasa, 01 Sep 2026 17:25 WIB             
        
				 Selasa, 01 Sep 2026 09:47 WIB             
        
				 Selasa, 01 Sep 2026 01:40 WIB             
        
				 Senin, 31 Agu 2026 19:30 WIB             
        
				 Senin, 31 Agu 2026 02:50 WIB             
        
				 Minggu, 30 Agu 2026 23:45 WIB             
        
				 Selasa, 25 Agu 2026 23:20 WIB             
        
				 Selasa, 25 Agu 2026 18:55 WIB             
        
				 Senin, 24 Agu 2026 23:40 WIB             
        
				 Minggu, 23 Agu 2026 23:40 WIB             
        
				 Minggu, 23 Agu 2026 18:55 WIB             
        
				 Minggu, 23 Agu 2026 07:45 WIB             
        
				 Sabtu, 22 Agu 2026 20:40 WIB             
        
				 Sabtu, 22 Agu 2026 19:50 WIB             
        
				 Sabtu, 22 Agu 2026 13:51 WIB             
        
				 Sabtu, 22 Agu 2026 13:23 WIB             
        
				 Sabtu, 22 Agu 2026 11:22 WIB             
        
				 Sabtu, 22 Agu 2026 09:15 WIB             
        
				 Sabtu, 22 Agu 2026 00:45 WIB             
        
				 Jumat, 21 Agu 2026 21:31 WIB             
        
				 Jumat, 21 Agu 2026 20:39 WIB             
        
				 Jumat, 21 Agu 2026 19:30 WIB             
        
				 Jumat, 21 Agu 2026 18:30 WIB             
        
				 Jumat, 21 Agu 2026 16:30 WIB             
        
				 Jumat, 21 Agu 2026 15:30 WIB             
        
				 Jumat, 21 Agu 2026 14:28 WIB             
        
				 Jumat, 21 Agu 2026 13:58 WIB             
        
				 Jumat, 21 Agu 2026 13:03 WIB             
        
				 Jumat, 21 Agu 2026 07:00 WIB             
        
				 Jumat, 21 Agu 2026 03:30 WIB             
        
				 Kamis, 20 Agu 2026 23:17 WIB             
        
				 Kamis, 20 Agu 2026 21:07 WIB             
        
				 Kamis, 20 Agu 2026 19:51 WIB             
        
Komentar Terbanyak
Messi Pensiun dari Timnas, Mourinho: Pemain yang Akan Kita Rindukan
Madrid Kalah, Mourinho Sindir Real Betis
Daftar Nominasi Ballon d'Or 2026 Rilis, Ada Nama Messi",sport
51,"Senin, 07 Sep 2026 10:05 WIB
        
				 Minggu, 06 Sep 2026 22:55 WIB             
        
				 Minggu, 23 Agu 2026 22:51 WIB             
        
				 Sabtu, 22 Agu 2026 22:48 WIB             
        
				 Sabtu, 22 Agu 2026 18:31 WIB             
        
				 Jumat, 21 Agu 2026 20:30 WIB             
        
				 Senin, 27 Jul 2026 05:15 WIB             
        
				 Minggu, 26 Jul 2026 23:44 WIB             
        
				 Minggu, 19 Jul 2026 23:46 WIB             
        
				 Sabtu, 18 Jul 2026 23:45 WIB             
        
				 Minggu, 05 Jul 2026 23:19 WIB             
        
				 Sabtu, 04 Jul 2026 19:49 WIB             
        
				 Minggu, 28 Jun 2026 23:21 WIB             
        
				 Sabtu, 27 Jun 2026 23:29 WIB             
        
				 Minggu, 14 Jun 2026 22:23 WIB             
        
				 Minggu, 07 Jun 2026 23:12 WIB             
        
				 Sabtu, 06 Jun 2026 22:50 WIB             
        
				 Rabu, 03 Jun 2026 18:31 WIB             
        
				 Senin, 25 Mei  2026 09:05 WIB             
        
				 Minggu, 24 Mei  2026 09:05 WIB             
        
				 Jumat, 22 Mei  2026 09:50 WIB             
        
				 Senin, 04 Mei  2026 08:17 WIB             
        
				 Minggu, 03 Mei  2026 08:59 WIB             
        
				 Minggu, 03 Mei  2026 00:35 WIB             
        
				 Selasa, 31 Mar 2026 19:50 WIB             
        
				 Senin, 30 Mar 2026 14:15 WIB             
        
				 Senin, 30 Mar 2026 06:45 WIB             
        
				 Minggu, 15 Mar 2026 17:24 WIB             
        
				 Minggu, 15 Mar 2026 14:15 WIB             
        
				 Sabtu, 14 Mar 2026 16:00 WIB             
        
				 Sabtu, 14 Mar 2026 12:30 WIB             
        
				 Sabtu, 14 Mar 2026 10:08 WIB             
        
				 Minggu, 08 Mar 2026 13:15 WIB             
        
				 Sabtu, 07 Mar 2026 17:43 WIB             
        
				 Sabtu, 31 Jan 2026 12:15 WIB             
        
				 Kamis, 25 Des 2025 21:45 WIB             
        
				 Senin, 08 Des 2025 09:15 WIB             
        
				 Senin, 08 Des 2025 06:15 WIB             
        
				 Minggu, 07 Des 2025 21:47 WIB             
        
				 Jumat, 05 Des 2025 11:10 WIB             
        
				 Jumat, 05 Des 2025 07:15 WIB             
        
				 Senin, 01 Des 2025 20:17 WIB             
        
				 Senin, 01 Des 2025 06:35 WIB             
        
				 Sabtu, 29 Nov 2025 22:39 WIB             
        
				 Sabtu, 29 Nov 2025 10:00 WIB             
        
				 Senin, 24 Nov 2025 13:17 WIB             
        
				 Minggu, 23 Nov 2025 13:11 WIB             
        
				 Sabtu, 22 Nov 2025 16:00 WIB             
        
				 Senin, 10 Nov 2025 12:10 WIB             
        
				 Minggu, 09 Nov 2025 03:17 WIB             
        
				 Senin, 27 Okt 2025 17:45 WIB             
        
Komentar Terbanyak
Messi Pensiun dari Timnas, Mourinho: Pemain yang Akan Kita Rindukan
Madrid Kalah, Mourinho Sindir Real Betis
Daftar Nominasi Ballon d'Or 2026 Rilis, Ada Nama Messi",sport
52,"Selasa, 08 Sep 2026 18:15 WIB
        
				 Selasa, 08 Sep 2026 14:30 WIB             
        
				 Sabtu, 05 Sep 2026 16:45 WIB             
        
				 Sabtu, 05 Sep 2026 15:50 WIB             
        
				 Rabu, 26 Agu 2026 00:45 WIB             
        
				 Sabtu, 22 Agu 2026 21:10 WIB             
        
				 Kamis, 20 Agu 2026 14:50 WIB             
        
				 Selasa, 18 Agu 2026 20:40 WIB             
        
				 Senin, 10 Agu 2026 11:30 WIB             
        
				 Senin, 10 Agu 2026 02:10 WIB             
        
				 Sabtu, 08 Agu 2026 15:20 WIB             
        
				 Jumat, 07 Agu 2026 11:50 WIB             
        
				 Kamis, 06 Agu 2026 09:33 WIB             
        
				 Jumat, 31 Jul 2026 12:55 WIB             
        
				 Selasa, 28 Jul 2026 19:10 WIB             
        
				 Selasa, 14 Jul 2026 21:30 WIB             
        
				 Selasa, 07 Jul 2026 19:30 WIB             
        
				 Sabtu, 04 Jul 2026 15:50 WIB             
        
				 Jumat, 03 Jul 2026 19:20 WIB             
        
				 Rabu, 01 Jul 2026 05:15 WIB             
        
				 Rabu, 01 Jul 2026 01:15 WIB             
        
				 Minggu, 28 Jun 2026 23:53 WIB             
        
				 Sabtu, 27 Jun 2026 23:20 WIB             
        
				 Sabtu, 27 Jun 2026 15:50 WIB             
        
				 Sabtu, 27 Jun 2026 13:50 WIB             
        
				 Jumat, 26 Jun 2026 18:30 WIB             
        
				 Sabtu, 20 Jun 2026 15:20 WIB             
        
				 Jumat, 19 Jun 2026 00:15 WIB             
        
				 Kamis, 18 Jun 2026 22:15 WIB             
        
				 Rabu, 17 Jun 2026 23:52 WIB             
        
				 Selasa, 16 Jun 2026 21:50 WIB             
        
				 Selasa, 16 Jun 2026 09:15 WIB             
        
				 Minggu, 14 Jun 2026 10:44 WIB             
        
				 Minggu, 14 Jun 2026 00:30 WIB             
        
				 Sabtu, 13 Jun 2026 00:15 WIB             
        
				 Jumat, 12 Jun 2026 07:50 WIB             
        
				 Jumat, 12 Jun 2026 01:30 WIB             
        
				 Kamis, 11 Jun 2026 17:10 WIB             
        
				 Kamis, 11 Jun 2026 10:40 WIB             
        
				 Rabu, 10 Jun 2026 18:10 WIB             
        
				 Selasa, 09 Jun 2026 19:30 WIB             
        
				 Selasa, 09 Jun 2026 11:00 WIB             
        
				 Minggu, 07 Jun 2026 23:09 WIB             
        
				 Minggu, 07 Jun 2026 18:15 WIB             
        
				 Sabtu, 06 Jun 2026 22:40 WIB             
        
				 Sabtu, 06 Jun 2026 14:25 WIB             
        
				 Sabtu, 06 Jun 2026 11:45 WIB             
        
				 Sabtu, 06 Jun 2026 10:31 WIB             
        
				 Kamis, 04 Jun 2026 10:51 WIB             
        
				 Senin, 01 Jun 2026 15:15 WIB             
        
				 Senin, 01 Jun 2026 01:30 WIB             
        
Komentar Terbanyak
Messi Pensiun dari Timnas, Mourinho: Pemain yang Akan Kita Rindukan
Madrid Kalah, Mourinho Sindir Real Betis
Daftar Nominasi Ballon d'Or 2026 Rilis, Ada Nama Messi",sport
53,"Berita Sepakbola Terbaru Nasional dan Internasional
MENU
detikcom
Terpopuler
Live TV
Kirim Tulisan
Kategori Berita
detikNews
detikFinance
detikInet
detikHot
detikSport
Sepakbola
detikOto
detikTravel
detikFood
detikHealth
Wolipop
DetikX
20Detik
detikFoto
detikEdu
detikHikmah
detikProperti
detikPop
Daerah
detikJateng
detikJatim
detikJabar
detikSulsel
detikSumut
detikBali
detikSumbagsel
detikJogja
detikKalimantan
Layanan
For Your Business
Pasang Mata
adsmart
detikEvent
Trans Snow World
Trans Studio
Flying Over Indonesia
berbuatbaik.id
ziswafctarsa.id
Signature Awards
Bingkai.id
Trans Hotel Group
Community Connect
NEW
Rekomendit
NEW
Top Up & Tagihan
Game
Paket Data
Pulsa Prabayar
Token PLN
E-wallet
BPJS Kesehatan
PLN Pascabayar
PDAM
TV & Internet
Streaming
Detik Network
Hai Bunda
CNN Indonesia
CNBC Indonesia
Beautynesia
Female Daily
CXO Media
Cancel
Yang sedang ramai dicari
Loading...
Promoted
Terakhir yang dicari
Loading...
Home
Liga Inggris
Liga Italia
Liga Spanyol
Liga Jerman
Liga Indonesia
UEFA
Dunia
Indeks
detikSport
Terpopuler
Jadwal Pertandingan
Klasemen Liga
Hasil Pertandingan
Man of The Match
Gila Bola
Foto
Video
Infografis
Liga Inggris
Liga Italia
Liga Spanyol
Liga Indonesia
Manchester City
Arsenal
Hull City
Chelsea
Brentford
Newcastle United
Liverpool
Everton
Leeds United
Brighton & Hove Albion
Manchester United
Sunderland
Ipswich Town
Crystal Palace
AFC Bournemouth
Nottingham Forest
Tottenham Hotspur
Aston Villa
Fulham
Coventry City
0
Berita Terbaru
UPDATE
Real Madrid Vs Inter Milan: Blunder Fatal Josep Martinez
Dicoret Dembele, Lamine Yamal: Dia kan Teman Mbappe!
Porto Vs Man City Panas, Haaland Ribut dengan Rosario
Klasemen Sementara Liga Champions: Man City di Puncak
Hasil Liga Champions Tadi Malam: Real Madrid dan Man City Menang
Enzo Fernandez Bahagia Banget Tetap Dilatih Maresca
7 menit yang lalu
Berita Terkait
Haaland Minim Pramusim, Khawatir Performanya Turun
Carrick Sebut MU Baik-baik saja
News Feed
Indeks Berita
Persib Sadari Pertahanan Persija Jauh Lebih Kukuh
23 menit yang lalu
Jadwal Minggu Ini
Supported by:
Semua Liga
Liga Inggris
Liga Italia
Liga Spanyol
Liga Indonesia
'Lamine Yamal Bisa Jadi Penentu Hasil Laga Sendirian'
38 menit yang lalu
Mbappe Tegaskan Saat ini Liga Champions Lebih Penting daripada Ballon d'Or
57 menit yang lalu
PersijaÂ Panaskan MesinÂ Jelang Jamu Persib
1 jam yang lalu
ADVERTISEMENT
SCROLL TO CONTINUE WITH CONTENT
Polling
Maresca Minta Pemain City Kurang-kurangi Backpass ke Donnarumma
1 jam yang lalu
Presiden FIFA Vs 100 Ribu Aduan
1 jam yang lalu
Xabi Alonso Redam Isu Estevao Mau Cabut dari Chelsea
1 jam yang lalu
Mourinho: Real Madrid Vs Inter Milan Pertandingan Gila!
2 jam yang lalu
Luis Enrique Nggak Mau Ingat-ingat PSG Juara Bertahan Liga Champions
2 jam yang lalu
Arsenal Masih 100%, Pede Banget Tantang Napoli
2 jam yang lalu
Raheem Sterling Tolak Tawaran Main di Klub Ini
2 jam yang lalu
Head-to-Head Persija Vs Persib: 10 Laga Terbaru Macan Kemayoran Kurang Oke
3 jam yang lalu
Legenda Timnas Prancis Sebut Mbappe Tak Layak Raih Ballon d'Or 2026
3 jam yang lalu
Mourinho: Inter Milan Tim Terbaik Italia
3 jam yang lalu
Napoli Vs Arsenal: Calafiori Nantikan Gemuruh Stadion Maradona
4 jam yang lalu
Yamal Cuma Kurang Trofi Liga Champions, Bertekad Juara di Musim Ini
4 jam yang lalu
Inter Milan Pulang dari Bernabeu dengan Kepala Tegak
4 jam yang lalu
Arsenal Mau Buka Liga Champions dengan 'Wow'
4 jam yang lalu
Persija Vs Persib: Perang Penggawa Timnas Indonesia!
5 jam yang lalu
Mourinho Selamatkan Vinicius dari Cemooh Suporter Real Madrid
5 jam yang lalu
Inter Milan Membayar Mahal Blunder-blunder Lini Belakang
5 jam yang lalu
Ngerinya Haaland di Liga Champions: Satu Gol Per Laga
6 jam yang lalu
Mengapa Lionel Messi Masuk Nominasi Ballon d'Or 2026?
6 jam yang lalu
Fix! Persija Menjamu Persib di SUGBK
6 jam yang lalu
Australia Gagal ke Piala Asia U-20, Pemain Diaspora Indonesia Dibawa-bawa
7 jam yang lalu
Beda Nasib Dua Mbappe
7 jam yang lalu
Napoli Vs Arsenal: Il Partenopei Pincang
7 jam yang lalu
Haaland Samai Aguero, Jadi Top Skor Man City di Liga Champions
8 jam yang lalu
Michael Carrick Puas dengan Performa Rashford
8 jam yang lalu
Liga Champions: John McGinn Cetak Gol Pembuka Musim, Gabung Messi-Ronaldo
8 jam yang lalu
Video Arteta Siap Tantang Napoli di Liga Champions: Rekor Kandang Mereka Kuat!
9 jam yang lalu
Lautaro Martinez Hanya Bisa Ucapkan Terima Kasih kepada Lionel Messi
9 jam yang lalu
Courtois Masuk 'Klub 100 Liga Champions', Kiper ke-8 dalam Daftar
9 jam yang lalu
Milan Punya Gaya Main yang Jelas di Bawah Asuhan Amorim
9 jam yang lalu
Jadwal Liga Champions Malam Ini: Arsenal, Liverpool, dan Barcelona Main
10 jam yang lalu
Chivu Tak Marah Inter Bikin Salah: Yang Penting Reaksinya
10 jam yang lalu
Top Skor Liga Champions: Haaland, Guirassy, dan Bartra Sama-sama 2 Gol
10 jam yang lalu
Video: Pelatih FC Porto Akui Haaland Salah Satu Striker Terbaik Dunia
11 jam yang lalu
Messi Segera Akuisisi Klub Divisi Dua Spanyol
11 jam yang lalu
Lamine Yamal Tak Akan Memohon agar Menang Ballon d'Or
11 jam yang lalu
Porto Vs Man City Panas, Haaland Ribut dengan Rosario
11 jam yang lalu
Video: Pertandingan Liga Champions Beri Penghormatan ke Korban Banjir Nepal
12 jam yang lalu
Pemain Dortmund Dilarikan ke RS usai Tumbang saat Melawan Villarreal
12 jam yang lalu
Martinez Doakan Alvarez Cepat Move On usai Gagal ke Barcelona
12 jam yang lalu
Mac Allister Sedih Tak Ditawari Kontrak Baru di Liverpool
12 jam yang lalu
Bos-bos Como Berikan Jatah Tiket Liga Champions ke Suporter Lansia
13 jam yang lalu
Klasemen Sementara Liga Champions: Man City di Puncak
13 jam yang lalu
Dicoret Dembele, Lamine Yamal: Dia kan Teman Mbappe!
14 jam yang lalu
Real Madrid Vs Inter Milan: Blunder Fatal Josep Martinez
14 jam yang lalu
Hasil Liga Champions Tadi Malam: Real Madrid dan Man City Menang
14 jam yang lalu
Indeks Berita
Jadwal Hari Ini
Semua Liga
Liga Inggris
Liga Italia
Liga Spanyol
Liga Indonesia
Selengkapnya
Klasemen
Liga Inggris
Liga Italia
Liga Spanyol
Liga Indonesia
Supported by:
Selengkapnya
Berita Terpopuler
#1
Maresca Minta Pemain City Kurang-kurangi Backpass ke Donnarumma
#2
Mourinho: Real Madrid Vs Inter Milan Pertandingan Gila!
#3
Xabi Alonso Redam Isu Estevao Mau Cabut dari Chelsea
#4
Raheem Sterling Tolak Tawaran Main di Klub Ini
#5
Inter Milan Pulang dari Bernabeu dengan Kepala Tegak
Lihat Selengkapnya
Komentar Terbanyak
21
Komentar
Messi Pensiun dari Timnas, Mourinho: Pemain yang Akan Kita Rindukan
18
Komentar
Madrid Kalah, Mourinho Sindir Real Betis
18
Komentar
Daftar Nominasi Ballon d'Or 2026 Rilis, Ada Nama Messi
Hide Ads
Komentar Terbanyak
Messi Pensiun dari Timnas, Mourinho: Pemain yang Akan Kita Rindukan
Madrid Kalah, Mourinho Sindir Real Betis
Daftar Nominasi Ballon d'Or 2026 Rilis, Ada Nama Messi",sport
54,"1 jam yang lalu
        
				 Selasa, 08 Sep 2026 15:47 WIB             
        
				 Selasa, 08 Sep 2026 07:11 WIB             
        
				 Selasa, 08 Sep 2026 04:15 WIB             
        
				 Selasa, 08 Sep 2026 03:20 WIB             
        
				 Senin, 07 Sep 2026 00:35 WIB             
        
				 Sabtu, 05 Sep 2026 23:15 WIB             
        
				 Jumat, 04 Sep 2026 06:15 WIB             
        
				 Kamis, 03 Sep 2026 22:15 WIB             
        
				 Kamis, 03 Sep 2026 02:50 WIB             
        
				 Selasa, 01 Sep 2026 23:15 WIB             
        
				 Minggu, 30 Agu 2026 23:51 WIB             
        
				 Minggu, 30 Agu 2026 22:15 WIB             
        
				 Minggu, 30 Agu 2026 09:21 WIB             
        
				 Minggu, 30 Agu 2026 03:55 WIB             
        
				 Sabtu, 29 Agu 2026 07:45 WIB             
        
				 Jumat, 28 Agu 2026 22:45 WIB             
        
				 Jumat, 28 Agu 2026 08:41 WIB             
        
				 Kamis, 27 Agu 2026 21:40 WIB             
        
				 Kamis, 27 Agu 2026 17:05 WIB             
        
				 Kamis, 27 Agu 2026 15:55 WIB             
        
				 Kamis, 27 Agu 2026 00:15 WIB             
        
				 Minggu, 23 Agu 2026 22:40 WIB             
        
				 Jumat, 21 Agu 2026 14:10 WIB             
        
				 Kamis, 20 Agu 2026 07:15 WIB             
        
				 Rabu, 19 Agu 2026 13:50 WIB             
        
				 Sabtu, 15 Agu 2026 09:05 WIB             
        
				 Jumat, 14 Agu 2026 14:42 WIB             
        
				 Jumat, 14 Agu 2026 12:50 WIB             
        
				 Rabu, 12 Agu 2026 17:10 WIB             
        
				 Senin, 10 Agu 2026 14:45 WIB             
        
				 Minggu, 09 Agu 2026 23:40 WIB             
        
				 Sabtu, 08 Agu 2026 00:50 WIB             
        
				 Rabu, 05 Agu 2026 08:22 WIB             
        
				 Selasa, 04 Agu 2026 08:15 WIB             
        
				 Senin, 03 Agu 2026 16:50 WIB             
        
				 Senin, 03 Agu 2026 07:35 WIB             
        
				 Senin, 03 Agu 2026 03:15 WIB             
        
				 Jumat, 31 Jul 2026 19:05 WIB             
        
				 Jumat, 31 Jul 2026 01:52 WIB             
        
				 Kamis, 30 Jul 2026 13:29 WIB             
        
				 Selasa, 28 Jul 2026 17:10 WIB             
        
				 Senin, 27 Jul 2026 20:15 WIB             
        
				 Sabtu, 25 Jul 2026 09:57 WIB             
        
				 Selasa, 21 Jul 2026 06:40 WIB             
        
				 Selasa, 21 Jul 2026 00:10 WIB             
        
				 Senin, 20 Jul 2026 03:35 WIB             
        
				 Jumat, 17 Jul 2026 23:40 WIB             
        
				 Jumat, 17 Jul 2026 16:35 WIB             
        
				 Kamis, 16 Jul 2026 14:30 WIB             
        
				 Selasa, 14 Jul 2026 18:06 WIB             
        
Komentar Terbanyak
Messi Pensiun dari Timnas, Mourinho: Pemain yang Akan Kita Rindukan
Madrid Kalah, Mourinho Sindir Real Betis
Daftar Nominasi Ballon d'Or 2026 Rilis, Ada Nama Messi",sport
55,"15 menit yang lalu
        
				 6 jam yang lalu             
        
				 18 jam yang lalu             
        
				 21 jam yang lalu             
        
				 Selasa, 08 Sep 2026 19:25 WIB             
        
				 Selasa, 08 Sep 2026 08:10 WIB             
        
				 Senin, 07 Sep 2026 23:38 WIB             
        
				 Minggu, 06 Sep 2026 21:40 WIB             
        
				 Minggu, 06 Sep 2026 02:25 WIB             
        
				 Sabtu, 05 Sep 2026 22:45 WIB             
        
				 Sabtu, 05 Sep 2026 14:15 WIB             
        
				 Sabtu, 05 Sep 2026 01:10 WIB             
        
				 Jumat, 04 Sep 2026 23:15 WIB             
        
				 Jumat, 04 Sep 2026 22:35 WIB             
        
				 Jumat, 04 Sep 2026 14:15 WIB             
        
				 Jumat, 04 Sep 2026 12:50 WIB             
        
				 Kamis, 03 Sep 2026 21:20 WIB             
        
				 Kamis, 03 Sep 2026 16:15 WIB             
        
				 Kamis, 03 Sep 2026 11:50 WIB             
        
				 Rabu, 02 Sep 2026 02:44 WIB             
        
				 Selasa, 01 Sep 2026 23:45 WIB             
        
				 Selasa, 01 Sep 2026 14:30 WIB             
        
				 Selasa, 01 Sep 2026 12:30 WIB             
        
				 Selasa, 01 Sep 2026 11:30 WIB             
        
				 Selasa, 01 Sep 2026 08:25 WIB             
        
				 Selasa, 01 Sep 2026 02:40 WIB             
        
				 Senin, 31 Agu 2026 23:35 WIB             
        
				 Senin, 31 Agu 2026 22:15 WIB             
        
				 Senin, 31 Agu 2026 01:50 WIB             
        
				 Senin, 31 Agu 2026 00:50 WIB             
        
				 Minggu, 30 Agu 2026 04:55 WIB             
        
				 Sabtu, 29 Agu 2026 22:30 WIB             
        
				 Sabtu, 29 Agu 2026 19:40 WIB             
        
				 Sabtu, 29 Agu 2026 19:10 WIB             
        
				 Sabtu, 29 Agu 2026 18:05 WIB             
        
				 Sabtu, 29 Agu 2026 17:40 WIB             
        
				 Sabtu, 29 Agu 2026 08:25 WIB             
        
				 Sabtu, 29 Agu 2026 02:45 WIB             
        
				 Jumat, 28 Agu 2026 17:50 WIB             
        
				 Jumat, 28 Agu 2026 15:50 WIB             
        
				 Jumat, 28 Agu 2026 12:34 WIB             
        
				 Kamis, 27 Agu 2026 00:20 WIB             
        
				 Rabu, 26 Agu 2026 21:17 WIB             
        
				 Selasa, 25 Agu 2026 20:50 WIB             
        
				 Selasa, 25 Agu 2026 17:55 WIB             
        
				 Senin, 24 Agu 2026 21:30 WIB             
        
				 Senin, 24 Agu 2026 20:50 WIB             
        
Komentar Terbanyak
Messi Pensiun dari Timnas, Mourinho: Pemain yang Akan Kita Rindukan
Madrid Kalah, Mourinho Sindir Real Betis
Daftar Nominasi Ballon d'Or 2026 Rilis, Ada Nama Messi",sport
56,"Foto Sport
Kyrchyn Gorge Jadi Panggung World Nomad Games
Jumat, 04 Sep 2026 22:02 WIB
                 Pemandangan udara venue VI World Nomad Games terlihat di Kyrchyn Gorge, Issyk-Kul, Kyrgyzstan, saat ajang budaya dan olahraga nomaden berlangsung.
            
Komentar Terbanyak
Messi Pensiun dari Timnas, Mourinho: Pemain yang Akan Kita Rindukan
Madrid Kalah, Mourinho Sindir Real Betis
Daftar Nominasi Ballon d'Or 2026 Rilis, Ada Nama Messi",sport
57,"Video Arteta Siap Tantang Napoli di Liga Champions: Rekor Kandang Mereka Kuat!
9 jam yang lalu
                 Laga pembuka yang nggak mudah buat The Gunners! Namun Mikel Arteta menegaskan Arsenal siap bertempur di markas Napoli pada laga perdana Liga Champions. Sang manajer tetap mewaspadai atmosfer dan rekor kandang Napoli yang dinilainya sangat kuat.
Menurut kalian, mampukah Arsenal membawa pulang 3 poin dari Stadio Diego Armando Maradona? Tulis prediksi skor kalian di kolom komentar!
Komentar Terbanyak
Messi Pensiun dari Timnas, Mourinho: Pemain yang Akan Kita Rindukan
Madrid Kalah, Mourinho Sindir Real Betis
Daftar Nominasi Ballon d'Or 2026 Rilis, Ada Nama Messi",sport
58,"Informasi Berita Seputar Dunia Olahraga Terbaru
MENU
detikcom
Terpopuler
Live TV
Kirim Tulisan
Kategori Berita
detikNews
detikFinance
detikInet
detikHot
detikSport
Sepakbola
detikOto
detikTravel
detikFood
detikHealth
Wolipop
DetikX
20Detik
detikFoto
detikEdu
detikHikmah
detikProperti
detikPop
Daerah
detikJateng
detikJatim
detikJabar
detikSulsel
detikSumut
detikBali
detikSumbagsel
detikJogja
detikKalimantan
Layanan
For Your Business
Pasang Mata
adsmart
detikEvent
Trans Snow World
Trans Studio
Flying Over Indonesia
berbuatbaik.id
ziswafctarsa.id
Signature Awards
Bingkai.id
Trans Hotel Group
Community Connect
NEW
Rekomendit
NEW
Top Up & Tagihan
Game
Paket Data
Pulsa Prabayar
Token PLN
E-wallet
BPJS Kesehatan
PLN Pascabayar
PDAM
TV & Internet
Streaming
Detik Network
Hai Bunda
CNN Indonesia
CNBC Indonesia
Beautynesia
Female Daily
CXO Media
Cancel
Yang sedang ramai dicari
Loading...
Promoted
Terakhir yang dicari
Loading...
Home
MotoGP
Raket
Formula 1
Basket
Sepakbola
Sportstyle
Sport Lain
Foto Sport
Video Sport
Infografis
Indeks
Bold Riders Podium Picks
Most Popular
G-Sport
Jadwal Badminton
About The Game
INFOGRAFIS
Rabu, 09 Sep 2026 20:39 WIB
Indeks Berita
Hide Ads",sport
59,"Indeks Informasi Berita Seputar Olahraga Terbaru - 1
MENU
detikcom
Terpopuler
Live TV
Kirim Tulisan
Kategori Berita
detikNews
detikFinance
detikInet
detikHot
detikSport
Sepakbola
detikOto
detikTravel
detikFood
detikHealth
Wolipop
DetikX
20Detik
detikFoto
detikEdu
detikHikmah
detikProperti
detikPop
Daerah
detikJateng
detikJatim
detikJabar
detikSulsel
detikSumut
detikBali
detikSumbagsel
detikJogja
detikKalimantan
Layanan
For Your Business
Pasang Mata
adsmart
detikEvent
Trans Snow World
Trans Studio
Flying Over Indonesia
berbuatbaik.id
ziswafctarsa.id
Signature Awards
Bingkai.id
Trans Hotel Group
Community Connect
NEW
Rekomendit
NEW
Top Up & Tagihan
Game
Paket Data
Pulsa Prabayar
Token PLN
E-wallet
BPJS Kesehatan
PLN Pascabayar
PDAM
TV & Internet
Streaming
Detik Network
Hai Bunda
CNN Indonesia
CNBC Indonesia
Beautynesia
Female Daily
CXO Media
Cancel
Yang sedang ramai dicari
Loading...
Promoted
Terakhir yang dicari
Loading...
Home
MotoGP
Raket
Formula 1
Basket
Sepakbola
Sportstyle
Sport Lain
Foto Sport
Video Sport
Infografis
Indeks
Bold Riders Podium Picks
Most Popular
G-Sport
Jadwal Badminton
About The Game
Indeks Berita
Sport
Lihat Berdasarkan Tanggal
Cari
Pilih Sub Kanal
Semua Berita
Basket
MotoGP
F1
Raket
Sepakbola
Sport Lain
G Sport
Video
Infografis
Foto
Sportstyle
Polling
News
Edu
Finance
Hot
Inet
Sport
Oto
Travel
Sepakbola
Food
Health
Wolipop
Jatim
Jateng
Jabar
Sulsel
Sumut
Bali
Hikmah
Sumbagsel
Properti
Jogja
Pop
Kalimantan
Ketum KOI Memastikan Atlet Terlayani dengan Baik di Nagoya
3 menit yang lalu
Dari Hyrox ke 10K, Fanny Ghassani Pilih Pace Santai
1 jam yang lalu
Asian Games 2026: Prabowo Janjikan Bonus Rp 3 M untuk Peraih Emas
2 jam yang lalu
Rizki Juniansyah Siap Debut di Asian Games 2026, Naik Kelas ke 85 Kg
2 jam yang lalu
CdM Todotua: Kami Monitoring Terus Kondisi di Nagoya
5 jam yang lalu
Asian Games 2026: Banjir Landa Nagoya, Menpora Yakin Jepang Punya Plan B
6 jam yang lalu
Ketum KOI dan Menpora Mengukuhkan Tim Indonesia untuk Asian Games 2026
8 jam yang lalu
MotoGP San Marino 2026: Jaga Puncak Klasemen Bukan Prioritas Jorge Martin
11 jam yang lalu
Ganda Campuran Indonesia Kembali Rombak Pemain
13 jam yang lalu
Ambisi Morgan Holindo Jadi Juara Nasional Eshark Rok Cup 2027
18 jam yang lalu
Men's World Tennis Championship: Hari Baik untuk Wakil RI
19 jam yang lalu
HUT TNI Akan Dimeriahkan Kejuaraan Tingkat Nasional di 8 Cabor
20 jam yang lalu
IHR 2026 Perluas Olahraga Pacuan Kuda Indonesia
21 jam yang lalu
Menuju Asian Games 2026, Ketum KOI Tekankan Kolaborasi
Selasa, 08 Sep 2026 19:25 WIB
Nova Widianto Mulai Tangani Ganda Campuran Pelatnas PBSI
Selasa, 08 Sep 2026 18:50 WIB
Timnas Basket Jadi Gelombang Pertama Datang ke Asian Games 2026
Selasa, 08 Sep 2026 18:15 WIB
Nikmati Keseruan Lari di Solo Run Fest 2026, Beli Tiketnya via BRImo!
Selasa, 08 Sep 2026 15:47 WIB
Timnas Basket Putra di Asian Games 2026, Menangi Laga Pertama Dulu
Selasa, 08 Sep 2026 14:30 WIB
Asian Games 2026: Putri KW Pede dengan Komposisi Beregu Putri
Selasa, 08 Sep 2026 12:50 WIB
Tekad Alwi Farhan Lampaui Batas di Asian Games 2026
Selasa, 08 Sep 2026 11:50 WIB
Prev
1
2
3
4
5
...
478
Next
Hide Ads",sport
60,"Asah insting balapmu, tebak 3 riders teratas MotoGP seri di Podium Picks, kumpulkan poin, dan hadiah menarik!
Buat akun gratis MPC Anda untuk mulai bermain
Tentukan 3 pembalap jagoanmu untuk posisi podium 1, 2, dan 3.
Pastikan pilihanmu sudah terkirim sebelum balapan dimulai.
Dapatkan poin dari setiap prediksi posisi yang tepat.
Raih puncak leaderboard dan menangkan hadiah grand prize!
Tebakan 1 Benar
Tebakan 2 Benar
Tebakan 3 Benar
                        Dapatkan tambahan +10 poin  hingga  +70 poin ekstra untuk setiap prediksi yang kamu kirimkan di setiap balapan.
                    
                - Kriteria Peserta
- Peserta harus berusia 18 tahun atau lebih.
- Warga negara Indonesia dan berdomisili di Indonesia.
- Keikutsertaan dalam program promosi ini tidak dipungut biaya.
- Cara Bermain
- Masuk dengan akun MPC atau daftar di connect.detik.com
- Buat prediksi untuk setiap balapan sebelum tenggat waktu
- Podium Picks akan dibuka sejak H-3 race dan ditutup 1 jam sebelum race dimulai
- Prediksi tidak dapat diubah setelah dikirim
- Poin diberikan berdasarkan akurasi prediksi
- Apabila terjadi penundaan seri saat peserta sudah memilih riders maka pilihan tersebut sudah tersimpan otomatis menjadi pilihannya ketika seri yang tertunda tersebut dilaksanakan kemudian hari
- Sistem Poin
- Tebakan podium 1 benar: +50 poin
- Tebakan podium 2 benar: +50 poin
- Tebakan podium 3 benar: +50 poin
- The Ultimate BOLD Bonus didapatkan sebagai poin ekstra untuk setiap race:
                                                                                
  - Circuito de Jerez - Angel Nieto, Spain +10 poin
  - Bugatti Circuit Le Mans, France +10 poin
  - Circuit de Barcelona-Catalunya, Catalonia +10 poin
  - Autodromo Internazionale del Mugello, Italy +10 poin
  - Balaton Park, Hungary +10 poin
  - Autodromo Internazionale del Mugello, Czechia +20 poin
  - TT Circuit Assen, Netherlands +10 poin
  - Sachsenring, Germany +10 poin
  - Silverstone Circuit, Great Britain +10 poin
  - MotorLand Aragon, Aragon +30 poin
  - Misano World Circuit Marco Simoncelli, San Marino +30 poin
  - Red Bull Ring - Spielberg, Austria +50 poin
  - Mobility Resort Motegi, Japan +50 poin
  - Pertamina Mandalika International Circuit, Indonesia +70 poin
  - Phillip Island Circuit, Australia +20 poin
  - Sepang International Circuit, Malaysia +50 poin
  - Lusail International Circuit, Qatar +10 poin
  - Algarve International Circuit, Portugal +50 poin
  - Circuit Ricardo Tormo, Valencia +70 poin
- Peserta yang tidak ikut Podium Picks pada race, maka tidak akan mendapatkan BOLD BONUS
- Hadiah
- Akan ada 2 kategori hadiah yang bisa detikers dapatkan:
                                        
  - Hadiah setiap race: Uang tunai masing-masing Rp250.000 untuk 2 detikers dengan poin tertinggi dan tercepat di hari itu
  - Hadiah Grand Prize:
                                                
 Juara 1: 1 Unit Motor Yamaha Aerox 155
 Juara 2: 1 Unit Samsung Galaxy A26 5G
Juara 3: 1 Unit Samsung A17
- Hadiah akan diberikan berdasarkan peringkat akhir di setiap akhir seri race.
- Pemenang akan dihubungi melalui email dalam 7 hari setelah musim berakhir.
- Peserta tidak diperbolehkan untuk melakukan pemilihan hadiah dari segi bentuk, tipe, atau warna apapun.
- Pajak hadiah ditanggung pemenang.
- Hadiah akan dikirimkan ke alamat bersangkutan sesuai dengan alamat yang telah diberikan saat konfirmasi pemenang oleh panitia penyelenggara.
- Ketentuan Pemenang
- Pemenang dipilih berdasarkan poin tertinggi dalam waktu tercepat
- Pengumuman pemenang akan dilakukan melalui detik.com/boldriderspodiumpicks
- Pihak Penyelenggara berhak untuk mendiskualifikasi peserta dan pemenang yang tidak memenuhi ketentuan yang telah ditentukan dalam ketentuan dan persyaratan kegiatan serta membatalkan atau mengambil/menarik kembali hadiah yang telah diterima oleh pemenang.
- Pemenang akan diverifikasi lewat email, apabila pemenang tidak dapat dihubungi dalam 3x24 jam maka dianggap gugur.
- Penentuan pemenang bersifat mutlak dan tidak dapat diganggu gugat. Kompetisi ini tidak dipungut biaya, hati-hati penipuan yang mengatasnamakan Pihak Penyelenggara
- Perubahan Ketentuan
- Penyelenggara berhak mengubah syarat dan ketentuan ini kapan saja. Peserta akan diberitahu tentang perubahan signifikan.
- Informasi atau pertanyaan lebih lanjut mengenai syarat dan ketentuan ini dapat diajukan melalui email ke info@detik.com
Terakhir diperbarui: 14 April 2026",sport
61,"Maresca Minta Pemain City Kurang-kurangi Backpass ke Donnarumma
Sepakbola | 1 jam yang lalu
					        Terakhir update : Rabu, 09 September 2026 20:39 WIB
	
        Tag Terpopuler :
    
    Sepakbola | 2 jam yang lalu
					        Sepakbola | 4 jam yang lalu
					        Sepakbola | 58 menit yang lalu
					        Sepakbola | 3 jam yang lalu
					        detikSport | 2 jam yang lalu
					        Sepakbola | 39 menit yang lalu
					        Sepakbola | 5 jam yang lalu
					        Sepakbola | 7 jam yang lalu
					        detikSport | 1 jam yang lalu",sport
62,"Kamis, 03 Sep 2026 00:30 WIB
        
				 Kamis, 27 Agu 2026 01:30 WIB             
        
				 Senin, 24 Agu 2026 12:50 WIB             
        
				 Minggu, 23 Agu 2026 19:30 WIB             
        
				 Senin, 17 Agu 2026 05:40 WIB             
        
				 Jumat, 14 Agu 2026 14:15 WIB             
        
				 Senin, 03 Agu 2026 05:40 WIB             
        
				 Sabtu, 01 Agu 2026 15:15 WIB             
        
				 Selasa, 28 Jul 2026 15:30 WIB             
        
				 Rabu, 15 Jul 2026 17:50 WIB             
        
				 Minggu, 12 Jul 2026 02:15 WIB             
        
				 Kamis, 09 Jul 2026 13:55 WIB             
        
				 Rabu, 08 Jul 2026 19:10 WIB             
        
				 Selasa, 09 Jun 2026 18:31 WIB             
        
				 Rabu, 03 Jun 2026 17:15 WIB             
        
				 Minggu, 31 Mei  2026 15:15 WIB             
        
				 Senin, 11 Mei  2026 19:30 WIB             
        
				 Senin, 27 Apr 2026 23:15 WIB             
        
				 Sabtu, 21 Feb 2026 18:45 WIB             
        
				 Jumat, 30 Jan 2026 19:16 WIB             
        
				 Selasa, 30 Des 2025 09:45 WIB             
        
				 Selasa, 30 Des 2025 08:30 WIB             
        
				 Selasa, 30 Des 2025 07:24 WIB             
        
				 Selasa, 30 Des 2025 06:00 WIB             
        
				 Selasa, 30 Des 2025 05:30 WIB             
        
				 Selasa, 30 Des 2025 05:00 WIB             
        
				 Selasa, 23 Des 2025 17:10 WIB             
        
				 Rabu, 03 Des 2025 23:50 WIB             
        
				 Rabu, 12 Nov 2025 23:50 WIB             
        
				 Rabu, 05 Nov 2025 23:15 WIB             
        
				 Senin, 06 Okt 2025 06:25 WIB             
        
				 Minggu, 05 Okt 2025 03:05 WIB             
        
				 Sabtu, 04 Okt 2025 01:35 WIB             
        
				 Jumat, 03 Okt 2025 01:15 WIB             
        
				 Kamis, 02 Okt 2025 02:55 WIB             
        
				 Rabu, 01 Okt 2025 07:15 WIB             
        
				 Selasa, 30 Sep 2025 04:48 WIB             
        
				 Kamis, 25 Sep 2025 23:00 WIB             
        
				 Selasa, 09 Sep 2025 15:30 WIB             
        
				 Senin, 25 Agu 2025 00:10 WIB             
        
				 Jumat, 15 Agu 2025 23:45 WIB             
        
				 Selasa, 05 Agu 2025 14:50 WIB             
        
				 Jumat, 25 Jul 2025 23:20 WIB             
        
				 Kamis, 17 Jul 2025 13:13 WIB             
        
				 Sabtu, 12 Jul 2025 15:45 WIB             
        
				 Sabtu, 12 Jul 2025 11:05 WIB             
        
				 Rabu, 09 Jul 2025 03:15 WIB             
        
				 Senin, 30 Jun 2025 23:35 WIB             
        
				 Senin, 23 Jun 2025 03:30 WIB             
        
				 Rabu, 18 Jun 2025 17:30 WIB             
        
				 Jumat, 13 Jun 2025 16:30 WIB             
        
Komentar Terbanyak
Messi Pensiun dari Timnas, Mourinho: Pemain yang Akan Kita Rindukan
Madrid Kalah, Mourinho Sindir Real Betis
Daftar Nominasi Ballon d'Or 2026 Rilis, Ada Nama Messi",sport
63,"Jadwal Turnamen Badminton BWF dan Sirnas 2025 Terlengkap - detikS
MENU
detikcom
Terpopuler
Live TV
Kirim Tulisan
Kategori Berita
detikNews
detikFinance
detikInet
detikHot
detikSport
Sepakbola
detikOto
detikTravel
detikFood
detikHealth
Wolipop
DetikX
20Detik
detikFoto
detikEdu
detikHikmah
detikProperti
detikPop
Daerah
detikJateng
detikJatim
detikJabar
detikSulsel
detikSumut
detikBali
detikSumbagsel
detikJogja
detikKalimantan
Layanan
For Your Business
Pasang Mata
adsmart
detikEvent
Trans Snow World
Trans Studio
Flying Over Indonesia
berbuatbaik.id
ziswafctarsa.id
Signature Awards
Bingkai.id
Trans Hotel Group
Community Connect
NEW
Rekomendit
NEW
Top Up & Tagihan
Game
Paket Data
Pulsa Prabayar
Token PLN
E-wallet
BPJS Kesehatan
PLN Pascabayar
PDAM
TV & Internet
Streaming
Detik Network
Hai Bunda
CNN Indonesia
CNBC Indonesia
Beautynesia
Female Daily
CXO Media
Cancel
Yang sedang ramai dicari
Loading...
Promoted
Terakhir yang dicari
Loading...
Home
MotoGP
Raket
Formula 1
Basket
Sepakbola
Sportstyle
Sport Lain
Foto Sport
Video Sport
Infografis
Indeks
Bold Riders Podium Picks
Most Popular
G-Sport
Jadwal Badminton
About The Game
JADWAL TURNAMEN BADMINTON 2026
ALL
COMPLETED
REMAINING
BWF
JANUARI
06 - 11 JANUARI
PETRONAS Malaysia Open 2026
STADIUM AXIATA ARENA, KL SPORTS CITY, BUKIT JALIL
PRIZE MONEY USD 1,450,000
13 - 18 JANUARI
YONEX-SUNRISE India Open 2026
Indira Gandhi Sports Complex
PRIZE MONEY USD 950,000
20 - 25 JANUARI
DAIHATSU Indonesia Masters 2026
Istora Senayan, Jakarta, Indonesia
PRIZE MONEY USD 500,000
FEBRUARI
27 - 01 FEBRUARI
PRINCESS SIRIVANNAVARI Thailand Masters 2026
Nimibutr Stadium, Patumwan, Thailand
PRIZE MONEY USD 250,000
MARET
24 - 01 MARET
YONEX German Open 2026
Westenergie Sporthalle
PRIZE MONEY USD 250,000
Hide Ads",sport
64,"Dender Pakai Apparel Buatan Indonesia
FCV Dender EH meluncurkan jersey kandang terbaru untuk musim 2025/2026. Klub asal Belgia itu memakai apparel asal Indonesia.
Bagi pelari, finish strong dan mencatat waktu terbaik (Personal Best) jadi idaman. New Balance FuelCell Rebel v5 bisa membantu untuk mencapai itu.
Satelit komunikasi Telstar punya relasi erat dengan ranah sepakbola, mulai dari kemunculan bola hitam-putih hingga klub Belanda. Begini kisahnya.
Pecinta trail run tentu dihadapkan pada medan yang di luar prediksi: tanah licin hingga bebatuan tajam: New Balance Hierro V9 membantu mengatasinya.",sport
65,"Informasi Berita Seputar Dunia Olahraga Terbaru
MENU
detikcom
Terpopuler
Live TV
Kirim Tulisan
Kategori Berita
detikNews
detikFinance
detikInet
detikHot
detikSport
Sepakbola
detikOto
detikTravel
detikFood
detikHealth
Wolipop
DetikX
20Detik
detikFoto
detikEdu
detikHikmah
detikProperti
detikPop
Daerah
detikJateng
detikJatim
detikJabar
detikSulsel
detikSumut
detikBali
detikSumbagsel
detikJogja
detikKalimantan
Layanan
For Your Business
Pasang Mata
adsmart
detikEvent
Trans Snow World
Trans Studio
Flying Over Indonesia
berbuatbaik.id
ziswafctarsa.id
Signature Awards
Bingkai.id
Trans Hotel Group
Community Connect
NEW
Rekomendit
NEW
Top Up & Tagihan
Game
Paket Data
Pulsa Prabayar
Token PLN
E-wallet
BPJS Kesehatan
PLN Pascabayar
PDAM
TV & Internet
Streaming
Detik Network
Hai Bunda
CNN Indonesia
CNBC Indonesia
Beautynesia
Female Daily
CXO Media
Cancel
Yang sedang ramai dicari
Loading...
Promoted
Terakhir yang dicari
Loading...
Home
MotoGP
Raket
Formula 1
Basket
Sepakbola
Sportstyle
Sport Lain
Foto Sport
Video Sport
Infografis
Indeks
Bold Riders Podium Picks
Most Popular
G-Sport
Jadwal Badminton
About The Game
0
Berita Terbaru
UPDATE
Asian Games 2026: Putri KW Pede dengan Komposisi Beregu Putri
Derrick Michael Wujudkan Mimpi Masa Kecil Tampil di Asian Games 2026
Dokter Perkirakan Kondisi Lengan Marc Marquez: Sekitar 50 Persen
Tekad Alwi Farhan Lampaui Batas di Asian Games 2026
Jadwal MotoGP San Marino 2026: Misi Marc Marquez Kejar Jorge Martin
Dari Hyrox ke 10K, Fanny Ghassani Pilih Pace Santai
1 jam yang lalu
Berita Terkait
Menjaga Gaya Hidup Sehat Lewat Hyrox
erafone Run 2026 Sukses Padukan Trail Run-Konser Musik di Tangkuban Perahu
News Feed
Indeks Berita
Ketum KOI Memastikan Atlet Terlayani dengan Baik di Nagoya
16 menit yang lalu
Persib Sadari Pertahanan Persija Jauh Lebih Kukuh
24 menit yang lalu
'Lamine Yamal Bisa Jadi Penentu Hasil Laga Sendirian'
39 menit yang lalu
Mbappe Tegaskan Saat ini Liga Champions Lebih Penting daripada Ballon d'Or
58 menit yang lalu
ADVERTISEMENT
SCROLL TO CONTINUE WITH CONTENT
PersijaÂ Panaskan MesinÂ Jelang Jamu Persib
1 jam yang lalu
Maresca Minta Pemain City Kurang-kurangi Backpass ke Donnarumma
1 jam yang lalu
Presiden FIFA Vs 100 Ribu Aduan
1 jam yang lalu
Jadwal Minggu Ini
Supported by:
Semua Liga
Liga Inggris
Liga Italia
Liga Spanyol
Liga Jerman
Liga Indonesia
Xabi Alonso Redam Isu Estevao Mau Cabut dari Chelsea
1 jam yang lalu
Mourinho: Real Madrid Vs Inter Milan Pertandingan Gila!
2 jam yang lalu
Luis Enrique Nggak Mau Ingat-ingat PSG Juara Bertahan Liga Champions
2 jam yang lalu
Asian Games 2026: Prabowo Janjikan Bonus Rp 3 M untuk Peraih Emas
2 jam yang lalu
Arsenal Masih 100%, Pede Banget Tantang Napoli
2 jam yang lalu
Raheem Sterling Tolak Tawaran Main di Klub Ini
2 jam yang lalu
Rizki Juniansyah Siap Debut di Asian Games 2026, Naik Kelas ke 85 Kg
3 jam yang lalu
Head-to-Head Persija Vs Persib: 10 Laga Terbaru Macan Kemayoran Kurang Oke
3 jam yang lalu
Legenda Timnas Prancis Sebut Mbappe Tak Layak Raih Ballon d'Or 2026
3 jam yang lalu
Mourinho: Inter Milan Tim Terbaik Italia
3 jam yang lalu
Napoli Vs Arsenal: Calafiori Nantikan Gemuruh Stadion Maradona
4 jam yang lalu
Yamal Cuma Kurang Trofi Liga Champions, Bertekad Juara di Musim Ini
4 jam yang lalu
Inter Milan Pulang dari Bernabeu dengan Kepala Tegak
4 jam yang lalu
Arsenal Mau Buka Liga Champions dengan 'Wow'
4 jam yang lalu
Persija Vs Persib: Perang Penggawa Timnas Indonesia!
5 jam yang lalu
Mourinho Selamatkan Vinicius dari Cemooh Suporter Real Madrid
5 jam yang lalu
Inter Milan Membayar Mahal Blunder-blunder Lini Belakang
5 jam yang lalu
CdM Todotua: Kami Monitoring Terus Kondisi di Nagoya
6 jam yang lalu
Ngerinya Haaland di Liga Champions: Satu Gol Per Laga
6 jam yang lalu
Mengapa Lionel Messi Masuk Nominasi Ballon d'Or 2026?
6 jam yang lalu
Asian Games 2026: Banjir Landa Nagoya, Menpora Yakin Jepang Punya Plan B
6 jam yang lalu
Fix! Persija Menjamu Persib di SUGBK
6 jam yang lalu
Australia Gagal ke Piala Asia U-20, Pemain Diaspora Indonesia Dibawa-bawa
7 jam yang lalu
Beda Nasib Dua Mbappe
7 jam yang lalu
Napoli Vs Arsenal: Il Partenopei Pincang
7 jam yang lalu
Haaland Samai Aguero, Jadi Top Skor Man City di Liga Champions
8 jam yang lalu
Michael Carrick Puas dengan Performa Rashford
8 jam yang lalu
Ketum KOI dan Menpora Mengukuhkan Tim Indonesia untuk Asian Games 2026
8 jam yang lalu
Liga Champions: John McGinn Cetak Gol Pembuka Musim, Gabung Messi-Ronaldo
8 jam yang lalu
Video Arteta Siap Tantang Napoli di Liga Champions: Rekor Kandang Mereka Kuat!
9 jam yang lalu
Lautaro Martinez Hanya Bisa Ucapkan Terima Kasih kepada Lionel Messi
9 jam yang lalu
Courtois Masuk 'Klub 100 Liga Champions', Kiper ke-8 dalam Daftar
9 jam yang lalu
Milan Punya Gaya Main yang Jelas di Bawah Asuhan Amorim
9 jam yang lalu
Jadwal Liga Champions Malam Ini: Arsenal, Liverpool, dan Barcelona Main
10 jam yang lalu
Chivu Tak Marah Inter Bikin Salah: Yang Penting Reaksinya
10 jam yang lalu
Top Skor Liga Champions: Haaland, Guirassy, dan Bartra Sama-sama 2 Gol
10 jam yang lalu
Video: Pelatih FC Porto Akui Haaland Salah Satu Striker Terbaik Dunia
11 jam yang lalu
Messi Segera Akuisisi Klub Divisi Dua Spanyol
11 jam yang lalu
Lamine Yamal Tak Akan Memohon agar Menang Ballon d'Or
11 jam yang lalu
MotoGP San Marino 2026: Jaga Puncak Klasemen Bukan Prioritas Jorge Martin
11 jam yang lalu
Porto Vs Man City Panas, Haaland Ribut dengan Rosario
11 jam yang lalu
Video: Pertandingan Liga Champions Beri Penghormatan ke Korban Banjir Nepal
12 jam yang lalu
Pemain Dortmund Dilarikan ke RS usai Tumbang saat Melawan Villarreal
12 jam yang lalu
Indeks Berita
Klasemen
Liga Inggris
Liga Italia
Liga Spanyol
Liga Jerman
Liga Indonesia
Supported by:
Selengkapnya
Tag Terpopuler
#
liga champions
#
ballon d'or 2026
#
real madrid
#
inter milan
#
liga spanyol
Berita Terpopuler
#1
Maresca Minta Pemain City Kurang-kurangi Backpass ke Donnarumma
#2
Mourinho: Real Madrid Vs Inter Milan Pertandingan Gila!
#3
Xabi Alonso Redam Isu Estevao Mau Cabut dari Chelsea
#4
Raheem Sterling Tolak Tawaran Main di Klub Ini
#5
Inter Milan Pulang dari Bernabeu dengan Kepala Tegak
Lihat Selengkapnya
Hide Ads",sport
66,"Putri Kusuma Wardani percaya diri dengan komposisi beregu putri yang dipilih PBSI untuk Asian Games 2026. Dia juga menyebut chemistry satu sama lain sudah klop.
Bulutangkis Indonesia mengirimkan 20 wakil untuk tampil di Aichi-Nagoya, 19 September hingga 4 Oktober mendatang. 10 Atlet di antaranya merupakan sektor beregu putri.
Yaitu Putri KW, Thalita R. Wiryawan, Ni Kadek Dhinda, Mutiara Ayu Puspitasari, Rachel Allessya Rose, Febi Setianingrum, Febriana Dwipuji Kusuma, Meilysa Trias Puspitasari, Siti Fadia Silva Ramadhanti, dan Nita Violina Marwah.
Putri menilai komposisi skuad bulutangkis Indonesia yang mengombinasikan pemain senior dan junior, tidak menemukan kendala dalam membangun koneksi di dalam tim.
Pengalaman berlaga bersama dalam beberapa kejuaraan beregu sebelumnya dinilai telah membentuk kekompakan antar-atlet.
""Dengan tim komposisi yang ada cukup kuat sih. Kita juga sudah lumayan dua atau tiga kali beregu bersama-sama, jadi sudah ketemu chemistry-nya di antara satu dan yang lain, baik tunggal maupun ganda,"" kata Putri dalam keterangannya dikutip Selasa (8/9/2026).
Tak hanya itu, seluruh rangkaian program latihan di Pelatnas sejauh ini berjalan dengan lancar dan kondusif. Sampai menjelang hari keberangkatan menuju Jepang, porsi latihan tim nasional kini lebih difokuskan pada penguatan di masing-masing sektor di bawah arahan tim pelatih.
""Yang pasti, kekurangan dari pertandingan sebelumnya menuju pertandingan Asian Games lebih ditingkatkan lagi,"" tambahnya.
Terkait peta persaingan di Asian Games 2026, Putri KW menilai kekuatan di sektor tunggal putri kawasan Asia tergolong sangat merata. Dia mewaspadai kekuatan para pemain dari negara-negara papan atas seperti China, Jepang, dan Korea Selatan.
""Kalau kekuatan sendiri di Asian Games menurut aku cukup merata ya dari Asia sendiri, terutama dari China, Jepang, dan Korea Selatan sih cukup kuat,"" tuturnya.
Pebulutangkis peringkat ke-7 dunia itu memasang target tinggi pada ajang Asian Games 2026.
Secara pribadi, Putri berambisi untuk dapat melangkah hingga ke babak akhir dan berdiri di atas podium. Hal ini juga sejalan dengan target medali yang dicanangkan oleh PP PBSI.
""Harapannya semoga tim bulu tangkis Indonesia bisa mendapatkan medali, dan terutama untuk pribadi aku sendiri, aku bisa menyumbangkan medali untuk Indonesia di ajang Asian Games,"" pungkas Putri.
Lihat juga Video; Hong Kong Open 2024: Sabar/Reza dan Putri KW Tumbang di Final",sport
67,"Mata Derrick Michael Xzavierro berbinar saat berbicara soal Asian Games 2026. Dia akan mewujudkan mimpi masa kecilnya!
""Aku ingat terakhir kali menonton Asian Games itu saat digelar di Jakarta. Asian Games di Jakarta benar-benar seperti mimpi buat aku. Waktu itu aku masih SMA dan datang ke Gelora Bung Karno hanya untuk menonton. Suasananya benar-benar bagus, begitu juga dengan penontonnya,"" kata Derrick saat ditemui di Jakarta Selatan, Sabtu (6/9/2026).
Tak ayal, saat mimpi itu terwujud, Derrick mengaku benar-benar antusias. Apalagi klub tempat ia bernaung saat ini, Saga Ballooners, mengizinkannya memperkuat Indonesia.
""Aku antusias banget karena ini pertama kalinya aku tampil di Asian Games,"" ujarnya.
""Ini juga merupakan salah satu impianku sejak kecil untuk bisa bermain di Asian Games. Jadi, aku ingin membuat semuanya benar-benar berarti.""
Di Asian Games, Derrick dan kawan-kawan langsung menghadapi tantangan besar. Ia akan melawan tuan rumah di Aichi-Nagoya pada 10 September 2026. Alih-alih gentar, Derrick justru makin semangat.
Apalagi, Derrick sudah terbiasa dengan atmosfer basket Jepang. Kini ia akan merasakannya dengan jersey Merah Putih.
""Kami akan bermain melawan Jepang. Aku tahu arenanya akan sangat besar, salah satu arena terbesar di B.League. Jadi, aku sangat excited untuk bermain di sana,"" ujarnya.
Tak hanya itu, Derrick juga semakin bersemangat karena rekan-rekannya di Jepang juga bakal mendukungnya secara penuh saat di Asian Games nanti.
""Oh iya, semua teman-teman saya di Jepang, B.League dan tim saya, benar-benar mendukung saya. Kemarin saya juga sempat latihan sekitar sebulan di sana. Mereka bilang, 'Kami akan menonton pertandinganmu. Lakukan yang terbaik. Kami akan mendukungmu.'""
""Walaupun mereka berasal dari Jepang, mereka tetap mendukung saya sebagai salah satu pemain mereka. Jadi, saya sangat beruntung bisa berada di Saga juga. Mereka memberikan dukungan penuh kepada Indonesia,"" ujarnya.
Pebasket berusia 23 tahun ini pun membeberkan target pribadinya dalam debutnya di Asian Games 2026.
""Target pribadi pastinya menang sebanyak-banyaknya dan memberikan kontribusi sebagus-bagusnya untuk tim. Semoga kami bisa memenangkan setiap pertandingan. Setidaknya kami bisa lolos ke grup berikutnya,"" kata Derrick.
""Untuk masyarakat Indonesia, aku sangat membutuhkan dukungan, full support. Jangan setengah-setengah dalam memberikan dukungan,"" ucapnya.
(mcy/aff)",sport
68,"Marc Marquez masih harus beradaptasi dengan kondisi lengan kanan yang jauh dari normal. Dokter yang pernah mengoperasinya, Samuel Antuna, mengungkap kekuatan lengan tersebut kini hanya sekitar 50 persen.
AntuÃ±a menjelaskan kondisi itu merupakan dampak dari berbagai cedera dan operasi yang dijalani Marc. Kecelakaan di MotoGP Indonesia tahun lalu menjadi titik balik karena kembali memperburuk kondisi lengan kanannya.
""Sebelum kecelakaan di Indonesia, dia baik-baik saja. Dia bisa balapan, tidak merasakan sakit dan tidak mengeluhkan apa pun. Kecelakaan itu mengubah semuanya,"" kata Antuna kepada El Periodico yang dilansir Motosan.
Masalah Marc kemudian semakin rumit karena saraf radial di lengannya sempat tertekan serpihan tulang. Kondisi itu membuatnya kehilangan kendali atas lengan saat berada dalam posisi tertentu di atas motor dan berkontribusi terhadap sejumlah kecelakaan.
Setelah menjalani operasi untuk mengatasi masalah tersebut, kondisinya membaik. Namun, kekuatan lengan kanannya tetap jauh di bawah lengan kiri.
""Dia memiliki latissimus dorsi yang kuat, tetapi secara mekanis terganggu. Hal yang sama berlaku pada teres major. Namun, masalah utamanya adalah dia kehilangan kekuatan pada bisep,"" ujar Antuna.
""Lengan itu sangat terbatas dalam hal kekuatan, terutama pada bisep. Saya memperkirakan kekuatannya sekitar 50 persen dari kapasitasnya,"" lanjutnya.
Antuna menegaskan Marc tidak kehilangan otot. Namun, sejumlah otot seperti trisep, latissimus dorsi, teres major, dan pektoralis mayor terdampak berbagai operasi sehingga mengalami perubahan dan sedikit atrofi.
Kondisi tersebut membuat lengan kanan Marc tidak memiliki kekuatan yang sama dengan lengan kirinya. Meski begitu, pebalap Ducati itu mampu beradaptasi dengan keterbatasan fisiknya dan tetap kompetitif di MotoGP.",sport
69,"Momen debut di Asian Games 2026 tak mau disia-siakan Alwi Farhan. Pebulutangkis tunggal putra Indonesia itu bertekad habis-habisan menguras kemampuan demi hasil terbaik di Aichi-Nagoya.
""Saya selalu nge-push diri saya to the limit setiap harinya,"" kata Alwi dalam keterangannya, Selasa (8/9/2026).
Bagi Alwi, Asian Games bukan turnamen biasa. Statusnya merupakan multievent terbesar se-Asia membuat atmosfernya terasa berbeda.
""Semuanya sakral bagi saya dan bagi semuanya, karena kami sangat amat berambisi untuk mencapai target,"" kata pebulutangkis 21 tahun itu.
Ia pun menyebut multievent ini sebagai panggung istimewa yang tidak semua orang bisa dapatkan.
""Di multievent ini tidak sembarang orang yang dipilih oleh Tuhan untuk bisa menjadi seorang juara. Selagi masih ada waktu, saya berdoa dan berusaha untuk bisa mendapatkan hasil terbaik,"" ucap Alwi.
Duduk di peringkat 11 dunia BWF, Alwi mengaku sudah mematangkan seluruh aspek persiapan menjelang debutnya.
""Alhamdulillah sejauh ini persiapannya cukup bagus. Persiapan dari segi mental, fisik, dan pikiran menjadi fokus utama menjelang kejuaraan pesta olahraga Asia itu,"" jelasnya.
Dia pun berharap bisa melampaui batas maksimal kemampuannya saat bertanding nanti.
Terlebih, PBSI mematok target emas di nomor beregu putra. Sementara untuk perorangan, Alwi memasang target pribadi yaitu medali.
""Di sektor ini semuanya bisa memberikan kejutan, baik yang di atas maupun di bawah. Jadi tidak menutup kemungkinan siapa pun bisa meraih gelar juara kalau dari dirinya sendiri memang siap dan matang dari segi mental,"" tuturnya.
""Mohon doa dan dukungannya,"" pungkas Alwi.
Asian Games 2026 akan berlangsung di Aichi-Nagoya pada 19 September hingga 4 Oktober. Bulutangkis Indonesia menurunkan 20 wakilnya dari putra dan putri.
Simak juga Video Alwi: Tak Pernah Terbayangkan Bisa Juara Indonesia Masters",sport
70,"MotoGP 2026 akan berlanjut ke San Marino. Seri ke-14 musim ini akan digelar di Misano World Circuit Marco Simoncelli pada 11-13 September 2026.
Jorge Martin untuk sementara masih memimpin klasemen MotoGP 2026. Tapi keunggulannya mulai tergerus setelah Marc Marquez tampil sempurna di Aragon.
Marc berhasil memenangi Sprint dan balapan utama di Aragon. Sementara Martin hanya finis kelima di kedua sesi tersebut.
Hasil itu membuat Marc memangkas jarak dengan Martin menjadi 19 poin. Martin kini mengoleksi 256 poin, sedangkan Marc mengumpulkan 237 poin. Marco Bezzecchi berada di posisi ketiga dengan 232 poin.
Balapan Aragon sendiri dimenangi Marc setelah tampil dominan. Ia meraih 25 poin dari balapan utama, sementara Martin hanya mendapat 11 poin. Data resmi MotoGP mencatat Marc finis pertama, Pedro Acosta kedua, Bezzecchi ketiga, dan Martin kelima.
Dengan sembilan seri tersisa, persaingan perebutan gelar pun semakin terbuka. Marc Marquez kini hanya berjarak kurang dari satu kemenangan penuh dari Jorge Martin. Kini selisih keduanya hanya 19 poin.
Bezzecchi juga belum bisa dicoret. Pebalap Aprilia itu hanya terpaut lima poin dari Marc dan 24 poin dari Martin. Artinya, tiga pebalap teratas masih berada dalam persaingan yang sangat ketat menuju paruh akhir musim.
Klasemen MotoGP 2026
Berikut klasemen sementara MotoGP 2026 setelah seri Aragon:
| Pos | Pebalap | Tim | Poin | 
|---|---|---|---|
| 1 | Jorge Martin | Aprilia Racing | 256 | 
| 2 | Marc Marquez | Ducati Lenovo Team | 237 | 
| 3 | Marco Bezzecchi | Aprilia Racing | 232 | 
| 4 | Fabio Di Giannantonio | VR46 Ducati | 208 | 
| 5 | Ai Ogura | Trackhouse Aprilia | 203 | 
| 6 | Pedro Acosta | KTM | 189 | 
| 7 | Raul Fernandez | Trackhouse Aprilia | 186 | 
| 8 | Francesco Bagnaia | Ducati Lenovo Team | 143 | 
| 9 | Alex Marquez | Gresini Ducati | 128 | 
| 10 | Fermin Aldeguer | Gresini Ducati | 90 | 
MotoGP San Marino Digelar di Misano
Seri San Marino berlangsung di Misano World Circuit Marco Simoncelli. Sirkuit tersebut memiliki panjang 4,23 kilometer, dengan 16 tikungan yang terdiri dari 10 tikungan kanan dan enam tikungan kiri. Balapan MotoGP dijadwalkan berlangsung selama 27 lap dengan total jarak 114,1 kilometer.
Rangkaian akhir pekan dimulai pada Jumat (11/9), dilanjutkan kualifikasi dan Sprint pada Sabtu (12/9), kemudian balapan utama pada Minggu (13/9). Nah, berikut jadwal lengkapnya dalam Waktu Indonesia Barat (WIB) berdasarkan jadwal resmi MotoGP.
MotoGP San Marino merupakan seri ke-14 dari kalender 2026 dan akan berlangsung di Misano pada 11-13 September.
Jadwal MotoGP San Marino 2026
Jumat, 11 September 2026
| Waktu WIB | Kelas | Sesi | 
|---|---|---|
| 14.00-14.35 | Moto3 | Free Practice 1 | 
| 14.50-15.30 | Moto2 | Free Practice 1 | 
| 15.45-16.30 | MotoGP | Free Practice 1 | 
| 18.15-18.50 | Moto3 | Practice | 
| 19.05-19.45 | Moto2 | Practice | 
| 20.00-21.00 | MotoGP | Practice | 
Sabtu, 12 September 2026
| Waktu WIB | Kelas | Sesi | 
|---|---|---|
| 13.40-14.10 | Moto3 | Free Practice 2 | 
| 14.25-14.55 | Moto2 | Free Practice 2 | 
| 15.10-15.40 | MotoGP | Free Practice 2 | 
| 15.50-16.05 | MotoGP | Qualifying 1 | 
| 16.15-16.30 | MotoGP | Qualifying 2 | 
| 17.45-18.00 | Moto3 | Qualifying 1 | 
| 18.10-18.25 | Moto3 | Qualifying 2 | 
| 18.40-18.55 | Moto2 | Qualifying 1 | 
| 19.05-19.20 | Moto2 | Qualifying 2 | 
| 20.00 WIB | MotoGP | Sprint, 13 lap | 
Minggu, 13 September 2026
| Waktu WIB | Kelas | Sesi | 
|---|---|---|
| 14.40-14.50 | MotoGP | Warm Up | 
| 16.00 WIB | Moto3 | Race, 20 lap | 
| 17.15 WIB | Moto2 | Race, 22 lap | 
| 19.00 WIB | MotoGP | Grand Prix, 27 lap |",sport
71,"Demam olahraga lari terus menjalar ke kalangan selebritas. Salah satu yang kini menggemari olahraga tersebut adalah Fanny Ghassani.
Setelah dua kali menjajal race, Fanny kini naik level. Sports enthusiast itu akan menjalani debut di nomor 10K RunXperience yang digelar pada awal Oktober 2026.
""Saya lari 5K sudah, 8K sudah, jadi habis itu 10K saja. Ini perdana bagi saya ikut di nomor tersebut,"" kata Fanny saat ditemui di kawasan Semanggi, Rabu (9/9/2026).
Bagi Fanny, 10K menjadi langkah sebelum nantinya mencoba Half Marathon atau Full Marathon. Namun, dia belum memasang target waktu dan memilih menikmati perlombaan.
""Enggak ada target sih. Saya kalau lari tuh inginnya menganggap lari tuh sesuatu yang fun gitu. Tidak pernah ada target. Saya belum sampai di tahap misalnya lari 10K harus satu jam gitu,"" dia mengungkapkan.
Kesibukan sebagai artis menjadi salah satu alasan Fanny tidak bisa memiliki waktu latihan yang teratur seperti pelari yang serius menekuni olahraga tersebut.
""Daripada saya terbebani dengan berapa waktu yang akan saya capai nanti, lebih baik yang penting larinya fun aja. Karena mengingat waktu latihan itu juga enggak akan bisa sama kayak mereka yang serius lari. Kerjaan kita kan tidak kayak pekerja kantoran pada umumnya,"" kata Fanny.
Fanny Ghassani Mulai Serius Lari karena Hyrox
Kegemaran Fanny terhadap lari juga didorong kebutuhannya meningkatkan kemampuan fisik untuk mengikuti Hyrox, kompetisi kebugaran yang memadukan lari dan latihan fungsional.
Sadar membutuhkan fisik yang lebih kuat untuk Hyrox, Fanny mau tak mau menambah latihan, khususnya dalam program lari. Dia bahkan sudah dua kali menjajal race untuk meningkatkan kemampuan fisiknya.
""Sebenarnya dari dulu aku penasaran kenapa tidak bisa lari. Karena kayak kok aku bisa enggak suka lari, di saat semua orang suka lari,"" tuturnya.
""Sampai akhirnya aku seriusi lari karena hyrox. Di hyrox itu aku harus delapan kali lari, delapan kali station, jadi mau enggak mau, aku harus belajar bagaimana caranya lari cepat. Di situ lah aku memaksa diri lari.""
""Jadi kalau ditanya siapa yang ajak (lari)? Enggak ada, dari diri sendiri saja. Kalau tak latihan lari, aku pasti KO. Sebab, habis lari, lalu narik, jadi harus di-combine,"" tegasnya.
Fanny Tak Mau Ngoyo
Meski kini mulai serius berlari, selebritas berusia 35 tahun itu tidak ingin terlalu ngoyo dalam mengikuti kompetisi lari, terutama dalam mengejar catatan waktu.
Fanny menyadari tujuan utama olahraga yang dilakukannya adalah menjaga kebugaran dan kesehatan.
""Aku ekspetasinya gitu (berdampak pada hyrox) tapi lebih dari itu lari buat kesehatan otot jantung. Sementara angkat beban lebih ke tulang, otot, yang dibentuk. Jadi aku juga perlu latihan untuk cardionya. Jadi aku mau,"" ujarnya.
""Tapi aku tak mau memaksakan diri mengingat aku bukan atlet atau waktu aku. Ini bukan pekerjaan aku, ya sadar diri saja. Jadi pace santai-santai tapi enggak pelan, enggak kencang juga,"" pungkasnya.
RunXperience 2026 Digelar di Dua Kota
RunXperience 2026 digelar di dua kota. Setelah Surabaya pada 19 Juli 2026, gelaran tersebut akan berlanjut di Jakarta pada 4 Oktober 2026.
Di Surabaya, RunXperience digelar di kawasan Balai Kota Surabaya dan diikuti 3.500 peserta. Ajang tersebut mempertandingkan kategori 2,5K, 5K, dan 10K. Sementara di Jakarta, kategori yang tersedia adalah 2,5K Fun Run, 5K, 10K, dan 21K atau Half Marathon.
(mcy/krs)",sport
72,"Hyrox tak dipungkiri lagi naik daun di dunia, terutama di Indonesia. Olahraga ini memang punya peran penting dalam menjaga stamina tubuh.
Hyrox adalah kompetisi kebugaran global yang mengombinasikan lari jarak jauh dengan latihan fungsional dalam satu rangkaian perlombaan yang intens.
Olahraga ini pertama kali diluncurkan di Jerman pada tahun 2017 dan dengan cepat berkembang menjadi fenomena internasional. Tujuan utama dari kompetisi ini adalah untuk menguji daya tahan (endurance) serta kekuatan (strength) peserta secara menyeluruh.
Berbeda dengan kompetisi atletik lainnya yang sering kali ditujukan hanya untuk profesional, Hyrox dirancang agar inklusif bagi semua tingkat kebugaran.
Peserta pemula hingga atlet elit dapat berkompetisi di bawah standar yang sama dengan waktu penyelesaian yang tercatat secara digital. Hal ini menjadikan Hyrox sebagai salah satu jenis kompetisi fitness race yang paling populer di dunia saat ini.
Itulah mengapa banyak pusat kebugaran di kota-kota besar di Indonesia memasukkan Hyrox sebagai salah satu ""jualan"" karena tingginya peminat. Apalagi saat ini sudah sering dilihat kompetisi hyrox dipertandingkan.
Tidak cuma dipertandingkan secara resmi, Hyrox juga kerap dijadikan sebagai gimmick dalam sebuah seremoni, salah satunya seperti di Hari Kemerdekaan ke-81 RI bulan lalu.
Synergy Worldwide Indonesia, perusahaan yang bergerak di bidang nutrisi dan wellness Synergy, berkolaborasi dengan South Barn menghadirkan sebuah kompetisi fitness yang memadukan semangat olahraga, kompetisi, dan tradisi perayaan 17 Agustus melalui acara ""17 Agustusan Throwdown""
Mengusung konsep kompetisi bergaya HYROX, 17 Agustusan Throwdown menghadirkan tantangan fisik yang menguji kekuatan, daya tahan, kecepatan, dan ketangguhan peserta. Namun, berbeda dari kompetisi fitness pada umumnya, acara ini juga membawa suasana khas perayaan kemerdekaan Indonesia melalui berbagai lomba 17 Agustusan, seperti lomba makan kerupuk, dan mengigit sendok dengan kelereng.
""Kami ingin menghadirkan sesuatu yang berbeda dalam menyambut Hari Kemerdekaan. Fitness dan olahraga memiliki nilai yang sangat dekat dengan semangat perjuangan, konsistensi, disiplin, keberanian untuk menghadapi tantangan, dan tidak mudah menyerah. Melalui 17 Agustusan Throwdown, kami ingin menggabungkan nilai-nilai tersebut dengan keceriaan dan kebersamaan yang menjadi ciri khas perayaan 17 Agustus di Indonesia, Produk-produk Synergy Indonesia juga hadir untuk mendukung performa para pecinta Olahraga & Fitness"" ujar Dina Yuliyanti selaku Senior Marketing Manager Synergy Worldwide Indonesia dalam keterangan kepada detikSport.
Kolaborasi bersama South Barn juga menjadi bagian dari upaya menghadirkan pengalaman olahraga yang lebih inklusif dan menyenangkan bagi komunitas.
Para peserta tidak hanya ditantang untuk menunjukkan kemampuan fisik mereka dalam arena kompetisi, tetapi juga diajak untuk menikmati suasana perayaan kemerdekaan bersama komunitas dan rekan-rekan sesama pecinta olahraga.
Konsep ""work hard, play hard"" menjadi salah satu semangat utama acara ini. Yang menggabungkan antara tantangan fisik dalam kompetisi dan permainan-permainan khas 17 Agustus yang menghadirkan suasana santai, penuh tawa, dan kompetisi yang bersahabat.
Kehadiran 17 Agustusan Throwdown sekaligus mencerminkan semakin berkembangnya budaya fitness dan olahraga fungsional di Indonesia. Kompetisi seperti Hyrox menggabungkan berbagai elemen latihan, mulai dari kekuatan, kardio, hingga functional movements, sehingga menuntut peserta untuk memiliki kemampuan fisik yang menyeluruh.
Melalui kegiatan ini, Synergy Worldwide Indonesia dan South Barn berharap semangat kemerdekaan tidak hanya dirayakan melalui seremonial, tetapi juga diwujudkan melalui gaya hidup aktif, sehat, sportif, dan penuh kebersamaan.
(mrp/bay)",sport
73,"Memasuki tahun keempat penyelenggaraannya, erafone Run 2026 untuk pertama kalinya hadir di Jawa Barat melalui erafone Run 2026 Bandung Series. Digelar di kawasan wisata Gunung Tangkuban Perahu, tepatnya di Terminal Bus Jayagiri, pada Minggu (9/8), kegiatan ini memadukan olahraga lari dengan hiburan musik dan gaya hidup sehat dalam konsep Fun Trail Run bertema #RunTheBeat.
Sejak pertama kali digelar pada 2023 di Daerah Istimewa Yogyakarta, erafone Run terus berkembang menjadi agenda olahraga tahunan. Setelah sukses digelar di Yogyakarta pada 2025, tahun ini erafone Run hadir di Bandung dan diikuti sekitar 2.000 peserta.
Head of Region Erajaya Digital, Ronald Suryadinata menyampaikan kehadiran erafone Run 2026 Bandung Series menjadi komitmen erafone dalam mendukung gaya hidup sehat. Ajang ini juga mendorong perkembangan olahraga di Tanah Air, sekaligus memberikan pengalaman rekreasi yang tak terlupakan bagi pelanggannya.
""Bagi kami, erafone Run bukan sekadar kompetisi olahraga, tetapi merupakan bagian dari komitmen erafone dalam mendorong gaya hidup sehat dan aktif sekaligus membangun semangat kebersamaan melalui olahraga. Kami sangat mengapresiasi antusiasme seluruh peserta yang telah menjadi bagian dari erafone Run 2026 Bandung Series dan berharap pengalaman berlari di Tangkuban Perahu ini dapat menjadi momen yang berkesan bagi mereka."" ujar Ronald dalam keterangannya, Senin (10/8/20260.
Lebih dari Sekadar Lari: Tantangan Alam dan Keindahan Tangkuban Perahu
Berbeda dari ajang lari pada umumnya, erafone Run 2026 Bandung Series menawarkan rute yang memadukan road run dan trail run di kawasan Gunung Tangkuban Perahu. Peserta dapat memilih kategori Kategori 5K (Terbuka untuk Umum), Kategori 10K Open & Master (Terbuka untuk Umum & Master).
Adapun rute lintasan dibuat khusus untuk memberikan kepuasan bagi pesertanya. Para pelari tidak hanya memacu diri untuk mencetak catatan waktu terbaik (Personal Best), tetapi juga dimanjakan dengan suguhan alam yang memukau.
Sepanjang rute, peserta melewati jalur hutan yang rindang, menyusuri keindahan kawasan Lorong Lumut dan Kawah Domas, hingga menaklukkan tantangan tanjakan menuju titik Kawah Ratu, sebelum akhirnya kembali finis di area utama (Race Village).
#RunTheBeat: Rayakan Kemenangan dengan Sport, Music, dan Lifestyle
Tahun ini, erafone Run 2026 mengusung tema #RunTheBeat yang menjadi identitas event ini merupakan perpanjangan dari suksesnya konser musik erasoundwave Bandung 2025. Karena itu, euforia erafone Run Bandung Series dirancang agar tidak hanya berhenti di lintasan lari.
Begitu mencapai garis finis, seluruh pelari diajak masuk ke dalam atmosfer festival yang meriah di Race Village. Dengan konsep one-stop entertainment, area ini menawarkan paket hiburan dan relaksasi yang lengkap.
Para pelari dapat saling berbaur melalui Aktivitas Interaktif & Community Engagement yang penuh dengan games menarik. Untuk memulihkan energi, tersedia eksplorasi Activation Booth dari mitra pendukung.
Keseruan erafone Run 2026 Bandung Series juga berlanjut dengan sesi undian berhadiah. Peserta berkesempatan membawa pulang berbagai hadiah, mulai dari televisi hingga aksesori, serta Grand Prize dari sejumlah sponsor seperti erafone & more, OPPO, Indodana PayLater, dan Samsung.
Acara kemudian ditutup dengan penampilan The Changcuters yang menambah semarak suasana dan melengkapi perpaduan olahraga, musik, serta gaya hidup sehat dalam erafone Run 2026 Bandung Series.
Melalui erafone Run 2026 Bandung Series, erafone membuktikan bahwa gaya hidup sehat dapat dijalankan dengan cara yang menyenangkan, selaras dengan alam, dan penuh dengan energi positif.
(anl/ega)",sport
74,"Indeks Informasi Berita Seputar Olahraga Terbaru - 1
MENU
detikcom
Terpopuler
Live TV
Kirim Tulisan
Kategori Berita
detikNews
detikFinance
detikInet
detikHot
detikSport
Sepakbola
detikOto
detikTravel
detikFood
detikHealth
Wolipop
DetikX
20Detik
detikFoto
detikEdu
detikHikmah
detikProperti
detikPop
Daerah
detikJateng
detikJatim
detikJabar
detikSulsel
detikSumut
detikBali
detikSumbagsel
detikJogja
detikKalimantan
Layanan
For Your Business
Pasang Mata
adsmart
detikEvent
Trans Snow World
Trans Studio
Flying Over Indonesia
berbuatbaik.id
ziswafctarsa.id
Signature Awards
Bingkai.id
Trans Hotel Group
Community Connect
NEW
Rekomendit
NEW
Top Up & Tagihan
Game
Paket Data
Pulsa Prabayar
Token PLN
E-wallet
BPJS Kesehatan
PLN Pascabayar
PDAM
TV & Internet
Streaming
Detik Network
Hai Bunda
CNN Indonesia
CNBC Indonesia
Beautynesia
Female Daily
CXO Media
Cancel
Yang sedang ramai dicari
Loading...
Promoted
Terakhir yang dicari
Loading...
Home
MotoGP
Raket
Formula 1
Basket
Sepakbola
Sportstyle
Sport Lain
Foto Sport
Video Sport
Infografis
Indeks
Bold Riders Podium Picks
Most Popular
G-Sport
Jadwal Badminton
About The Game
Indeks Berita
Sport
Lihat Berdasarkan Tanggal
Cari
Pilih Sub Kanal
Semua Berita
Basket
MotoGP
F1
Raket
Sepakbola
Sport Lain
G Sport
Video
Infografis
Foto
Sportstyle
Polling
News
Edu
Finance
Hot
Inet
Sport
Oto
Travel
Sepakbola
Food
Health
Wolipop
Jatim
Jateng
Jabar
Sulsel
Sumut
Bali
Hikmah
Sumbagsel
Properti
Jogja
Pop
Kalimantan
Ketum KOI Memastikan Atlet Terlayani dengan Baik di Nagoya
16 menit yang lalu
Dari Hyrox ke 10K, Fanny Ghassani Pilih Pace Santai
1 jam yang lalu
Asian Games 2026: Prabowo Janjikan Bonus Rp 3 M untuk Peraih Emas
2 jam yang lalu
Rizki Juniansyah Siap Debut di Asian Games 2026, Naik Kelas ke 85 Kg
3 jam yang lalu
CdM Todotua: Kami Monitoring Terus Kondisi di Nagoya
6 jam yang lalu
Asian Games 2026: Banjir Landa Nagoya, Menpora Yakin Jepang Punya Plan B
6 jam yang lalu
Ketum KOI dan Menpora Mengukuhkan Tim Indonesia untuk Asian Games 2026
8 jam yang lalu
MotoGP San Marino 2026: Jaga Puncak Klasemen Bukan Prioritas Jorge Martin
11 jam yang lalu
Ganda Campuran Indonesia Kembali Rombak Pemain
13 jam yang lalu
Ambisi Morgan Holindo Jadi Juara Nasional Eshark Rok Cup 2027
18 jam yang lalu
Men's World Tennis Championship: Hari Baik untuk Wakil RI
19 jam yang lalu
HUT TNI Akan Dimeriahkan Kejuaraan Tingkat Nasional di 8 Cabor
20 jam yang lalu
IHR 2026 Perluas Olahraga Pacuan Kuda Indonesia
21 jam yang lalu
Menuju Asian Games 2026, Ketum KOI Tekankan Kolaborasi
Selasa, 08 Sep 2026 19:25 WIB
Nova Widianto Mulai Tangani Ganda Campuran Pelatnas PBSI
Selasa, 08 Sep 2026 18:50 WIB
Timnas Basket Jadi Gelombang Pertama Datang ke Asian Games 2026
Selasa, 08 Sep 2026 18:15 WIB
Nikmati Keseruan Lari di Solo Run Fest 2026, Beli Tiketnya via BRImo!
Selasa, 08 Sep 2026 15:47 WIB
Timnas Basket Putra di Asian Games 2026, Menangi Laga Pertama Dulu
Selasa, 08 Sep 2026 14:30 WIB
Asian Games 2026: Putri KW Pede dengan Komposisi Beregu Putri
Selasa, 08 Sep 2026 12:50 WIB
Tekad Alwi Farhan Lampaui Batas di Asian Games 2026
Selasa, 08 Sep 2026 11:50 WIB
Prev
1
2
3
4
5
...
478
Next
Hide Ads",sport
75,"Manchester City sudah mendatangkan Enzo Fernandez. Pemain asal Argentina itu bahagia kembali di bawah arahan Enzo Maresca.
Mulai musim panas tahun ini, Man City ditangani Maresca. Pep Guardiola hengkang, pelatih asal Italia itu yang dipilih untuk menjadi penerusnya.
Belanja besar dilakukan Man City. Elliot Anderson, Ayyoub Bouaddi, dan Enzo Fernandez yang didatangkan tim Manchester Biru.
Dana sebesar 125 juta poundsterling digelontorkan oleh Man City untuk menebus Enzo Fernandez dari Chelsea. Ia menjadi pemain Premier League termahal musim ini.
Enzo Fernandez pun gembira bisa kembali satu tim dengan Maresca. Sebelumnya, keduanya memperkuat Chelsea dan sukses mempersembahkan trofi UEFA Conference League dan Piala Dunia Antarklub 2025.
""Saya sangat senang karena Enzo Maresca melakukan semua yang dia bisa untuk mewujudkan kepindahan ini. Dia sangat mengenal saya dari masa kami bersama di Chelsea, dan saya sangat bersyukur atas semua yang telah dia lakukan untuk saya dan keluarga saya,"" kata Enzo, dikutip dari BBC.
| Baca juga: Enzo Tak Ragu-ragu Terima Tawaran Man City | 
""Saya akan memberikan 100 persen di setiap sesi latihan dan di setiap pertandingan demi membalas budi kepadanya,"" kata dia menambahkan.
Enzo Fernandez sudah bermain dua kali untuk Man City. Dia membela The Citizens di laga melawan Coventry City (1-0) dan FC Porto (2-0).
(cas/nds)",sport
76,"Ketua Umum Komite Olimpiade Indonesia (KOI), Raja Sapta Oktohari, memastikan atlet terlayani dengan baik setibanya di Nagoya, Jepang. Ini untuk menjawab kondisi yang tengah terjadi di kota tersebut.
Nagoya tengah diterpa banjir besar yang mengakibatkan ratusan atlet Asian Games di Jepang dievakuasi dari tempat penginapan mereka.
Bahkan, menurut prakiraan cuaca menunjukkan akan ada lebih banyak hujan dalam beberapa hari ke depan, padahal pertandingan Asian Games akan dimulai 10 September, dan pembukaan resmi multievent empat tahunan itu baru dilakukan 19 September.
""Hubungan kami dengan NOC Jepang cukup baik. Koordinasi tetap kami lakukan dan khusus Nagoya, tim CdM cukup intensif berkomunikasi, baik dengan pemerintahnya mapun LOC Aichi-Nagoya,"" kata Okto saat ditemui di Wisma Serba Guna, GBK, Rabu (9/9/2026).
""InsyaAllah kita akan berupaya terus supaya ada kepastian para atlet bisa terlayani dengan baik,"" tambahnya.
Selain banjir besar di wilayah Asian Games akan berlangsung, faktanya Indonesia juga diterpa tantangan lain.
Mulai dari kebakaran di Kalimantan, banjir di Sumatra, hingga gunung erupsi di beberapa titik di Indonesia. Namun begitu, Okto berharap, tantangan ini bisa dijawab atlet dengan prestasi olahraga Indonesia.
""Kami menyampaikan kepada para atlet bahwa semua tantangan ini harus dijawab dengan prestasi. Harapannya dari prestasi itu bisa menjadi penguat semangat masyarakat Indonesia menghadapi semua tantangan yang sedang kita hadapi ini,"" ujarnya.
""Kita bangsa besar, kita tak mungkin akan menjadi kecil, cuma karena tantangan-tantangan ini. Jawabannya harus menang,"" tegas Okto.
Okto juga menilai tim CdM memiliki rencana cadangan dalam setiap situasi yang dihadapi. Termasuk terkait Timnas basket yang turut berdampak karena adanya banjir besar di Nagoya.
""Hal seperti ini bukan pertama kali. Saya pernah jadi CdM di Olimpiade 2016, setiap situasi ada kondisi plan. Dan saya yakin pak Todotua Padaribu dari olahraga basket, sehingga saya sangat pede pasti setiap permasalahan akan dicarikan solusinya yang terbaik untuk para atletnya,"" tegasnya.
Begitu pun soal skema keberangkatan tim Asian Games untuk kloter berikutnya.
""Skemanya memaksimalkan menyesuaikan keadaan. Bahwa kemarin pada saat mau berangkat airport ditutup, kami cari solusi dan komunikasikan dengan atlet dan ofisial. Jika mereka setuju dengan skema itu kami laksanakan karena yang paling utama memastikan pelayanan kepada atlet sehingga mereka bisa tampil maksimal,"" kata Okto.
(mcy/ran)",sport
77,"Persib Bandung akan dijamu Persija Jakarta dalam lanjutan Super League. Pangeran Biru menilai Macan Kemayoran kini memiliki pertahanan yang jauh lebih kukuh.
Di Stadion Utama Gelora Bung Karno, Jakarta, Persija vs Persib digelar. Laga itu berlangsung pada Sabtu (12/9/2026), pukul 15.30 WIB.
Dalam dua pertandingan terakhir, Persija memetik kemenangan dan menorehkan clean sheet. Brisbane Roar (4-0) dan Borneo FC (1-0) menjadi dua tim yang dikalahkan oleh skuad asuhan Shin Tae-yong tersebut.
Persib sempat mengalahkan Persija-nya Shin Tae-yong di semifinal Piala Presiden 2026. Di Stadion Kapten I Wayan Dipta, Gianyar, Bali, Persib menang 2-1 atas Persija.
Pelatih Persib, Igor Tolic, sadar betul dengan perbaikan performa lini belakang Persija selepas Piala Presiden 2026.
""Mereka terlihat lebih stabil dibandingkan sebelumnya. Saya tidak melihat banyak hal yang tidak teratur di pertahanan mereka. Saya melihat sebuah tim, terutama dalam bertahan, yang sudah cukup stabil. Mereka tidak banyak kebobolan, dan itu sangat penting,"" kata Tolic, dikutip dari situs resmi ILeague.
""Jika Anda memiliki pertahanan yang bagus dan tidak kebobolan, itu menjadi fondasi yang baik. Kualitas yang mereka miliki di lini depan, sama seperti kami, mereka bisa memenangkan pertandingan. Mereka bisa mencetak gol melalui bola mati maupun permainan terbuka,"" kata Tolic.
Persija kurang oke dalam 10 pertandingan terakhir melawan Persib. Macan Kemayoran mencatatkan satu kali kemenangan, dua hasil imbang, dan tujuh kali menelan kekalahan.
| Baca juga: Fix! Persija Menjamu Persib di SUGBK | 
(cas/nds)",sport
78,"Lamine Yamal langsung on fire bersama Barcelona di awal musim 2026/2027. Pelatih Los Cules, Hansi Flick, memuji tinggi pemain berusia 19 tahun itu.
Dalam empat pertandingan yang sudah dijalani di Liga Spanyol, Barcelona selalu menang. Elche (5-0), Athletic Bilbao (2-0), Rayo Vallecano (5-2), dan Valencia (2-0) menjadi daftar tim yang dikalahkan Los Cules.
Yamal tampil produktif dalam dua pertandingan terakhir Barcelona dengan mencetak empat gol. Gawang Vallecano dan Valencia yang dijebol pemain yang kini menjadi kapten Barcelona itu.
Pujian untuk Lamine Yamal pun dilontarkan dengan mantap oleh Flick. Dia juga mengungkapkan komentarnya mengenai penunjukan Yamal menjadi kapten tim.
""Dia bisa menentukan hasil pertandingan seorang diri. Dan dia sangat suka berkembang dari hari ke hari. Dia menikmati dirinya sendiri, termasuk dalam peran barunya sebagai kapten. Itu penting baginya untuk mencapai level tertingginya,"" kata Flick, dikutip dari situs resmi UEFA.
Yamal juga mengungkap rasa bangga bisa menjadi kapten Barcelona di usia belum genap 20 tahun. Meski demikian, Yamal tak lantas besar kepala.
""Merupakan suatu kehormatan bisa menjadi kapten di usia 19 tahun. Saya sangat berterima kasih kepada semua rekan satu tim. Saya sangat bahagia dan saya akan memberikan segalanya untuk tim. Secara kolektif, saya ingin terus meraih gelar juara, dan secara individu, saya ingin terus berkembang serta mendengarkan masukan,"" kata Lamine Yamal.
Barcelona akan melawan Feyenoord dalam lanjutan Liga Champions di Camp Nou, Rabu (9/9/2026) malam WIB. Sihir Yamal kembali dibutuhkan Los Cules untuk menang.
(cas/nds)",sport
79,"Kylian Mbappe menegaskan bahwa memenangkan Liga Champions bersama Real Madrid menjadi prioritas utamanya dibandingkan meraih penghargaan Ballon d'Or.
Mbappe belum pernah merasakan mengangkat trofi Liga Champions dan memenangkan penghargaan individu, Ballon d'Or. Tahun ini striker Real Madrid itu punya peluang untuk meraih Ballon d'Or.
""Saya sudah mengatakan hal itu mengenai Ballon d'Or, tetapi Liga Champions jauh lebih penting karena saya bermain di klub impian saya,"" ujar Mbappe kepada CBS Sports.
""Bagi saya, memenangkan Liga Champions bersama klub ini benar-benar sangat penting. Saya menginginkannya lebih dari apa pun,"" tegasnya.
Meski begitu, Mbappe tidak menampik bahwa Ballon d'Or tetap menjadi target yang menarik. Ia menilai tahun ini memberikan peluang besar untuk bersaing memperebutkan penghargaan tersebut.
""Namun, tentu saja, Ballon d'Or tahun ini juga merupakan peluang yang sangat besar. Saya rasa ini adalah tahun yang bagus bagi saya,"" lanjut Mbappe.
Kini, tantangan Mbappe adalah membantu Real Madrid kembali berjaya di kompetisi Eropa. Jika mampu tampil konsisten dan membawa Los Blancos meraih trofi Liga Champions, peluang Mbappe untuk memenangkan Ballon d'Or juga berpotensi semakin besar di masa depan.
(ran/krs)",sport
80,"Persija Jakarta mulai memanaskan mesin sebelum duel El Clasico melawan Persib Bandung. Persiapan pertama digelar di Bojongsari, Depok, Selasa (8/9/2026).
Macan Kemayoran dijadwalkan menjamu Persib pada laga pekan ke-2 Super League 2026/27. Laga ini digelar di Stadion Utama Gelora Bung Karno (SUGBK), Jakarta, Sabtu (12/9/2026).
| Baca juga: Fix! Persija Menjamu Persib di SUGBK | 
Persiapan langsung digelar Persija Jakarta sehari setelah tiba di Jakarta pada, Senin (7/9). Persija baru pulang dari Samarinda setelah memainkan laga tandang kontra Borneo FC Samarinda, Sabtu (5/9).
""Hari ini adalah kumpul pertama, jadi mulai hari ini kami fokus mengatur kondisi fisik. Besok kami latihan, ya pastinya kami harus mempersiapkan diri dengan sangat baik untuk melawan Persib Bandung,"" kata Shin Tae-yong di sela-sela latihan Persija.
Shin Tae-yong mengakui bahwa timnya sangat kelelahan karena mengalami perubahan rute jalan pulang dari Samarinda. Letusan Anak Gunung Krakatau membuat Persija harus menempuh perjalanan kombinasi darat dan udara dari Samarinda-Balikpapan-Yogyakarta-Jakarta.
""Sangat melelahkan. Para pemain juga kelelahan, sejujurnya (perjalanan) itu sangat menguras tenaga. Kalau saya saja merasa kelelahan, coba bayangkan betapa lelahnya para pemain,"" ujar Shin Tae-yong.
Bagi STY dan Persija, ini merupakan duel kedua dalam waktu dekat. Persija dan Persib sudah sempat berduel di turnamen pramusim Piala Presiden 2026.
Dalam pertemuan pertama, Persib keluar sebagai pemenang dengan skor 2-1. Pelatih asal Korea Selatan bertekad untuk meraih hasil lebih baik di pertemuan selanjutnya.
""Saya juga menganggap ini adalah pertandingan yang paling penting. Dan karena ini adalah pertandingan kandang kami, saya sangat berharap kita bisa menyajikan pertandingan yang benar-benar hebat melawan Persib Bandung,"" ucap STY.
""Saat itu (Piala Presiden) sejujurnya skuad yang kami turunkan secara kekuatan tidak sampai 40 persen atau 50 persen dari kekuatan asli kami. Saat itu kami bahkan tidak ada rencana untuk ikut Piala Presiden, karena sebenarnya kami sedang bersiap untuk berangkat Training Camp (TC) ke Thailand,"" tuturnya.
(mro/aff)",sport
81,"Manajer Manchester City Enzo Maresca senang dengan performa Gianluigi Donnarumma usai melawan FC Porto. Maresca hanya meminta para pemain City agar tidak sering-sering mengoper kembali ke Donnarumma.
City memetik kemenangan dari lawatannya ke markas Porto di matchday 1 Liga Champions. Bertanding di Estadio do Dragao, Rabu (9/9/2026) dini hari WIB, The Citizens menang 2-0 berkat dua gol Erling Haaland.
Meski demikian, Donnarumma tampak kurang mantap di sepanjang pertandingan. Ia bahkan nyaris kebobolan saat bola buangannya membentur winger Porto William Gomes dan bergulir tipis di samping gawang.
Saat melawan Coventry City di Premier League akhir pekan kemarin, Donnarumma juga nyaris kebobolan ketika bola bergulir di bawah kakinya. Kendati demikian, Maresca tetap puas dengan performa Donnarumma.
Maresca tak punya keluhan untuk penampilan kiper Italia itu. Alih-alih Maresca justru meminta para pemain City untuk mengurangi operan ke Donnarumma.
""Saya kira beberapa kali malam ini bukan kesalahan Gigio (Donnarumma), lebih ke keputusan yang keliru kembali (mengoper) ke Gigio. Kadang kami mengembalikan bola lebih dari yang kami perlukan,"" ujar Maresca seperti dilansir ESPN.
""Kami bisa kembali ke kiper ketika kami tidak punya pilihan lain, tapi para pemain harus menemukan opsi lain.""
""Bagi saya, Donnarumma luar biasa melawan Coventry, dia melakukan beberapa penyelamatan penting. Melawan Coventry, mungkin ada kesalahan di mana kami nyaris kebobolan, tapi itu kesalahan dari Khusa (Abdukhodir Khusanov) yang mengoper kembali ke Gigio. Jadi saya sangat senang dengan Gigio,"" katanya.
(nds/ran)",sport
82,"Presiden FIFA Gianni Infantino digoncang badai. Ada 100 ribu orang yang sampaikan aduan soal FIFA yang tidak fair!
Dilansir dari Tribuna, kampanye 'Reboot FIFA' sudah berlangsung sejak Piala Dunia 2026. Itu diprakasai organisasi hak asasi manusia, FairSquare.
Lebih dari 100.000 orang telah menyatakan dukungan mereka terhadap pengaduan yang ditujukan kepada Presiden FIFA Gianni Infantino. Mereka menuduhnya melakukan potensi penyalahgunaan wewenang dan melanggar aturan netralitas politik melalui hubungannya dengan Presiden AS Donald Trump.
Kampanye ini kemudian diperluas untuk mencakup kekhawatiran seputar pembatalan sanksi skorsing Folarin Balogun serta proyek kontroversial FIFA, 'FIFA Forward Enterprise'. Meski, proyek itu akhirnya batal.
Pengaduan tersebut telah diserahkan kepada Komite Etik FIFA pada hari Selasa (8/9). Diharapkan, pihak komite memeriksa tuduhan-tuduhan itu demi rasa fair di tubh FIFA.
Gianni Infantino turut dituduh menyalahgunakan jabatannya, melanggar kewajiban netralitas politik, serta melanggar kewajiban loyalitas.
Tentu, hal tersebut jadi batu sandungan Infantino yang mau maju pemilihan Presiden FIFA pada Maret 2027 mendatang.
(aff/krs)",sport
83,"Belakangan, ramai isu soal Estevao mau cabut dari Chelsea karena belum dipercaya. Manajer Xabi Alonso angkat bicara!
Estevao belum main sebagai starter di tiga laga awal Chelsea pada Liga Inggris musim 2026/27. Estevao baru starter di Carabao Cup.
| Baca juga: Estevao Pikir-pikir Akan Tinggalkan Chelsea? | 
Kabarnya, Estevao mulai mempertimbangkan cabut dari Chelsea. Pemain berusia 19 tahun itu mau main reguler.
Dilansir dari Mirror, manajer Chelsea, Xabi Alonso angkat bicara soal isu tersebut. Alonso tegaskan, Estevao masih jadi bagian penting buat The Blues!
""Musim ini akan berjalan panjang. Para pemain memiliki hasrat dan semangat tinggi untuk berkembang. Estevao adalah bagian dari tim, dia memiliki sikap dan mentalitas yang sangat baik,"" papar Alonso.
""Dia berlatih dengan baik. Dia baru-baru ini memberikan dampak positif dan mendapatkan peluang bagus,"" sambungnya.
""Saya mengandalkan Estevao karena potensinya dan usianya masih sangat muda,"" tambahnya.
| Baca juga: Chelsea dan 'Sakit' Tahunan | 
Estevao sudah gabung ke Chelsea sejak musim panas 2025. Pada debutnya, pemain asal Brasil itu kemas delapan gol dan empat assist dari 36 laga di seluruh kompetisi.
(aff/krs)",sport
84,"Jose Mourinho menilai duel antara Real Madrid dan Inter Milan berjalan seru. Ia bahkan menyebut pertandingan bisa saja berakhir dengan skor 7-6.
Madrid menjamu Inter di Santiago Bernabeu dalam pertandingan matchday 1 Liga Champions, Rabu (9/9/2026) dini hari WIB. Los Blancos menang 2-1 atas juara Serie A itu.
Madrid unggul 2-0 pada babak pertama lewat Kylian Mbappe dan Federico Valverde usai memanfaatkan blunder lini pertahanan Inter. Upaya Nerazzurri untuk mencetak gol balasan baru membuahkan hasil pada menit ke-77 lewat Carlos Augusto.
Statistik mencatat Madrid melepaskan 16 kali percobaan, sementara Inter 19 kali. Kiper Madrid Thibaut Courtois melakukan tujuh kali penyelamatan. Sedangkan Josep Martinez, meski sempat blunder, juga melakukan beberapa penyelamatan penting dengan total enam saves.
Mourinho pun menyebutnya sebagai pertandingan yang gila. Ia lega Madrid bisa mengamankan tiga poin.
""Saya suka hasilnya, tiga poin di pertandingan pertama melawan tim yang sangat kuat, tapi pertandingan ini spektakuler untuk siapa pun yang ada di rumah, bukan cuma buat saya atau Cristian Chivu,"" ujar Mourinho kepada Sky Sport Italia.
""Pertandingan ini gila. Bisa saja berakhir 5-0 buat kami, 5-5, 7-6, 5-6, pertandingan dengan banyak peluang. Inter kuat, sulit bagi lini tengah kami untuk menekan mereka ketika mereka bertahan dalam posisi yang dalam, tapi kami bisa saja menghabisi mereka 3-0 sebelum turun minum.""
""Kami punya peluang lain dengan Bellingham, Inter juga bisa saja mencetak beberapa gol. Pertandingannya terbuka sampai akhir, pertandingan sepakbola yang gila,"" katanya.
(nds/krs)",sport
85,"Paris Saint-Germain (PSG) adalah juara bertahan Liga Champions. Status itu nggak mau diingat-ingat pelatih Luis Enrique!
PSG dua kali menangi Liga Champions di dua musim terakhir. Inter Milan dan Arsenal jadi korban di laga final.
PSG tentu kembali jadi favorit untuk jadi kampiun Liga Champions musim 2026/27 ini. Akan tetapi, pelatih Luis Enrique ogah bicarakan kans terlalu jauh dan ogah ingat-ingat status juara bertahan!
""Yang berlalu sudah berlalu,"" tegas Enrique dilansir dari situs resmi UEFA.
""Sama seperti lisensi berkendara, itu harus diperbarui,"" sambungnya.
Luis Enrique tidak mau PSG terlena dan di atas angin. Kompetisi Liga Champions selalu berat.
Lawan pertama mereka adalah Slovan Bratislava, yang akan main pada Kamis (10/9) pukul 02.00 WIB. PSG memulai Ligue 1 dengan pincang, Enrique makin peringatkan timnya.
""Semua orang bersemangat untuk bertanding melawan kami. Kami harus menerimanya dan keluar dari zona nyaman,"" tegasnya.
""Saya siap menunjukkan bahwa timi ini harus terus memperbarui diri setiap hari,"" tutupnya.
(aff/ran)",sport
86,"Kontingen Indonesia bersiap menatap Asian Games 2026 di Jepang. Presiden RI, Prabowo Subianto, menjanjikan bonus Rp 3 miliar untuk peraih medali emas.
Asian Games 2026 berlangsung di Aichi-Nagoya, Jepang. Ajang multi-event olahraga Asia itu akan resmi dibuka pada 19 September dan ditutup pada 4 Oktober 2026.
Prabowo secara resmi melepas kontingen Indonesia di Istana Kepresidenan, Jakarta Pusat, Rabu (9/9/2026). Pada momen itu, Prabowo berpidato dan menyampaikan bonus untuk atlet peraih medali emas.
""Dan saya nggak lupa, saya diberi laporan Pak Erick, pak untuk Sea Games medali emas dapat Rp 1 miliar, tapi ini Asian Games medali Rp 3 miliar,"" kata Prabowo.
""Tanya semua pemimpin olahraga yang kemarin medali perak, medali perunggu pun karier-kariernya kita semua percepat. Ada yang 'Pak saya sudah sekian tahun belum baik pangkat', termasuk pelatih-pelatih,"" sambungnya.
Sebagai catatan, pada edisi Asian Games sebelumnya, pemerintah memberikan bonus kepada peraih emas nomor perorangan Rp 1.575.000.000, perak mendapatkan Rp 525.000.000, lalu perunggu mendapatkan Rp 262.500.000.
Tidak hanya kepada atlet, pelatih dan asisten pelatih juga pada saat itu diganjar bonus oleh pemerintah. Jumlahnya untuk pelatih yang atletnya meraih medali emas perorangan/ganda sebesar Rp 472.500.000, kemudian perak Rp 157.500.000, sementara perunggu sebesar Rp 78.750.000.
(ran/aff)",sport
87,"Arsenal tandang ke markas Napoli dengan bekal laju sempurna di Premier League. Rentetan kemenangan tersebut mendongkrak rasa percaya diri Arsenal.
Laga Napoli vs Arsenal di matchday 1 Liga Champions akan digelar di Stadion Diego Armando Maradona, Naples, Kamis (10/9/2026) dini hari WIB. Pertandingan akan kick off pada pukul 02.00 WIB.
Mikel Arteta pernah merasakan atmosfer kandang Napoli saat masih memperkuat Arsenal sebagai pemain. Arsenal kalah 0-2 di Naples dalam pertandingan fase grup Liga Champions 2013/14 dan Arteta dapat kartu merah.
| Baca juga: Arsenal Makin Pede Main Cantik | 
""Kami di tempat yang sangat sulit, tapi kami tidak sabar untuk memulai musim. Saya pernah ke stadionnya, saya tahu atmosfer yang mereka ciptakan,"" ujar Arteta seperti dilansir Sky Sports.
""Mereka punya pelatih yang sangat berpengalaman. Rekornya di kandang sangat kuat. Kami tahu tantangan yang ada di depan. Kami sudah mempersiapkan diri dan siap bertanding.""
Arsenal datang ke kandang Napoli dengan catatan 100 persen. Declan Rice dkk. menyapu bersih kemenangan dalam tiga pertandingan pertamanya di Premier League.
| Baca juga: Napoli Vs Arsenal: Il Partenopei Pincang | 
Ini jadi bekal ideal Arsenal untuk menghadapi tantangan di markas Napoli. Rasa percaya diri Arsenal sedang tinggi-tingginya.
""Ya, itu (rekor 100 persen) menempatkan kami di posisi yang sangat bagus,"" ujar Arteta soal laju sempurna Arsenal sejauh ini.
""Energi dan kepercayaan diri di tim sangat tinggi. Itulah yang harus kami tunjukkan besok di lapangan. Ayo,"" katanya.
(nds/krs)",sport
88,"Raheem Sterling masih tanpa klub. Ada tawaran dari klub Brasil, sang winger menolaknya.
Raheem Sterling masih tanpa klub, setelah kontraknya tidak diperpanjang Feyenoord. Penyerang sayap berusia 31 tahun itu sepi peminat di bursa transfer musim panas 2026.
| Baca juga: Miris Betul Nasib Raheem Sterling di Belanda | 
Dilaporkan talkSport, klub asal Brasil yakni Vasco da Gama meminati Raheem Sterling. Mereka pun siap memberikan gaji yang menarik.
Akan tetapi, Sterling menolaknya!
Raheem Sterling masih mau berlaga di Eropa. Sterling enggan berkarier di luar Eropa, yang dikabarkan tidak mau jauh dari keluarganya.
Sterling terakhir berlaga di rumput hijau pada 17 Mei lalu bersama Feyenoord. Dari delapan laga di Eredivisie, dirinya gagal bikin gol dan hanya kemas satu assist.
Sterling paling banyak tampil bersama Man City dalam kariernya, raih empat trofi Premier League. Meski sampai saat ini belum dapat klub baru, jebolan akademi Liverpool itu masih belum mau gantung sepatu.
(aff/cas)",sport
89,"Rizki Juniansyah siap menjalani debut di Asian Games 2026. Peraih medali emas Olimpiade Paris 2024 itu mengaku sudah pulih 100 persen setelah sempat mengalami cedera bahu bulan lalu.
Rizki akan tampil di kelas 85 kg putra. Dia menjadi salah satu andalan angkat besi Indonesia untuk meraih medali di Asian Games Aichi-Nagoya 2026, Jepang.
""Alhamdullilah cukup baik. Untui Asian Games ini, saya baru pemulihan lagi, angkatan juga sudah balik lagi, insyaAllah saya akan bertanding maksimal di Asian Games nanti,"" ujar Rizki saat ditemui di Wisma Serba Guna, GBK, Rabu (9/9/2026).
Berbeda dengan Olimpiade Paris 2024, Rizki akan turun di kelas 85 kg pada Asian Games 2026. Saat meraih emas Olimpiade, dia tampil di kelas 73 kg.
""Di Asian Games 2023 memang saya tidak main karena usus buntu (absen) alhamdullilah ini Asian Games pertama saya. Saya turun di kelas 85kg karena saya change dengan senior saya (Rahmat Erwin Abdullah), dan memang jatahnya satu orang satu kelas dan akhirnya saya yang 85kg,"" jelasnya.
Rizki Juniansyah Harus Tambah Berat Badan dan Power
Bagi Rizki, yang kini berusia 23 tahun, kenaikan kelas bukan perkara mudah. Dia harus menyesuaikan berat badan sekaligus meningkatkan power untuk menghadapi persaingan di kelas 85 kg.
""Yang pasti lebih berat lagi lawan-lawannya. Saya harus menjaga pola makan karena menaikkan berat badan harus (meningkatkan) seperti apa, nutrisi, protein dan lain-lainnya,"" ujarnya.
""Pertama makanan, kedua latihan harus full power lagi, ketiga kondisinya harus lebih baik lagi karena menaikkan berat badan bukan asal naik saja tapi kita harus punya power yang bermanfaat buat tanding,"" tuturnya.
Rizki mengungkapkan berat badannya saat ini masih 78 kg. Dia pun belum mencapai 80 kg. ""Jujur berat badan saya 78kg, enggak nyampe 80kg. Tapi tak masalah bagi saya, yang penting nanti pertandingan bisa maksimal dengan keadaan dan berat badan saya seperti ini,"" katanya.
Rizki Waspadai Lima Negara
Menyoal peta persaingan di kelas 85 kg, Rizki menyoroti lima negara yang dinilainya bakal menjadi tantangan berat. Mereka adalah Korea Utara, China, Iran, Thailand, dan Korea Selatan.
Meski persaingan berat, Rizki bertekad memberikan performa terbaik. Statusnya sebagai peraih medali emas Olimpiade juga membuat ekspektasi terhadap dirinya cukup tinggi.
""Ya sebenarnya bukan beban bagi saya tapi motivasi untuk semangat bertanding karena buat apa dijadikan beban. Kalau beban saya akan jelek di pertandingan.""
""Jadi saya tetap enjoy, walau negara menargetkan harus emas atau apa, lalu PB PABSI juga harus ini, yang penting saya enjoy dan jalan sendiri, dan berusaha yang terbaik buat Indonesia,"" pungkasnya.
(mcy/krs)",sport
90,"Persija Jakarta akan menjamu Persib Bandung dalam laga lanjutan Super League 2026/2027. Macan Kemayoran kurang oke melawan Maung Bandung dalam 10 laga terakhir.
Di Stadion Utama Gelora Bung Karno, Jakarta, Sabtu (12/9/2026) sore WIB, Persija vs Persib digelar. Laga itu direncanakan berlangsung pada pukul 15.30 WIB.
Dalam 10 pertandingan terakhir, Persija sedang susah menang atas Persib. Tim asal Ibu Kota hanya sekali menang, dua kali imbang, dan tujuh kali kalah dari Pangeran Biru.
Dalam pertandingan terakhir, Persija kalah 1-2 dari Persib. Laga itu terjadi di semifinal Piala Presiden yang berlangsung di Stadion Kapten I Wayan Dipta, Gianyar, Bali, pada 4 Agustus 2026.
Persija empat kali gagal menjebol gawang Persib dalam 10 laga terakhir. Sebaliknya, Persib bisa mencatatkan 15 gol ke gawang Tim Oranye.
Di musim ini, Persija sudah ditangani Shin Tae-yong. Pada pertandingan pertama, Macan Kemayoran menang 1-0 atas tim kuat, Borneo FC.
Sementara itu, Persib juga mengawali langkah dengan bagus bersama Igor Tolic di Super League. Persib menang 3-1 atas PSM Makassar. Pada laga akhir pekan nanti, akankah Persija bisa mengakhiri puasa kemenangan atas Persib sejak 2023?
10 Laga Terakhir Persija Vs Persib
1. Persija 0-2 Persib - Super League - 1 Maret 2022
2. Persib 1-0 Persija - Super League - 11 Januari 2023
3. Persija 2-0 Persib - Super League - 31 Maret 2023
4. Persija 1-1 Persib - Super League - 2 September 2023
5. Persib 2-1 Persija - Super League - 9 Maret 2024
6. Persib 2-0 Persija - Super League - 23 September 2024
7. Persija 2-2 Persib - Super League - 16 Februari 2025
8. Persib 1-0 Persija - Super League - 11 Januari 2026
9. Persija 1-2 Persib - Super League - 10 Mei 2026
10. Persib 2-1 Persija - Piala Presiden - 4 Agustus 2026
(cas/aff)",sport
91,"Kylian Mbappe masuk nominasi Ballon d'or 2026. Legenda Timnas Prancis, Bixente Lizarazu sebut Mbappe tak pantas menang!
Kylian Mbappe masuk 30 nominasi Ballon d'Or 2026. Mbappe tajam bersama Real Madrid musim lalu, kemas 42 gol dari 44 laga.
Kylian Mbappe pun pede bisa memenangi Ballon d'Or 2026, yang digelar pada 26 Oktober mendatang. Namun Mbappe tidak berharap banyak, karena semua tergantung dari hasil voting.
""Saya merasa bisa memenangkannya,"" tegasnya dilansir dari Marca.
""Saat Anda bermain untuk Real Madrid, klub terbaik di dunia, Anda pasti akan dikaitkan dengan penghargaan-penghargaan seperti ini. Ketika orang-orang melihat saya di jalan, mereka membicarakannya. Ini adalah pencapaian yang sangat bergengsi bagi pemain mana pun,"" paparnya.
""Namun nanti keputusan ada di voting, setiap orang punya pilihan masing-masing,"" tambahnya.
Legenda Timnas Prancis, Bixente Lizarazu sebut Kylian Mbappe tidak pantas memenangi Ballon d'Or 2026. Simpel saja, Mbappe tidak menangi trofi apapun musim lalu!
""Anda tidak bisa memberikan Ballon d'Or kepada seseorang yang tidak memenangkan apa pun. Gelar juara mutlak harus diperhitungkan,"" ujarnya kepada Telefoot.
Peraih trofi Piala Dunia 1998 itu menyebut ada dua nama yang difavoritkan. Mereka adalah Rodri dan Fabian Ruiz. Keduanya menangi Piala Dunia 2026 bersama Timnas Spanyol, Ruiz menangkan Liga Champions bersama PSG.
""Saya tidak akan terkejut andai salah satu di antaranya jadi pemenang nanti,"" tutupnya.
(aff/nds)",sport
92,"Pelatih Real Madrid, Jose Mourinho, memberi pujian untuk Inter Milan. Nerazzurri disebut sebagai tim terbaik di Italia.
Madrid menang atas Inter dalam laga Liga Champions, Rabu (9/9/2026). Di Santiago Bernabeu, Los Blancos menang 2-1 atas La Beneamata berkat gol dari Kylian Mbappe dan Federico Valverde.
Inter bisa mencetak satu gol balasan di kandang Madrid. Carlos Augusto yang mencatatkan namanya untuk tim asal Kota Mode itu.Dalam beberapa musim terakhir, Inter mendominasi Serie A.
Inter juara tiga kali dalam enam musim terakhir.Mourinho tetap memberi sanjungan tinggi pada Inter. The Special One juga menegaskan bahwa timnya masih dalam masa pembangunan karena dirinya baru kembali ke klub asal ibu kota Spanyol itu.
""Mereka adalah tim papan atas dan sejauh ini merupakan tim terbaik di Italia. Saya hanya melihat Roma yang punya kapasitas untuk mendekati mereka. Mereka adalah tim yang mendominasi di Italia dan telah bertanding di dua laga final Liga Champions dalam empat atau lima musim terakhir,"" kata Mourinho seperti dikabarkan oleh situs Madrid.
""Mereka memiliki skuad luar biasa, ambisi untuk memenangkan Liga Champions, dan pelatih sangat bagus yang mampu membangun empati dengan para pemainnya. Mereka adalah tim yang sempurna untuk meraih hal-hal besar.""
""Saya baru berada di sini selama dua setengah bulan, bahkan ada beberapa pemain yang belum genap sebulan, dan saya masih berada di awal pekerjaan saya. Perjalanan masih sangat panjang,"" kata dia menambahkan.
(cas/nds)",sport
93,"Arsenal bertandang ke markas Napoli dalam ajang Liga Champions 2026/2027. Riccardo Calafiori tak sabar untuk memulai laga ini.
Bagi Calafiori, pertandingan ini terasa spesial karena Arsenal mengawali perjalanan di Liga Champions dengan bertandang ke Italia, negara asalnya. Bek berusia 24 tahun itu juga tidak sabar merasakan atmosfer Stadion Diego Armando Maradona, Kamis (10/9/2026) dini hari WIB.
""Saya sangat bersemangat. Senang juga bisa memulai perjalanan di Italia, tepatnya di Naples, sebuah kota yang istimewa. Saya benar-benar tidak sabar untuk memainkan pertandingan ini,"" kata Calafiori yang dikutip dari situs resmi Arsenal.
""Saya rasa pertandingan ini akan luar biasa, terutama karena dimainkan pada malam Liga Champions. Stadion pasti akan sangat bergemuruh dan saya sudah tidak sabar untuk bermain,"" sambungnya.
| Baca juga: Napoli Vs Arsenal: Il Partenopei Pincang | 
Arsenal selalu mengalami peningkatan dalam perjalanannya di dua edisi terakhir Liga Champions. Setelah menembus semifinal pada 2024/2025, Meriam London mampu menjadi finalis pada 2025/2026.
""Saya rasa Anda bisa melihat dari dua edisi terakhir bahwa kami memenangkan sebagian besar pertandingan dan saat pertama kalinya kami mencapai semifinal dan musim lalu kami mencapai final,"" Calafiori mengungkapkan.
""Jadi ini sangat penting bagi kami dan kami harus terus maju. Kami sangat percaya diri saat ini, terutama dengan semua hasil yang telah kami raih,"" tegasnya.
| Baca juga: Arsenal Makin Pede Main Cantik | 
(ran/krs)",sport
94,"Di tengah karier yang mengilap, Lamine Yamal belum juga mendapatkan medali juara Liga Champions. Yamal bertekad meraihnya dengan Barcelona di musim ini.
Lamine Yamal sudah memenangi gelar-gelar penting meski baru sekitar tiga tahun menjadi pemain profesional. Di level klub, Yamal berhasil memenangi tiga titel LaLiga, dan sekali Copa del Rey.
| Baca juga: Anthony Gordon Sang 'Pelayan' Baru Barcelona | 
Sedangkan di level internasional, Lamine Yamal mengantar Timnas Spanyol merajai jagat sepakbola usai merebut Piala Eropa 2024, disusul Piala Dunia 2026.
Ini artinya, satu-satunya trofi kompetisi utama yang masih menghindari Lamine Yamal hanyalah Liga Champions. Barcelona masih berupaya memutus puasa gelarnya ini yang sudah berjalan selama lebih dari satu dekade.
Lamine Yamal optimistis dengan peluang Barcelona, yang didukung kedatangan pemain-pemain baru berkualitas di bursa musim panas.""Tidak ada motivasi yang lebih besar daripada memenangi Liga Champions, satu-satunya kompetisi yang masih harus kumenangi,"" cetus pesepakbola berusia 19 tahun ini.
""Kami akan mengerahkan segala-galanya untuk memenangi kompetisi itu. Ada pemain-pemain bagus yang datang, seperti (Anthony) Gordon, (Karim) Adeyemi, Rodi,"" Lamine Yamal mengatakan dilansir Reuters.
Misi Yamal mengantar Barcelona memenangi Liga Champions 2026/2027 akan dibuka dengan laga kandang melawan klub raksasa Belanda, Feyenoord besok (9/9) malam WIB.
(rin/adp)",sport
95,"Kapten Inter Milan Lautaro Martinez tetap bangga dengan performa timnya meski kalah dari Real Madrid. Inter memetik pelajaran berharga dari Santiago Bernabeu.
Duel Real Madrid vs Inter Milan di matchday 1 Liga Champions digelar di Santiago Bernabeu, Rabu (9/9/2026) dini hari WIB. Nerazzurri kalah 1-2 dari tuan rumah.
Inter sudah tertinggal 0-2 saat laga baru berjalan 23 menit. Kedua gol Madrid tercipta akibat blunder lini belakang Inter.
Meski demikian, terlepas dari kesalahan lini belakang, Inter tampil mengesankan. Statistik mencatat penguasaan bola pasukan Cristian Chivu itu mencapai 61%, dengan total 19 kali percobaan.
Inter juga beberapa kali memaksa Thibaut Courtois melakukan penyelamatan penting. Sementara kiper Inter Josep Martinez juga bikin enam penyelamatan.
Lautaro menilai Inter menunjukkan permainan level tinggi meski kalah dari Madrid. Hanya ada beberapa pekerjaan rumah yang harus segera dibereskan Inter.
""Saya akan tetap bilang kami pulang dari sini dengan kepala tegak, karena kami bermain di level tinggi melawan tim yang hebat,"" ujar Lautaro kepada Sky.
""(Thibaut) Courtois adalah salah satu kiper terbaik di dunia, tapi kami juga harus memperbaiki penyelesaian akhir di depan gawang dan bisa saja lebih baik.""
""Kami harus memperbaiki detail, karena ini adalah pertandingan pertama; jalan masih panjang, dan kami harus menang di pertandingan berikutnya,"" katanya.
(nds/aff)",sport
96,"Napoli vs Arsenal akan main pada laga perdana Liga Champions musim 2026/27. Mikel Arteta mau The Gunners langsung gas!
Napoli vs Arsenal akan main pada Kamis (10/9) pukul 02.00 WIB. Arsenal merupakan finalis Liga Champions musim lalu.
The Gunners kalah di final dari PSG lewat adu penalti. Musim ini, klub asal London itu mau unjuk gigi lagi!
Manajer Arsenal, Mikel Arteta menegaskan timnya harus memulai Liga Champions dengan performa hebat. Meski, Arteta hormati Napoli sebagai lawan yang tangguh.
""Saya dan tim antusias menyambut Liga Champions musim ini,"" ujar Arteta dilansir dari situs resmi klub.
""Kami tahu betapa berartinya kompetisi ini bagi kami semua, termasuk pengalaman tahun lalu, jadi kami harus memulai laga pertama di tempat yang sangat, sangat sulit, namun kami sangat bersemangat untuk mengawali kiprah ini,"" paparnya.
""Kami harus memulai dengan performa yang hebat,"" tegasnya.
Mikel Arteta enggan mikir jauh-jauh. Arteta mau Arsenal konsisten di tiap laga dan fokus ke diri sendiri.
""Dengan identitas kami, dengan apa yang ingin kami capai dalam pertandingan, serta keyakinan penuh bahwa kami mampu mewujudkan tujuan kami,"" ungkapnya.
""Kandang Napoli akan jadi tempat yang sangat sulit. Saya pernah ke sana, tahu atmosfernya, namun kami siap beraksi,"" tutupnya.
(aff/krs)",sport
97,"Persija Jakarta akan melawan Persib Bandung dalam lanjutan Super League. Laga itu akan menjadi perang bertabur pemain Timnas Indonesia.
Persija vs Persib direncanakan berlangsung Sabtu (12/9/2026). Laga itu akan berlangsung di Stadion Utama Gelora Bung Karno, Jakarta, pukul 15.30 WIB.
Di skuad Persija, ada sebanyak 10 pemain Timnas. Sementara di kubu Persib ada sebanyak tujuh pemain Skuad Garuda.
| Baca juga: Fix! Persija Menjamu Persib di SUGBK | 
Rizky Ridho, Pratama Arhan, Rio Fahmi, Nadeo Argawinata, Witan Sulaeman, Jordi Amat, Fajar Fathur Rahman, Rayhan Hannan, sampai Dony Tri Pamungkas pemain Timnas asal Persija.
Sementara di kubu Persib ada Sandy Walsh, Ragnar Oratmangoen, Thom Haye, Eliano Reijndres, Marc Klok, Beckham Putra, dan Adam Alis.
Bagi beberapa pemain Timnas, ini akan menjadi Persija vs Persib pertamanya. Pratama Arhan dan Nadeo Argawinata di kubu Persija. Sementara di kubu Persib ada Sandy Walsh dan Ragnar Oratmangoen.
Persija sedang kurang oke saat melawan Persib. Terakhir kali Persija mengalahkan Persib pada 31 Maret 2023.
Di Stadion Patriot Candrabhaga, Bekasi, Jawa Barat, Persija menang 2-0 berkat gol dari Riko Simanjuntak dan Michael Krmencik.
Simak juga Video Pramono Ogah Tebak Skor Persija Vs Persib: Biasanya Saya Nebak Nggak Benar",sport
98,"Vinicius Jr sempat dicemooh oleh suporter Real Madrid ketika ditarik keluar di laga kontra Inter Milan. Jose Mourinho pasang badan!
Real Madrid menang 2-1 atas Inter Milan di laga perdana Liga Champions 2026/27, Rabu (9/9) dini hari WIB. Mbappe dan Valverde cetak gol, dibalas oleh Augusto.
Di menit ke-87, Vinicius Junior ditarik keluar digantikan bek sayap Alvaro Carreras. Dilaporkan AS, terdengar ada cemooh dari suporter Real Madrid sendiri!
Vincius membalas dengan bertepuk tangan, enggak mau bikin drama. Pelatih Jose Mourinho turut memberi tepuk tangan kepada Vinicius, lalu memeluknya.
Diyakini, para suporter Real Madrid kurang puas dengan performa Vinicius Jr di awal musim ini. Apalagi, Vinicius sempat terlihat menolak salaman dengan Jose Mourinho ketika kalah dari Real Betis pada akhir pekan kemarin.
Mourinho pun pasang badan buat sang winger itu. Mourinho tegaskan, Vini sudah bekerja keras!
""Vini bekerja sangat keras. Dia memang belum mencapai mode 'pembunuh' tapi dia bekerja sangat keras dan layak dihormati,"" tegas Mourinho.
""Siapa pun yang bekerja keras dan memberikan segalanya, harus dihormati,"" tutupnya.
Simak juga Video: Mourinho Memang Benar-benar 'Special One' Buat Chivu",sport
99,"Inter Milan pulang dari lawatan ke markas Real Madrid dengan kekalahan. Dua kesalahan lini belakang di awal laga berakibat fatal.
Inter tandang ke Santiago Bernabeu di matchday pertama Liga Champions, Rabu (9/9/2026) dini hari WIB. Nerazzurri kalah 1-2 dari tuan rumah.
Inter sudah tertinggal 0-2 saat laga baru berjalan 23 menit. Kedua gol Madrid tercipta akibat blunder barisan pertahanan Inter.
Pada gol pertama, operan Curtis Jones yang tidak sempurna membuat Kylian Mbappe dengan mudah mendapat peluang dan mencetak gol. Kemudian pada menit ke-23, kiper Inter Josep Martinez gagal menggocek Federico Valverde di depan gawang sendiri sehingga bola dicuri gelandang Madrid itu dan dikonversi jadi gol.
Kapten Inter Lautaro Martinez sadar betul pertandingan di level Liga Champions tak jarang ditentukan oleh detail-detail kecil. Ia pun menyayangkan kesalahan lini belakang kendati penampilan Inter secara keseluruhan tidak buruk-buruk amat.
""Kami terus mengulangi bahwa ini adalah kompetisi di mana detail itu menentukan, dan Anda harus membayar mahal ketika bikin kesalahan,"" ujar Lautaro kepada Sky Sport Italia.
""Kami memulai dengan baik, mengendalikan permainan, menguasai bola, tapi dua kesalahan yang begitu awal berujung dua gol, jadi menyulitkan.""
""Real Madrid adalah tim level tinggi, tapi Inter datang ke sini hari ini dan bermain dengan karakter, determinasi, kami menunjukkan level permainan kami,"" katanya.
(nds/cas)",sport
100,"Chef de Mission (CdM) Indonesia Todotua Pasaribu terus memonitoring kondisi di Nagoya, Jepang jelang Asian Games 2026. Itu setelah adanya banjir besar yang menimpa kota tersebut.
Hal tersebut ditekankan Todo, sapaan karibnya, karena berkaitan dengan kontingen Indonesia yang akan tampil di Asian Games 2026.
Mengutip laman Straitstimes, ratusan atlet Asian Games di Jepang sempat dievakuasi dari tempat penginapan mereka akibat hujan lebat yang melanda kota tuan rumah Nagoya dengan kompetisi yang akan dimulai pada 10 September.
Air hujan juga merembes ke beberapa venue pertandingan, sementara prakiraan cuaca menunjukkan akan ada lebih banyak hujan dalam beberapa hari ke depan.
Sekitar 104 mm hujan turun dalam satu jam di Nagoya pada 8 September, yang mendorong pejabat pemerintah kota untuk mengeluarkan perintah evakuasi bagi beberapa wilayah di kota tersebut.
""Kami memonitoring terus sejak tadi malam. Memang kondisi pagi ini dari pemerintah Nagoya, ofisial dari pemerintah provinsi Nagoya sudah mengeluarkan warning untuk me-lock seluruh kegiatan yang ada di Nagoya,"" kata Todotua saat ditemui di Wisma Serba Guna, GBK, pada Rabu (9/9/2026).
Kondisi ini, kata Todo, tak hanya berdampak pada kontingen Indonesia, tapi semua yang hadir di Nagoya.
Diketahui, Timnas basket menjadi kontingen cabor pertama dari Indonesia yang terbang ke Nagoya. Mereka bertolak pada Senin (7/9) malam dari Surabaya, kemudian ke Singapura, dan tiba di Jepang pada Selasa (8/9).
""Jadi impact-nya bukan cuma kita tapi semua yang hadir di sana. Kami dengan tim manajer di sana memikirkan untuk mencari tempat latihan darurat,"" tuturnya.
""Tapi secara prinsip ini keputusan pemerintah setempat provinsi Nagoya memang lock semua, tak hanya sport tapi tempat pelayanan umum, sekolah juga,"" kata Todo.
Ia juga menegaskan pihaknya akan terus memonitor perkembangan bersama panitia.
""Seperti Pak Menpora sampaikan ini bukan hal dibuat-buat, kita tetap memonitor kondisi yang ada,"" pungkas Todotua.
Simak juga Video Bicara Kesiapan Atlet untuk Asian Games, Mensesneg: Persiapan Sangat Baik",sport
101,"detikNews | 35 menit yang lalu
        
                 54 menit yang lalu             
        Sabtu, 05 Sep 2026 18:45 WIB
 Minggu, 06 Sep 2026 19:37 WIB
 
                 3 menit yang lalu             
        
                 6 menit yang lalu             
        
                 8 menit yang lalu             
        
                 9 menit yang lalu             
        
                 43 menit yang lalu             
        
                 12 menit yang lalu             
        
                 13 menit yang lalu             
        
                 14 menit yang lalu             
        
                 17 menit yang lalu             
        
                 18 menit yang lalu             
        
                 19 menit yang lalu             
        
                 20 menit yang lalu             
        
                 22 menit yang lalu             
        
                 24 menit yang lalu             
        
                 25 menit yang lalu             
        
                 27 menit yang lalu             
        
                 37 menit yang lalu             
        
                 39 menit yang lalu             
        
                 40 menit yang lalu             
        
                 44 menit yang lalu             
        
                 45 menit yang lalu             
        
                 50 menit yang lalu             
        
                 52 menit yang lalu             
        
                 55 menit yang lalu             
        
                 57 menit yang lalu             
        
                 59 menit yang lalu             
        detikNews | 2 jam yang lalu
 detikFinance | 2 jam yang lalu
 detikFinance | 1 jam yang lalu
 detikNews | 4 jam yang lalu
 
Komentar Terbanyak
Trump Anggap Perang Iran Sebagai 'Hal Kecil' Bagi AS
Israel Siapkan Rencana Usir Warga Gaza, Tunggu Persetujuan AS
Kepala SPPG Usai 566 Santri Sidoarjo Keracunan MBG: Mohon Maaf, Saya Menyesal",finance
102,"Angka Penolakan Visa Pelajar ke Australia Capai Titik Tertinggi dalam 10 Tahun detikNews | 2 jam yang lalu
Masyarakat Dibuatkan Rekening Saldo Awal Rp 50 Ribu, Sumber APBN Rp 11 T detikFinance | 2 jam yang lalu
NasDem Tanggapi Tafsir PDIP soal AHY: Barisan Koalisi Harus Tanggung Jawab detikNews | 4 jam yang lalu
Pemilik KTP Baru Usia 17 Tahun Otomatis Dibuatkan Rekening BRI atau BSI detikFinance | 2 jam yang lalu
7 Gaya Simple Putri Leonor di Hari Pertama Masuk Kuliah, Pakai Kemeja & Jeans Wolipop | 4 jam yang lalu
Penumpang Dianggap Belum Siap, Sosialisasi Aturan Bagasi Garuda Indonesia Dikritik detikTravel | 2 jam yang lalu
Harry-Meghan Markle Kaget Disurati Raja Charles III Soal Status Sipil Biasa detikPop | 3 jam yang lalu",finance
103,"MENU
detikcom
Terpopuler
Live TV
Kirim Tulisan
Kategori Berita
detikNews
detikFinance
detikInet
detikHot
detikSport
Sepakbola
detikOto
detikTravel
detikFood
detikHealth
Wolipop
DetikX
20Detik
detikFoto
detikEdu
detikHikmah
detikProperti
detikPop
Daerah
detikJateng
detikJatim
detikJabar
detikSulsel
detikSumut
detikBali
detikSumbagsel
detikJogja
detikKalimantan
Layanan
For Your Business
Pasang Mata
adsmart
detikEvent
Trans Snow World
Trans Studio
Flying Over Indonesia
berbuatbaik.id
ziswafctarsa.id
Signature Awards
Bingkai.id
Trans Hotel Group
Community Connect
NEW
Rekomendit
NEW
Top Up & Tagihan
Game
Paket Data
Pulsa Prabayar
Token PLN
E-wallet
BPJS Kesehatan
PLN Pascabayar
PDAM
TV & Internet
Streaming
Detik Network
Hai Bunda
CNN Indonesia
CNBC Indonesia
Beautynesia
Female Daily
CXO Media
Update Terkini ERUPSI GUNUNG di Indonesia
Di Sini
Home
detik TV
detikUpdate
Live TV
Trans TV
Trans 7
CNN Indonesia
CNBC Indonesia
View All
Signature
Detik Pagi
Detik Sore
Sosok
Indonesia Punya Kita
Program Lainnya
Politik
Peristiwa
Hukum
Ekonomi
Travel
Otomotif
Saintek
Kesehatan
Kuliner
Olahraga
Hiburan
Religi
Edu
Fashion & Beauty
Live TV
Detik TV Live TV
detik TV
Live TV Trans TV
Trans TV
Live TV Trans 7
Trans 7
CNN TV Streaming
CNN Indonesia
CNBC TV Streaming
CNBC Indonesia",finance
104,"detikNetwork adalah bagian dari CT Corp.
Satu akun MPC untuk beraktivitas di semua layanan CT Corp dan Allo Bank. Pelajari lebih lanjut.
Untuk bantuan daftar dan masuk,email ke info@detik.com",finance
105,"13 menit yang lalu
        
                        Video 3 Pegawai Pemkab Jayawjaya Ditembak OTK                    
                
            
                 2 menit yang lalu             
        
                        Sekda Jabar Dorong Kades Aktif Tingkatkan Indeks Pembangunan Manusia                    
                
            
                 8 menit yang lalu             
        
                        Wamendagri Dorong Percepatan Pendataan Warga Terdampak Konflik Papua                    
                
            
                 11 menit yang lalu             
        
                        Video: Alphard Seruduk Kendaraan di Surabaya, 10 Motor-3 Mobil Terdampak                    
                
            
                        200 Mahasiswa Palestina Dapat Beasiswa S2 dari BAZNAS dan Kemdiktisaintek                    
                
            
                 17 menit yang lalu             
        
                        Polres Jakbar Musnahkan Barang Bukti 1 Kg Sabu hingga Ribuan Pil Ekstasi                    
                
            
                 19 menit yang lalu             
        
                        Video: Sabu Diumpetin dalam Kerupuk Plompong Ketahuan di Rutan Surabaya                    
                
            
                        Kapolda Riau dan Pangdam Cek Karhutla di Inhu, Tegaskan Upaya Kolaboratif                    
                
            
                 20 menit yang lalu             
        
                        Pemerintah Diminta Segera Terapkan Label Nutri-Level pada Pangan Olahan                    
                
            
                 22 menit yang lalu             
        
                        DPR Kaji Aspirasi Kepala Desa soal Keberlanjutan Masa Jabatan                    
                
            
                 24 menit yang lalu             
        
                        Ledakan Gas Melon di Warteg Tambora Picu Kepanikan Warga                    
                
            
                 34 menit yang lalu             
        
                        Video Janji Prabowo Beri Bonus Rp 3 M untuk Peraih Emas Asian Games 2026                    
                
            
                 37 menit yang lalu             
        
                        DPR Tegaskan Afirmasi Perempuan dalam Seleksi Penyelenggara Pemilu                    
                
            
                 39 menit yang lalu             
        
                        6 Ruko di Bogor Kebakaran Akibat Korsleting Listrik, Termasuk Kafe-Salon                    
                
            
                 49 menit yang lalu             
        
                        Prabowo-Gibran Hadiri HUT Ke-25 Partai Demokrat, Disambut SBY dan AHY                    
                
            
                 54 menit yang lalu             
        
                        Duduk Perkara Kakak-Adik Mabuk Dipukuli di Bekasi, Sempat Dikira Begal                    
                
            
                 57 menit yang lalu             
        
                        Ini Daftar Lokasi Samsat Drive Thru di Jawa Barat                    
                
            
                 59 menit yang lalu             
        
                        Tito Ungkap 4 Komponen Utama Genjot Pertumbuhan Ekonomi Daerah                    
                
            
                 1 jam yang lalu             
        
                        Hari Kedua, Tim SAR Perluas Pencarian Jurnalis dan Awak Kapal di Selat Sunda                    
                
            
                        Gen Z Tertarik pada Mao Zedong, Kenapa?                    
                
            
                 2 jam yang lalu             
        
                        Israel Balas Sanksi Inggris, Konsulat di Yerusalem Ditutup                    
                
            
                        Mendidih, AS Akan Terus Serang Kapal-kapal Tanker Iran!                    
                
            
                        Bamsoet: Ekonomi yang Kuat Perlu Keamanan dan Kepastian Berusaha                    
                
            
                        Wakapolri Buka Ruang Kritik Mahasiswa untuk Perbaikan Polri                    
                
            
                        5 Berita Terpopuler Internasional                    
                
            
                        Ketua DPRD DKI Minta Tarif Ragunan Tak Perlu Naik, Ini Alasannya                    
                
            
Komentar Terbanyak
Trump Anggap Perang Iran Sebagai 'Hal Kecil' Bagi AS
Israel Siapkan Rencana Usir Warga Gaza, Tunggu Persetujuan AS
Kepala SPPG Usai 566 Santri Sidoarjo Keracunan MBG: Mohon Maaf, Saya Menyesal",finance
106,"MARKET DATA
        Rabu, 09 Sep 2026 16:00 WIB
Data is a realtime snapshot,
delayed at least 10 minutes
6 menit yang lalu
            
				 25 menit yang lalu             
                    
				 40 menit yang lalu             
                    
				 50 menit yang lalu             
                    
				 55 menit yang lalu             
                    
				 1 jam yang lalu             
                    
 Temukan dan pasang lowongan kerja tepercaya gratis berbagai bidang dan jasa.
 
 Pasang Loker 
 
				Wawancara Eksklusif bersama Narasumber Inspiratif di Bidang Usaha.
            
            
        
				 2 jam yang lalu             
                    
				 4 jam yang lalu             
                    
				 5 jam yang lalu             
                    
				 6 jam yang lalu             
                    
				 7 jam yang lalu             
                    
				 8 jam yang lalu             
                    
					Kalkulator 
KREDIT USAHA
			
KREDIT USAHA
					Simulasikan kebutuhan modal bisnis impian Anda dengan kalkulator kredit usaha detikFinance
				
				
					Info Lanjut 
				
			
                    Kamus
                
                
                    Finance
                
            
                Temukan informasi seputar keuangan disini.
            
            
        
Komentar Terbanyak
Purbaya Siapkan Rp 40 T Bayar Utang Kopdes ke Bank BUMN, Jamin Tak Macet
Angka Kemiskinan Berbeda dengan Versi Bank Dunia, BPS Buka Suara
Pertamina Batalkan Rencana Beli BBM Subsidi Tunjukkan STNK",finance
107,"Sisa Kuota Internet Tak Boleh Dihapus, Pakar: Konsumen Diuntungkan
        
    
                                
            
    
        
        
        
                        Cari 5 Jurnalis Hilang, Komdigi Perkuat Kualitas Telekomunikasi
        
    
                                
            
    
        
        
        
                        Perjuangan 'Manusia Terowongan' Cari Korban Banjir Nepal di Bawah Tanah
        
    
                                
            
    
        
        
        
                        Oppo Enco Buds3s Rilis, Baterai 54 Jam Harga Rp 599 Ribu
        
    
                                
            
    
        
        
        
                        WhatsApp Uji Coba Fitur Telepon Tanpa Akun dan Aplikasi
        
    
                                
            
    
        
        
        
                        Advan Air Neo: Spesifikasi dan Harga di Indonesia
        
    
                                
            
    
        
        
        
                        Inovasi BRIN: Rumah Tahan Gempa sampai Pesawat Alap-alap Tanpa Awak
        
    
                                
            
    
        
        
        
                        Krakatau 1883 Bikin Langit Dunia Berubah Warna, Ini Penjelasan Sains
        
    
                                
            
    
        
        
        
                        Arm Mali G2-Ultra NX: Inovasi Arm Terbaru untuk HP Gaming Rasa PC
        
    
                                
            
    
        
        
        
                        Telkomsel Dorong Transformasi Digital dalam Ekosistem Logistik Nasional",finance
108,"5 Foto Hot Photo Cut Intan Nabila Kenang Keputusan Tinggalkan Anggar karena Ucapan Eks Suami 4 jam yang lalu
4 Foto Hot Photo Raniah Alaydroes Melek Akan Hal Ini Usai 11 Tahun Nikah dengan Sahil Mulachela 7 jam yang lalu
5 Foto Hot Photo Maissy di Pusara Ortu: Saat Ku Dilantik Jadi Dokter Spesialis Ada 2 Kursi Kosong 11 jam yang lalu
5 Foto Hot Photo Ayu Dewi Gak Jual Kesedihan soal Balik ke Jakarta Imbas Erupsi Anak Krakatau 13 jam yang lalu
Pelapor Ngaku Punya Rekaman CCTV Dugaan Perselingkuhan Istri dengan Suami Artis Selasa, 08 Sep 2026 16:08 WIB
Soal Kemungkinan Sarwendah Gugat Balik Ruben Onsu: Buat Masa Depan Anak Selasa, 08 Sep 2026 14:19 WIB
Sosok Didin Marlin, Musisi di Balik Sentuhan Gitar Lagu Populer Nadin Amizah Selasa, 08 Sep 2026 13:58 WIB
Katon Bagaskara Ungkap Kondisi Setelah 6 Jam Gak Bisa Pulang dari Swiss Selasa, 08 Sep 2026 12:06 WIB
Ridho Illahi Bawa Nama Satu Artis Lagi di Kasus Dugaan Penipuan dan Penggelapan Selasa, 08 Sep 2026 11:25 WIB
6 Foto Hot Photo Selamat... Inka Andestha Resmi Bergelar Sarjana Komunikasi Selasa, 08 Sep 2026 11:05 WIB
5 Foto Hot Photo Syahrini Gak Masalah Wajah Dijadikan Meme: Urusan Kita Berbuat Baik Saja Selasa, 08 Sep 2026 08:06 WIB
6 Foto Hot Photo Pengakuan Opie Kumis: Menikah 31 Kali, 4 Istri, 10 Anak dan 12 Cucu Selasa, 08 Sep 2026 07:08 WIB
6 Foto Hot Photo Brisia Jodie Gak Bisa Simpan Rahasia Lagi, Umumkan Hamil Anak Pertama Selasa, 08 Sep 2026 05:10 WIB
5 Foto Hot Photo Yeay! Azizah Salsha Lulus Pelatihan Kelas Baking dari Lenotre Paris Senin, 07 Sep 2026 22:02 WIB
Komentar Terbanyak
Ustaz Riza soal Dihujat Nge-gym sampai Dianggap Pamer Aurat
Pengakuan Opie Kumis: Menikah 31 Kali, 4 Istri, 10 Anak dan 12 Cucu
Tante Ernie Temukan Cinta Lagi",finance
109,"Informasi Berita Seputar Dunia Olahraga Terbaru
MENU
detikcom
Terpopuler
Live TV
Kirim Tulisan
Kategori Berita
detikNews
detikFinance
detikInet
detikHot
detikSport
Sepakbola
detikOto
detikTravel
detikFood
detikHealth
Wolipop
DetikX
20Detik
detikFoto
detikEdu
detikHikmah
detikProperti
detikPop
Daerah
detikJateng
detikJatim
detikJabar
detikSulsel
detikSumut
detikBali
detikSumbagsel
detikJogja
detikKalimantan
Layanan
For Your Business
Pasang Mata
adsmart
detikEvent
Trans Snow World
Trans Studio
Flying Over Indonesia
berbuatbaik.id
ziswafctarsa.id
Signature Awards
Bingkai.id
Trans Hotel Group
Community Connect
NEW
Rekomendit
NEW
Top Up & Tagihan
Game
Paket Data
Pulsa Prabayar
Token PLN
E-wallet
BPJS Kesehatan
PLN Pascabayar
PDAM
TV & Internet
Streaming
Detik Network
Hai Bunda
CNN Indonesia
CNBC Indonesia
Beautynesia
Female Daily
CXO Media
Cancel
Yang sedang ramai dicari
Loading...
Promoted
Terakhir yang dicari
Loading...
Home
MotoGP
Raket
Formula 1
Basket
Sepakbola
Sportstyle
Sport Lain
Foto Sport
Video Sport
Infografis
Indeks
Bold Riders Podium Picks
Most Popular
G-Sport
Jadwal Badminton
About The Game
0
Berita Terbaru
UPDATE
Asian Games 2026: Putri KW Pede dengan Komposisi Beregu Putri
Derrick Michael Wujudkan Mimpi Masa Kecil Tampil di Asian Games 2026
Dokter Perkirakan Kondisi Lengan Marc Marquez: Sekitar 50 Persen
Tekad Alwi Farhan Lampaui Batas di Asian Games 2026
Jadwal MotoGP San Marino 2026: Misi Marc Marquez Kejar Jorge Martin
Dari Hyrox ke 10K, Fanny Ghassani Pilih Pace Santai
1 jam yang lalu
Berita Terkait
Menjaga Gaya Hidup Sehat Lewat Hyrox
erafone Run 2026 Sukses Padukan Trail Run-Konser Musik di Tangkuban Perahu
News Feed
Indeks Berita
Ketum KOI Memastikan Atlet Terlayani dengan Baik di Nagoya
5 menit yang lalu
Persib Sadari Pertahanan Persija Jauh Lebih Kukuh
13 menit yang lalu
'Lamine Yamal Bisa Jadi Penentu Hasil Laga Sendirian'
28 menit yang lalu
Mbappe Tegaskan Saat ini Liga Champions Lebih Penting daripada Ballon d'Or
47 menit yang lalu
ADVERTISEMENT
SCROLL TO CONTINUE WITH CONTENT
PersijaÂ Panaskan MesinÂ Jelang Jamu Persib
57 menit yang lalu
Maresca Minta Pemain City Kurang-kurangi Backpass ke Donnarumma
1 jam yang lalu
Presiden FIFA Vs 100 Ribu Aduan
1 jam yang lalu
Jadwal Minggu Ini
Supported by:
Semua Liga
Liga Inggris
Liga Italia
Liga Spanyol
Liga Jerman
Liga Indonesia
Xabi Alonso Redam Isu Estevao Mau Cabut dari Chelsea
1 jam yang lalu
Mourinho: Real Madrid Vs Inter Milan Pertandingan Gila!
1 jam yang lalu
Luis Enrique Nggak Mau Ingat-ingat PSG Juara Bertahan Liga Champions
2 jam yang lalu
Asian Games 2026: Prabowo Janjikan Bonus Rp 3 M untuk Peraih Emas
2 jam yang lalu
Arsenal Masih 100%, Pede Banget Tantang Napoli
2 jam yang lalu
Raheem Sterling Tolak Tawaran Main di Klub Ini
2 jam yang lalu
Rizki Juniansyah Siap Debut di Asian Games 2026, Naik Kelas ke 85 Kg
2 jam yang lalu
Head-to-Head Persija Vs Persib: 10 Laga Terbaru Macan Kemayoran Kurang Oke
3 jam yang lalu
Legenda Timnas Prancis Sebut Mbappe Tak Layak Raih Ballon d'Or 2026
3 jam yang lalu
Mourinho: Inter Milan Tim Terbaik Italia
3 jam yang lalu
Napoli Vs Arsenal: Calafiori Nantikan Gemuruh Stadion Maradona
3 jam yang lalu
Yamal Cuma Kurang Trofi Liga Champions, Bertekad Juara di Musim Ini
4 jam yang lalu
Inter Milan Pulang dari Bernabeu dengan Kepala Tegak
4 jam yang lalu
Arsenal Mau Buka Liga Champions dengan 'Wow'
4 jam yang lalu
Persija Vs Persib: Perang Penggawa Timnas Indonesia!
5 jam yang lalu
Mourinho Selamatkan Vinicius dari Cemooh Suporter Real Madrid
5 jam yang lalu
Inter Milan Membayar Mahal Blunder-blunder Lini Belakang
5 jam yang lalu
CdM Todotua: Kami Monitoring Terus Kondisi di Nagoya
5 jam yang lalu
Ngerinya Haaland di Liga Champions: Satu Gol Per Laga
6 jam yang lalu
Mengapa Lionel Messi Masuk Nominasi Ballon d'Or 2026?
6 jam yang lalu
Asian Games 2026: Banjir Landa Nagoya, Menpora Yakin Jepang Punya Plan B
6 jam yang lalu
Fix! Persija Menjamu Persib di SUGBK
6 jam yang lalu
Australia Gagal ke Piala Asia U-20, Pemain Diaspora Indonesia Dibawa-bawa
7 jam yang lalu
Beda Nasib Dua Mbappe
7 jam yang lalu
Napoli Vs Arsenal: Il Partenopei Pincang
7 jam yang lalu
Haaland Samai Aguero, Jadi Top Skor Man City di Liga Champions
8 jam yang lalu
Michael Carrick Puas dengan Performa Rashford
8 jam yang lalu
Ketum KOI dan Menpora Mengukuhkan Tim Indonesia untuk Asian Games 2026
8 jam yang lalu
Liga Champions: John McGinn Cetak Gol Pembuka Musim, Gabung Messi-Ronaldo
8 jam yang lalu
Video Arteta Siap Tantang Napoli di Liga Champions: Rekor Kandang Mereka Kuat!
8 jam yang lalu
Lautaro Martinez Hanya Bisa Ucapkan Terima Kasih kepada Lionel Messi
9 jam yang lalu
Courtois Masuk 'Klub 100 Liga Champions', Kiper ke-8 dalam Daftar
9 jam yang lalu
Milan Punya Gaya Main yang Jelas di Bawah Asuhan Amorim
9 jam yang lalu
Jadwal Liga Champions Malam Ini: Arsenal, Liverpool, dan Barcelona Main
10 jam yang lalu
Chivu Tak Marah Inter Bikin Salah: Yang Penting Reaksinya
10 jam yang lalu
Top Skor Liga Champions: Haaland, Guirassy, dan Bartra Sama-sama 2 Gol
10 jam yang lalu
Video: Pelatih FC Porto Akui Haaland Salah Satu Striker Terbaik Dunia
10 jam yang lalu
Messi Segera Akuisisi Klub Divisi Dua Spanyol
11 jam yang lalu
Lamine Yamal Tak Akan Memohon agar Menang Ballon d'Or
11 jam yang lalu
MotoGP San Marino 2026: Jaga Puncak Klasemen Bukan Prioritas Jorge Martin
11 jam yang lalu
Porto Vs Man City Panas, Haaland Ribut dengan Rosario
11 jam yang lalu
Video: Pertandingan Liga Champions Beri Penghormatan ke Korban Banjir Nepal
12 jam yang lalu
Pemain Dortmund Dilarikan ke RS usai Tumbang saat Melawan Villarreal
12 jam yang lalu
Indeks Berita
Klasemen
Liga Inggris
Liga Italia
Liga Spanyol
Liga Jerman
Liga Indonesia
Supported by:
Selengkapnya
Tag Terpopuler
#
liga champions
#
ballon d'or 2026
#
real madrid
#
inter milan
#
liga spanyol
Berita Terpopuler
#1
Maresca Minta Pemain City Kurang-kurangi Backpass ke Donnarumma
#2
Mourinho: Real Madrid Vs Inter Milan Pertandingan Gila!
#3
Xabi Alonso Redam Isu Estevao Mau Cabut dari Chelsea
#4
Raheem Sterling Tolak Tawaran Main di Klub Ini
#5
Inter Milan Pulang dari Bernabeu dengan Kepala Tegak
Lihat Selengkapnya
Hide Ads",finance
110,"Berita Sepakbola Terbaru Nasional dan Internasional
MENU
detikcom
Terpopuler
Live TV
Kirim Tulisan
Kategori Berita
detikNews
detikFinance
detikInet
detikHot
detikSport
Sepakbola
detikOto
detikTravel
detikFood
detikHealth
Wolipop
DetikX
20Detik
detikFoto
detikEdu
detikHikmah
detikProperti
detikPop
Daerah
detikJateng
detikJatim
detikJabar
detikSulsel
detikSumut
detikBali
detikSumbagsel
detikJogja
detikKalimantan
Layanan
For Your Business
Pasang Mata
adsmart
detikEvent
Trans Snow World
Trans Studio
Flying Over Indonesia
berbuatbaik.id
ziswafctarsa.id
Signature Awards
Bingkai.id
Trans Hotel Group
Community Connect
NEW
Rekomendit
NEW
Top Up & Tagihan
Game
Paket Data
Pulsa Prabayar
Token PLN
E-wallet
BPJS Kesehatan
PLN Pascabayar
PDAM
TV & Internet
Streaming
Detik Network
Hai Bunda
CNN Indonesia
CNBC Indonesia
Beautynesia
Female Daily
CXO Media
Cancel
Yang sedang ramai dicari
Loading...
Promoted
Terakhir yang dicari
Loading...
Home
Liga Inggris
Liga Italia
Liga Spanyol
Liga Jerman
Liga Indonesia
UEFA
Dunia
Indeks
detikSport
Terpopuler
Jadwal Pertandingan
Klasemen Liga
Hasil Pertandingan
Man of The Match
Gila Bola
Foto
Video
Infografis
Liga Inggris
Liga Italia
Liga Spanyol
Liga Indonesia
Manchester City
Arsenal
Hull City
Chelsea
Brentford
Newcastle United
Liverpool
Everton
Leeds United
Brighton & Hove Albion
Manchester United
Sunderland
Ipswich Town
Crystal Palace
AFC Bournemouth
Nottingham Forest
Tottenham Hotspur
Aston Villa
Fulham
Coventry City
0
Berita Terbaru
UPDATE
Real Madrid Vs Inter Milan: Blunder Fatal Josep Martinez
Dicoret Dembele, Lamine Yamal: Dia kan Teman Mbappe!
Porto Vs Man City Panas, Haaland Ribut dengan Rosario
Klasemen Sementara Liga Champions: Man City di Puncak
Hasil Liga Champions Tadi Malam: Real Madrid dan Man City Menang
Enzo Fernandez Bahagia Banget Tetap Dilatih Maresca
10 menit yang lalu
Berita Terkait
Haaland Minim Pramusim, Khawatir Performanya Turun
Carrick Sebut MU Baik-baik saja
News Feed
Indeks Berita
Persib Sadari Pertahanan Persija Jauh Lebih Kukuh
25 menit yang lalu
Jadwal Minggu Ini
Supported by:
Semua Liga
Liga Inggris
Liga Italia
Liga Spanyol
Liga Indonesia
'Lamine Yamal Bisa Jadi Penentu Hasil Laga Sendirian'
40 menit yang lalu
Mbappe Tegaskan Saat ini Liga Champions Lebih Penting daripada Ballon d'Or
1 jam yang lalu
PersijaÂ Panaskan MesinÂ Jelang Jamu Persib
1 jam yang lalu
ADVERTISEMENT
SCROLL TO CONTINUE WITH CONTENT
Polling
Maresca Minta Pemain City Kurang-kurangi Backpass ke Donnarumma
1 jam yang lalu
Presiden FIFA Vs 100 Ribu Aduan
1 jam yang lalu
Xabi Alonso Redam Isu Estevao Mau Cabut dari Chelsea
1 jam yang lalu
Mourinho: Real Madrid Vs Inter Milan Pertandingan Gila!
2 jam yang lalu
Luis Enrique Nggak Mau Ingat-ingat PSG Juara Bertahan Liga Champions
2 jam yang lalu
Arsenal Masih 100%, Pede Banget Tantang Napoli
2 jam yang lalu
Raheem Sterling Tolak Tawaran Main di Klub Ini
3 jam yang lalu
Head-to-Head Persija Vs Persib: 10 Laga Terbaru Macan Kemayoran Kurang Oke
3 jam yang lalu
Legenda Timnas Prancis Sebut Mbappe Tak Layak Raih Ballon d'Or 2026
3 jam yang lalu
Mourinho: Inter Milan Tim Terbaik Italia
3 jam yang lalu
Napoli Vs Arsenal: Calafiori Nantikan Gemuruh Stadion Maradona
4 jam yang lalu
Yamal Cuma Kurang Trofi Liga Champions, Bertekad Juara di Musim Ini
4 jam yang lalu
Inter Milan Pulang dari Bernabeu dengan Kepala Tegak
4 jam yang lalu
Arsenal Mau Buka Liga Champions dengan 'Wow'
4 jam yang lalu
Persija Vs Persib: Perang Penggawa Timnas Indonesia!
5 jam yang lalu
Mourinho Selamatkan Vinicius dari Cemooh Suporter Real Madrid
5 jam yang lalu
Inter Milan Membayar Mahal Blunder-blunder Lini Belakang
6 jam yang lalu
Ngerinya Haaland di Liga Champions: Satu Gol Per Laga
6 jam yang lalu
Mengapa Lionel Messi Masuk Nominasi Ballon d'Or 2026?
6 jam yang lalu
Fix! Persija Menjamu Persib di SUGBK
7 jam yang lalu
Australia Gagal ke Piala Asia U-20, Pemain Diaspora Indonesia Dibawa-bawa
7 jam yang lalu
Beda Nasib Dua Mbappe
7 jam yang lalu
Napoli Vs Arsenal: Il Partenopei Pincang
8 jam yang lalu
Haaland Samai Aguero, Jadi Top Skor Man City di Liga Champions
8 jam yang lalu
Michael Carrick Puas dengan Performa Rashford
8 jam yang lalu
Liga Champions: John McGinn Cetak Gol Pembuka Musim, Gabung Messi-Ronaldo
9 jam yang lalu
Video Arteta Siap Tantang Napoli di Liga Champions: Rekor Kandang Mereka Kuat!
9 jam yang lalu
Lautaro Martinez Hanya Bisa Ucapkan Terima Kasih kepada Lionel Messi
9 jam yang lalu
Courtois Masuk 'Klub 100 Liga Champions', Kiper ke-8 dalam Daftar
9 jam yang lalu
Milan Punya Gaya Main yang Jelas di Bawah Asuhan Amorim
9 jam yang lalu
Jadwal Liga Champions Malam Ini: Arsenal, Liverpool, dan Barcelona Main
10 jam yang lalu
Chivu Tak Marah Inter Bikin Salah: Yang Penting Reaksinya
10 jam yang lalu
Top Skor Liga Champions: Haaland, Guirassy, dan Bartra Sama-sama 2 Gol
11 jam yang lalu
Video: Pelatih FC Porto Akui Haaland Salah Satu Striker Terbaik Dunia
11 jam yang lalu
Messi Segera Akuisisi Klub Divisi Dua Spanyol
11 jam yang lalu
Lamine Yamal Tak Akan Memohon agar Menang Ballon d'Or
11 jam yang lalu
Porto Vs Man City Panas, Haaland Ribut dengan Rosario
12 jam yang lalu
Video: Pertandingan Liga Champions Beri Penghormatan ke Korban Banjir Nepal
12 jam yang lalu
Pemain Dortmund Dilarikan ke RS usai Tumbang saat Melawan Villarreal
12 jam yang lalu
Martinez Doakan Alvarez Cepat Move On usai Gagal ke Barcelona
12 jam yang lalu
Mac Allister Sedih Tak Ditawari Kontrak Baru di Liverpool
12 jam yang lalu
Bos-bos Como Berikan Jatah Tiket Liga Champions ke Suporter Lansia
13 jam yang lalu
Klasemen Sementara Liga Champions: Man City di Puncak
13 jam yang lalu
Dicoret Dembele, Lamine Yamal: Dia kan Teman Mbappe!
14 jam yang lalu
Real Madrid Vs Inter Milan: Blunder Fatal Josep Martinez
14 jam yang lalu
Hasil Liga Champions Tadi Malam: Real Madrid dan Man City Menang
15 jam yang lalu
Indeks Berita
Jadwal Hari Ini
Semua Liga
Liga Inggris
Liga Italia
Liga Spanyol
Liga Indonesia
Selengkapnya
Klasemen
Liga Inggris
Liga Italia
Liga Spanyol
Liga Indonesia
Supported by:
Selengkapnya
Berita Terpopuler
#1
Maresca Minta Pemain City Kurang-kurangi Backpass ke Donnarumma
#2
Mourinho: Real Madrid Vs Inter Milan Pertandingan Gila!
#3
Xabi Alonso Redam Isu Estevao Mau Cabut dari Chelsea
#4
Raheem Sterling Tolak Tawaran Main di Klub Ini
#5
Inter Milan Pulang dari Bernabeu dengan Kepala Tegak
Lihat Selengkapnya
Komentar Terbanyak
21
Komentar
Messi Pensiun dari Timnas, Mourinho: Pemain yang Akan Kita Rindukan
18
Komentar
Madrid Kalah, Mourinho Sindir Real Betis
18
Komentar
Daftar Nominasi Ballon d'Or 2026 Rilis, Ada Nama Messi
Hide Ads
Komentar Terbanyak
Messi Pensiun dari Timnas, Mourinho: Pemain yang Akan Kita Rindukan
Madrid Kalah, Mourinho Sindir Real Betis
Daftar Nominasi Ballon d'Or 2026 Rilis, Ada Nama Messi",finance
111,"56 menit yang lalu
            
			20 menit yang lalu        
    
			3 jam yang lalu        
    
			4 jam yang lalu        
    
			5 jam yang lalu        
    
			6 jam yang lalu        
    
			8 jam yang lalu        
    
			9 jam yang lalu        
    
			10 jam yang lalu        
    
			11 jam yang lalu        
    
			12 jam yang lalu        
    
			13 jam yang lalu        
    
			Selasa, 08 Sep 2026 20:14 WIB        
    
			Selasa, 08 Sep 2026 19:30 WIB        
    
			Selasa, 08 Sep 2026 19:20 WIB        
    
			Selasa, 08 Sep 2026 19:00 WIB        
    
			Selasa, 08 Sep 2026 18:39 WIB        
    
			Selasa, 08 Sep 2026 18:07 WIB        
    
			Selasa, 08 Sep 2026 17:18 WIB        
    
			Selasa, 08 Sep 2026 16:45 WIB        
    
			Selasa, 08 Sep 2026 16:05 WIB        
    
			Selasa, 08 Sep 2026 15:19 WIB        
    
			Selasa, 08 Sep 2026 14:58 WIB        
    
			Selasa, 08 Sep 2026 14:41 WIB        
    
			Selasa, 08 Sep 2026 14:17 WIB        
    
			Selasa, 08 Sep 2026 13:15 WIB        
    
			Selasa, 08 Sep 2026 12:38 WIB        
    
			Selasa, 08 Sep 2026 12:09 WIB        
    
			Selasa, 08 Sep 2026 11:32 WIB        
    
			Selasa, 08 Sep 2026 11:09 WIB        
    
			Selasa, 08 Sep 2026 10:51 WIB        
    
			Selasa, 08 Sep 2026 10:04 WIB        
    
			Selasa, 08 Sep 2026 09:32 WIB        
    
			Selasa, 08 Sep 2026 09:07 WIB        
    
			Selasa, 08 Sep 2026 08:12 WIB        
    
			Selasa, 08 Sep 2026 07:37 WIB        
    
			Selasa, 08 Sep 2026 07:09 WIB        
    
			Senin, 07 Sep 2026 20:15 WIB        
    
			Senin, 07 Sep 2026 19:45 WIB        
    
                Kalkulator 
KREDIT KENDARAAN
BERMOTOR
        KREDIT KENDARAAN
BERMOTOR
                Simulasikan kredit mobil dan motor impian dengan kalkulator kredit kendaraan bermotor detikOto
            
            Info Lanjut 
        
Komentar Terbanyak
Mobil Listrik BYD Picu Kecelakaan Maut di Jakbar, Pasutri dan Anak Tewas
Konsumsi Meledak, Harga Pertalite Bakal Naik?
Lihat Stiker Ini Nempel di Bus? Jangan Naik Ya, Pokoknya Jangan!",finance
112,"Travel Highlights
            
            
                Kumpulan artikel pilihan oleh redaksi detikTravel
            
        
                        9 Konten
                    
                
                        35 Konten
                    
                
    			11 jam yang lalu            
                    
    			3 jam yang lalu            
                    
    			4 jam yang lalu            
                    
    			5 jam yang lalu            
                    
    			6 jam yang lalu            
                    
    			8 jam yang lalu            
                    
    			9 jam yang lalu            
                    
    			12 jam yang lalu            
                    
    			15 jam yang lalu            
                    
    			Selasa, 08 Sep 2026 20:40 WIB            
                    
    			Selasa, 08 Sep 2026 20:15 WIB            
                    
    			Selasa, 08 Sep 2026 20:00 WIB            
                    
    			Selasa, 08 Sep 2026 19:43 WIB            
                    
    			Selasa, 08 Sep 2026 19:30 WIB            
                    
    			Selasa, 08 Sep 2026 19:03 WIB            
                    
    			Selasa, 08 Sep 2026 18:41 WIB            
                    
    			Selasa, 08 Sep 2026 18:03 WIB            
                    
    			Selasa, 08 Sep 2026 17:40 WIB            
                    
    			Selasa, 08 Sep 2026 17:12 WIB            
                    
Komentar Terbanyak
Bandara Supadio Kacau, Penumpang Gelar Demo dan Nginap Masal
Jembatan Cirahong Bersolek, Cagar Budaya Peninggalan 1893 Kembali Dipercantik
Wisatawan Jepang Jadi Wisatawan Paling Sopan di Dunia, AS Paling Royal",finance
113,"3 Resep Jajanan Tradisional Serba Pandan, Ada Putu Ayu hingga Klepon BACA SEKARANG Resep Oseng Daun dan Bunga Pepaya Campur Teri yang Sedap BACA SEKARANG 3 Resep Sate Ayam Berbumbu Nendang, ala Taichan hingga Madura BACA SEKARANG 3 Resep Nasi Khas Nusantara Buat Teman Makan Siang yang Praktis BACA SEKARANG Keren! WNI Ini Berhasil Masak 500 Porsi Makanan Uganda untuk Konferensi BACA SEKARANG",finance
114,"5 Foto Foto Health DBD dan Campak Menyerang, Rumah Sakit di Dhaka Rawat Banyak Pasien Anak 39 menit yang lalu
Viral Siswi di Karo Disebut 'Hilang Ingatan' usai Keracunan MBG, Ini Kata Kemenkes RI 4 jam yang lalu
Infografis Infografis Infografis: 10 Wilayah RI dengan Suhu Terpanas pada Awal September 5 jam yang lalu
Minum Manis Tiap Hari Picu Risiko Kanker Lambung Naik 2 Kali Lipat? Begini Kata Dokter 6 jam yang lalu
Crosslink Soal Korban Keracunan MBG di Karo Disebut Hilang Ingatan, KPPG Medan Buka Suara 7 jam yang lalu
Infografis Infografis Infografis: BGN Targetkan 72,46 Juta Penerima Manfaat MBG pada 2027 8 jam yang lalu
Kolom Gizi Abu Vulkanik Bisa Picu Stres Oksidatif, Ini Makanan yang Bantu Jaga Tubuh 12 jam yang lalu
Jangan Suruh Langsung Tenang, Ini Cara Membantu Orang yang Lagi Anxiety Selasa, 08 Sep 2026 20:15 WIB
Infografis Infografis Infografis: BGN Tutup Sementara 1.999 SPPG, Ini Alasannya Selasa, 08 Sep 2026 19:07 WIB
Mendadak Punya Asma usai Terpapar Abu Vulkanik? Dokter Paru Ungkap Kemungkinannya Selasa, 08 Sep 2026 18:07 WIB
Viral Wanita Jepang Melahirkan Anak Ke-7 di Tengah Krisis Bayi Negaranya Selasa, 08 Sep 2026 17:06 WIB
Kisah Pilu Remaja di Bogor Dibully dan Putus Sekolah karena Idap Obesitas Selasa, 08 Sep 2026 16:10 WIB
Terus Terpapar Berita Buruk, Begini Cara Mengatasi Cemas Menurut Psikolog Selasa, 08 Sep 2026 15:05 WIB
Abu Vulkanik Bisa Picu Inflamasi, Ini Makanan yang Bantu Lindungi Tubuh Selasa, 08 Sep 2026 13:35 WIB
Mendadak Apatis Diterpa 'Badai Informasi' Bencana? Psikolog Ungkap Alasannya Selasa, 08 Sep 2026 13:07 WIB
Kemenkes Siagakan 413 RS dan 830 Puskesmas Hadapi Dampak Erupsi Anak Krakatau Selasa, 08 Sep 2026 12:07 WIB
Dikaitkan Erupsi Gunung Anak Krakatau, Apa Itu Gas SO2 dan Dampaknya ke Paru? Selasa, 08 Sep 2026 11:34 WIB
Kisah Pria Dapat Donor Ginjal dari Hewan Babi, Bisa Bertahan Hidup 271 Hari Selasa, 08 Sep 2026 09:04 WIB
Hospital Expo Ke-38 Bakal Pamerkan Alat Kesehatan Berteknologi Terkini-A Selasa, 08 Sep 2026 08:03 WIB
Kemenkes Ancam Pidanakan Penimbun Masker di Tengah Erupsi Anak Krakatau Selasa, 08 Sep 2026 08:01 WIB
Salah-salah Malah Terhirup, Ini Cara Aman Bersihkan Rumah dari Abu Vulkanik Selasa, 08 Sep 2026 07:03 WIB
Kadar Air 86 Persen, Apakah 'Minuman Rasa Susu' Termasuk Susu? Ini Faktanya Selasa, 08 Sep 2026 06:07 WIB
Round Up 5 Fakta Penting Soal Masker, Banyak Diburu saat Anak Krakatau Muntahkan Abu Selasa, 08 Sep 2026 05:04 WIB
Bukan Masker Basah, Kemenkes Ungkap Jenis Masker yang Ampuh Tangkal Abu Vulkanik Senin, 07 Sep 2026 20:33 WIB
Jangankan Dibasahi, Lembap Kena Uap Pernapasan Saja Masker Harus Rutin Diganti Senin, 07 Sep 2026 20:03 WIB
Infografis Infografis Infografis: 13 Rekomendasi IDAI untuk Lindungi Anak dari Paparan Abu Vulkanik Senin, 07 Sep 2026 19:02 WIB
Waspadai Silikosis, Paru-paru Kaku karena Kebanyakan Menghirup Abu Vulkanik Senin, 07 Sep 2026 18:06 WIB
Komentar Terbanyak
Kepala BGN Sebut 80 Persen Penyebab Keracunan MBG gegara Pelanggaran SOP Waktu
Masker Mendadak Mahal Imbas Abu Anak Krakatau, Naik hingga 10 Kali Lipat
BGN Resmi Tutup Sementara 1.999 Dapur MBG yang Belum Daftar SLHS",finance
115,"7 Potret Pernikahan Rafi Anak Adjie Pangestu, Usung Adat Aceh dan Jawa Putra Adjie Pangestu dan Annisa Trihapsari, Rafi Pangestu, telah resmi menikah. Acara pernikahan digelar dengan mengusung adat tradisional Aceh dan Jawa. Potret Hari Pertama Pangeran George di Eton, Diantar William-Kate Middleton It's a full-circle moment. Pangeran George mengikuti jejak ayahnya belajar di Eton. Berikut potret hari pertamanya sekolah. Dikenal Realistis, Ini Cara Tepat Menaklukkan Hati Wanita Virgo Temukan cara menjalin hubungan dengan wanita Virgo. Pelajari karakter, tips, dan cara menghargai cinta mereka yang tulus dan konsisten.",finance
116,"spotlight
            Senin, 07 Sep 2026
            
            
    Seporsi MBG Sebelum Trauma Keracunan
Keracunan akibat MBG terus berulang. Pencopotan kepala SPPG dan penutupan dapur sementara dinilai belum menyentuh akar masalah.
Selengkapnya...",finance
117,"Live
                                
                                
                            
                            
                        Kategori Berita
 Daerah
 Layanan
 Top Up & Tagihan
 Detik Network
								BGN melarang penggunaan sejumlah produk minuman rasa susu hingga susu kental manis (SKM) dalam menu Makan Bergizi Gratis (MBG).
							
							Selengkapnya!								
							
						
								Ruko yang diduga dijadikan tempat perekrutan pencari kerja bodong di Jalan Raya Pasar Minggu ini sempat viral dan kini telah tutup dan tergembok. Gimana kesaksiannya?							
							Selengkapnya!								
							
						
								Magma Indonesia melaporkan empat gunung berapi mengalami erupsi pada Rabu (9/9). Empat gunung yang erupsi ini adalah Gunung Ibu, Anak Krakatau, Semeru, dan Ili Lewotolok.							
							Selengkapnya!								
							
						
								Seorang pelajar bernama Febiona Purba (16) mengalami kejang sebelum akhirnya berbicara seperti anak-anak setelah sempat mengonsumsi Makan Bergizi Gratis (MBG).
Kasus ini menjadi sorotan Gubernur Sumatra Utara Bobby Nasution.
							
							Tonton di Sini!								
							
						
								Gus Ipul menyebut data tersebut sudah dimutakhirkan dan Eva kini tidak lagi masuk Desil 4. Ia juga memastikan Eva belum pernah menerima bansos.
							
							Klik di Sini								
							
						
								Kepala Badan Gizi Nasional (BGN), Sudaryono, baru aja resmi nutup sementara 1.999 dapur Makan Bergizi Gratis (MBG) di seluruh Indonesia!							
							Selengkapnya!								
							
						
								Adidas menyampaikan permohonan maaf usai menuai kritik dan seruan boikot dari publik karena kampanye iklan layanan Single Shoe di Israel yang melibatkan seorang mantan tentara militer sebagai modelnya.							
							Simak di Sini								
							
						
Headline
	
                09 Sep 2026            
        Karhutla di Tanah Air
                Kebakaran hutan dan lahan terjadi di beberapa wilayah di Indonesia, salah satunya Kalimantan. Simak di sini untuk update terkait Karhutla.
                Lihat Selengkapnya
                    
                
            
                29 Agu 2026            
        
                26 Agu 2026            
        
                22 Agu 2026            
        
                19 Agu 2026            
        
                08 Sep 2026            
        
                06 Sep 2026            
        
                30 Agu 2026            
        
                13 Agu 2026            
        
                04 Agu 2026            
        
                02 Agu 2026            
        
                31 Jul 2026            
        
                19 Jul 2026            
        Sabtu, 05 Sep 2026 18:45 WIB
                        Minggu, 06 Sep 2026 19:37 WIB
                        Minggu, 06 Sep 2026 07:10 WIB
                        Minggu, 30 Agu 2026 12:42 WIB
                        Minggu, 30 Agu 2026 09:40 WIB
                        Selasa, 01 Sep 2026 10:21 WIB
                        Minggu, 30 Agu 2026 07:11 WIB
                        Sabtu, 05 Sep 2026 13:02 WIB",finance
118,"5 Foto Foto Health DBD dan Campak Menyerang, Rumah Sakit di Dhaka Rawat Banyak Pasien Anak 27 menit yang lalu
8 Foto Foto Bisnis Berburu Mainan dan Nostalgia Masa Kecil di Kampoeng Mainan Blok M 58 menit yang lalu
6 Foto Foto News Hari Kedua, Tim SAR Perluas Pencarian Jurnalis dan Awak Kapal di Selat Sunda 1 jam yang lalu",finance
119,"Video: Mau Tahu Soal PISA yang Jadi Dasar Pengukuran Membaca Hingga Matematika? Berikut Contohnya! 11 jam yang lalu
Skor PISA Siswa Indonesia dari 2000 hingga 2025, Tahun Mana yang Tertinggi? Selasa, 08 Sep 2026 20:01 WIB
Kedubes AS Buka Pendaftaran Pertukaran Pelajar SMA-SMK-MA, Tutup Seminggu Lagi! Selasa, 08 Sep 2026 19:30 WIB
Sekolah Jakarta Kembali Belajar Tatap Muka Besok, Siswa Diminta Pakai Masker Selasa, 08 Sep 2026 18:08 WIB
BRIN Ikut Pantau Erupsi Gunung Anak Krakatau, Pastikan Tak Ada Potensi Tsunami Selasa, 08 Sep 2026 17:00 WIB
Berkaca dari India, Kepala BRIN Ingin Kampus Dampingi Startup Buat Inovasi Canggih Selasa, 08 Sep 2026 16:30 WIB
Siap-siap! BRIN Gelar Pameran Inovasi Terbesar IISE 2026 Desember Mendatang Selasa, 08 Sep 2026 16:00 WIB
Komentar Terbanyak
Mendikti Evaluasi Semua Pimpinan Perguruan Tinggi Imbas Korupsi Rektor Unsoed
Jika Desil Berubah, Apakah KIP Kuliah Langsung Stop? Begini Jawaban Kemdiktisaintek
Wamen Stella: Hanya 50 Persen Murid SMA di China yang Masuk Perguruan Tinggi",finance
120,"JADWAL SHOLAT
            
        
    09 September 2026 / 1447H
        2 jam 20 menit
            16:11
            Menuju Maghrib
        Imsak
                04:24
            Subuh
                04:34
            Dzuhur
                11:54
            Ashar
                15:09
            Magrib
                17:54
            Isya'
                19:03
            Sumber: Bimas Islam, Kementerian Agama RI.
    
        Selengkapnya
    
		
		
		
40 menit yang lalu
            
                        5 Cara Menggunakan Uang Bansos agar Jadi Rezeki yang Berkah                    
                
            
                2 jam yang lalu            
                    
                        Canggih! Saudi Hadirkan AI Pandu Jemaah Tawaf-Sai                    
                
            
 Konsultasikan Kebutuhan dan Masalah Seputar Islam bersama Ustaz/Ustazah Secara Gratis di Sini
 Kirim Pertanyaan 
 
 
 
                        Punya Tabungan tapi Masih Punya Utang, Wajib Haji atau Tidak?                    
                
            
                4 jam yang lalu            
                    
                        Benarkah Harus Mengqadha Salat Jika Tidak Diterima 40 Hari?                    
                
            
                6 jam yang lalu            
                    
                        Memalsukan Data demi Mendapat Bansos, Apa Hukumnya dalam Islam?                    
                
            
                8 jam yang lalu            
                    
                        Arab Saudi Hadiahkan Sabuk Kiswah Ka'bah kepada Liga Arab                    
                
            
                9 jam yang lalu            
                    
                        Hadits tentang Niat dan Keutamaan Pahala Niat Baik                    
                
            
                11 jam yang lalu            
                    
                        DNA Bisa Buktikan Hubungan Darah, tetapi Bagaimana dengan Nasab?                    
                
            
                        Bolehkah Haji Berkali-kali? Ini Hukumnya dalam Islam                    
                
            
                12 jam yang lalu            
                    
                        Hukum Membaca Surah Pendek Setelah Al-Fatihah dalam Salat                    
                
            
                13 jam yang lalu            
                    
                        Doa Memakai Pakaian Lengkap Arab, Latin, dan Artinya                    
                
            
                14 jam yang lalu            
                    
                        7 Dosa yang Sering Tidak Disadari Kaum Muslimah                    
                
            
                        Niat Puasa Nazar Arab, Latin, Arti, Hukum dan Syarat Sahnya                    
                
            
                15 jam yang lalu            
                    
                        Bacaan Setelah Sholat Tahajud, Apakah Wajib Diamalkan?                    
                
            
                23 jam yang lalu            
                    
                        Ini Alasan Allah SWT Menciptakan Gunung, Dijelaskan dalam Surah An-Nahl Ayat 15                    
                
            
                Selasa, 08 Sep 2026 20:00 WIB            
                    
                        Soetta Kembali Buka, Kemenhaj Pastikan Jemaah Umrah Di-reschedule Tanpa Biaya                    
                
            
                Selasa, 08 Sep 2026 19:15 WIB            
                    
                        Doa setelah Membaca Surah Al-Waqiah agar Rezeki Dimudahkan                    
                
            
                Selasa, 08 Sep 2026 18:33 WIB            
                    
                        Militer Israel Lempar Granat Kejut ke Jemaah di Masjid Tepi Barat                    
                
            
                Selasa, 08 Sep 2026 17:45 WIB            
                    
                        Viral Masjid di Klaten Jadi Dapur MBG, Bagaimana Hukumnya dalam Islam?                    
                
            
                Selasa, 08 Sep 2026 17:00 WIB            
                    
                        KH Ahmad Fudholi Berpulang, Ini Kronologi Kecelakaan yang Dialaminya                    
                
            
                Selasa, 08 Sep 2026 16:15 WIB            
                    
                        Profil KH Ahmad Fudholi, Ulama Tangerang yang Wafat Usai Kecelakaan                    
                
            
                Selasa, 08 Sep 2026 15:30 WIB            
                    
                        Muslim World League Luncurkan Ensiklopedia Digital Mukjizat Ilmiah Al-Qur'an dan Sunnah                    
                
            
                Selasa, 08 Sep 2026 14:45 WIB            
                    
                        Dua Musim Haji dalam Setahun Pernah Terjadi pada 2006, Kapan Terulang Lagi?                    
                
            
                Selasa, 08 Sep 2026 14:00 WIB            
                    
Komentar Terbanyak
Haedar Nashir Tegaskan Warga Muhammadiyah Boleh Berduka dan Mendoakan Jenazah
Muktamar NU Tegaskan Anggaran Pendidikan Tak untuk Biayai MBG
75 Ribu Orang Daftar Petugas Haji, yang Diterima Kurang dari 1.000",finance
121,"Simulasi KPR
Alat untuk membantu Anda menghitung cicilan bulanan KPR
							Selengkapnya
						
					
    			5 jam yang lalu            
                    
    			8 jam yang lalu            
                    
            Tanya Properti
        
        
    
                Konsultasikan Kebutuhan dan Masalah Seputar Hunian Anda bersama Ahli Secara Gratis di Sini
            
            
        
        Kepemilikan Rumah
    
    
								Pelajari cara melunasi KPR lebih cepat dengan langkah-langkah praktis, mulai dari persiapan dokumen hingga pengambilan berkas setelah pelunasan.							
						
								KPR jadi pilihan untuk membeli rumah, namun pengajuan tidak otomatis disetujui. Bank menilai kemampuan bayar calon debitur berdasarkan penghasilan dan dokumen.							
						
								Masyarakat yang memiliki tanah tanpa sertifikat dapat memanfaatkan program PTSL untuk mendaftar dan mendapatkan sertifikat. Biaya tambahan mungkin diperlukan.							
						
    			14 jam yang lalu            
                    
    			Selasa, 08 Sep 2026 19:02 WIB            
                    
    			Selasa, 08 Sep 2026 18:18 WIB            
                    
    			Selasa, 08 Sep 2026 17:23 WIB            
                    
    			Selasa, 08 Sep 2026 16:33 WIB            
                    
    			Selasa, 08 Sep 2026 15:45 WIB            
                    
    			Selasa, 08 Sep 2026 14:16 WIB            
                    
    			Selasa, 08 Sep 2026 13:31 WIB            
                    
    			Selasa, 08 Sep 2026 12:45 WIB            
                    
    			Selasa, 08 Sep 2026 11:12 WIB            
                    
    			Selasa, 08 Sep 2026 10:03 WIB            
                    
Komentar Terbanyak
Terganjal Gugatan Hercules Cs, Rusun di Tanah Abang Belum Bisa Dibangun
Asal Usul Lahan Tanah Abang yang Diklaim Hercules Cs, Benarkah Milik Negara?
Beli Rumah Super Mewah Rp 75 M, Pasutri Ini Gugat Penjual Gara-gara Tetangga",finance
122,"Info Berita Pop Terbaru - Detik Pop
MENU
detikcom
Terpopuler
Live TV
Kirim Tulisan
Kategori Berita
detikNews
detikFinance
detikInet
detikHot
detikSport
Sepakbola
detikOto
detikTravel
detikFood
detikHealth
Wolipop
DetikX
20Detik
detikFoto
detikEdu
detikHikmah
detikProperti
detikPop
Daerah
detikJateng
detikJatim
detikJabar
detikSulsel
detikSumut
detikBali
detikSumbagsel
detikJogja
detikKalimantan
Layanan
For Your Business
Pasang Mata
adsmart
detikEvent
Trans Snow World
Trans Studio
Flying Over Indonesia
berbuatbaik.id
ziswafctarsa.id
Signature Awards
Bingkai.id
Trans Hotel Group
Community Connect
NEW
Rekomendit
NEW
Top Up & Tagihan
Game
Paket Data
Pulsa Prabayar
Token PLN
E-wallet
BPJS Kesehatan
PLN Pascabayar
PDAM
TV & Internet
Streaming
Detik Network
Hai Bunda
CNN Indonesia
CNBC Indonesia
Beautynesia
Female Daily
CXO Media
HOME
MOVIE
Movie News
Movie Review
Series Update
Behind The Scene
Cinema Talk
MUSIC
Whats New
Music of The Week
Main Stage
Music Library
KOREAN WAVE
K-Pop
K-Drama
K-Talk
CULTURE
Anime
Comic
Book
Art
Spotlight
PENSI
PHOTO
VIDEO
INFOGRAPHIC
INDEX
TRENDING
CERIA ANAK INDONESIA
NEW
Korean Wave
Kim Jae Yeong & Nam Ji Hyun Couple di Drakor Make Me Tingle, Tayang Oktober!
music
Bareng KATSEYE! Isyana Sarasvati Masuk Daftar Line Up Lollapalooza India 2027
culture
5 Manga Underrated Layak Diadaptasi ke Anime
korean wave
Gaspol! MV SaWaDiKa Lisa BLACKPINK Tercepat Tembus 100 Juta Views 2026
music
Polemik Pembatalan Penampilan DJ Katty Butterfly dan Permintaan Ganti Rugi
POP SIGNATURE
SHOW
MORE
Trending
619
ARTIKEL
K-Spotlight
65
ARTIKEL
Cinema Talks
12
ARTIKEL
7 Anime Komedi yang Cocok Ditonton Saat Butuh Hiburan
Video: Totalitas! Demi Adegan, Laut Bercerita Bikin Ladang Jagung Sendiri
K-Drama
Urutan Rating Drama Korea On Going Pekan Ini
Tomb Raider King Segera Tamat, Episode Terakhir 24 September
David Harbour dan Millie Bobby Brown Reunian Lagi, Main Film di Netflix
MAIN STAGE
SHOW
MORE
Danilla: Imajinasi Senja dan Kopi
Teddy Adhitya
Reality Club
Wajib Ada Barang Ini Kalau Mau Undang Danilla Riyadi
Rayain 10 Tahun, Album Telisik Danilla Bakal Dirilis Ulang
SHOW ALL
Akhirnya Pede, Teddy Adhitya 8 Tahun Belajar Bikin Lagu Bahasa Indonesia
Ternyata Ini Musik-musik yang Didengarkan Teddy Adhitya
SHOW ALL
Reality Club, Berambisi Tapi Penuh Cinta
Reality Club: Ambisi Besar, Passion dan Kejutan
SHOW ALL
Magnumotion Loud Fest 2026 Hadir di Medan, Siap Bawa Euforia Musik Keras
Harry-Meghan Markle Kaget Disurati Raja Charles III Soal Status Sipil Biasa
JIPFest Tampilkan 50 Proyek Fotografi hingga Instalasi dari 19 Negara
Korea Kaja! Vol.3 by.U Bawa Talenta Muda Indonesia Lebih Dekat ke Mimpi
TRENDING
NOW
01
Harry-Meghan Markle Kaget Disurati Raja Charles III Soal Status Sipil Biasa
02
Urutan Rating Drama Korea On Going Pekan Ini
03
David Harbour dan Millie Bobby Brown Reunian Lagi, Main Film di Netflix
04
Han So Hee Mau Nikah sebelum Usia 40
05
Tomb Raider King Segera Tamat, Episode Terakhir 24 September
SHOW MORE
MOVIE REVIEW
SHOW
MORE
All Wishes Come True!: Film Animasi Tiongkok Yang Fantastis
5/5
Hope: Film Monster yang Bikin Nagih!
4/5
The Whisper Man: Pembunuh Bocah Berkeliaran Lagi
4/5
Insidious: Out of the Further, Kembali Bertemu Hantu di Alam Baka
-
Video: 5 Film Favorit Rachel Amanda
Descendants of the Sun Indonesia: Semua yang Kita Tahu Sejauh Ini
Attack on Titan Day Fix Setiap 9 September Nih, Ada 99 Pengumuman!
Han So Hee Mau Nikah sebelum Usia 40
MOST
-COMMENTED
6
Komentar
Merinding! Video John Lennon Ketawa Pas Baca Surat Ramalan Kematiannya Viral Lagi
4
Komentar
Di Balik Tawa New Girls, Zooey Deschanel Tersiksa Hal Ini
4
Komentar
Catat! Banyak Kejutan di Konser Ujung Dunia dari Lomba Sihir Cuy
4
Komentar
Ini Aktor yang Serba Hampir
4
Komentar
Hunter x Hunter Hiatus Lagi, Adaptasi Naik ke Panggung Teater
TAG POPULAR
han so hee
cha hae in
solo leveling
keluarga kerajaan inggris
pangeran harry
Jessie J Say Goodbye pada Medsos, Mau Fokus Healing
Konser BTS di SoFi Stadium Catat Rekor Penonton Tertinggi!
Mangaka Shin'ichi Abe Meninggal Dunia
Baek Jin Hee Tulis Surat Buat Fans Jelang Pernikahan
KOREAN WAVE
Kim Jae Yeong & Nam Ji Hyun Couple di Drakor Make Me Tingle, Tayang Oktober!
Urutan Rating Drama Korea On Going Pekan Ini
Korea Kaja! Vol.3 by.U Bawa Talenta Muda Indonesia Lebih Dekat ke Mimpi
Han So Hee Mau Nikah sebelum Usia 40
SHOW MORE
K-Drama
ENA Rilis Teaser Drakor Terakhir Sutradara Ahn Pan Seok
Talkshow Jimmy Kimmel Dikabarkan Gulung Tikar 2027
Artis HYBE Dominasi Chart Billboard World Albums
5 Foto
Pop Photos
Intip BTS MV SaWaDiKa Lisa BLACKPINK!
COMIC
SHOW
MORE
Attack on Titan Day Fix Setiap 9 September Nih, Ada 99 Pengumuman!
Mangaka Shin'ichi Abe Meninggal Dunia
Hunter x Hunter Hiatus Lagi, Adaptasi Naik ke Panggung Teater
Hits Sejak 2023, Hope You're Happy, Lemon Menuju Tamat
Hunter x Hunter Hiatus Lagi, Adaptasi Naik ke Panggung Teater
K-Movie
The King's Warden Tayang Lagi di Bioskop Korea, Penonton Tembus 16,9 Juta
4 Foto
Pop Photo
Mario G Klau Gandeng Grace Kaitlin di Riuh
Pangeran Harry Balik ke Inggris, Raja Charles III Tanggapi Status Kerajaannya
ANIME
SHOW
MORE
Tomb Raider King Segera Tamat, Episode Terakhir 24 September
Tokyo Ghoul Butuh Remake!
10 Anime Lawas yang Masih Seru Buat Ditonton
Anime Black Clover Gas ke Musim Ke-2, Tayang 3 Oktober
Remake Dragon Ball Super Tayang 11 Oktober, Ini Trailernya
Anime Bleach Tinggal 4 Episode Lagi Sebelum Tamat, Ini Jadwalnya
Animator Doraemon The Movie Yuji Yanase Meninggal Dunia
Round Up
Sosok Bonnie Hill: Pemeran Baru Ginny Weasley di Serial Harry Potter
Round Up
15 Film-Serial Marvel Buat Ditonton Menuju Avengers: Doomsday
5 Foto
Pop Photos
Han So Hee Berubah Jadi Cha Hae In Solo Leveling
Tokyo Ghoul Butuh Remake!
5 Foto
Pop Photos
Kenalan dengan Karakter Kim Woo Seok di Drakor Doctor X
10 Anime Lawas yang Masih Seru Buat Ditonton
Daftar Drama Korea Tayang September 2026
Video: 5 Film Favorit Lukman Sardi
VIDEO
SHOW
MORE
13:47
Video KETIK: Umay Shahab dan Taskya Namya Memburu Pelaku Pedofilia
01:35
Video Top 5: Dolly Parton-Yayoi Kusama Meninggal hingga Revaldo Narkoba Lagi
05:51
Video K-Talk: Merayakan Sedekade NCT 127
08:27
Video KETIK: Transformasi Adhisty Zara-Ciccio Manassero Perankan Pasien Kanker
01:28
Video: Aksi Terbang Yura Yunita di Pagelaran Sabang Merauke
Terungkap Gulungan Naskah Novel On the Road Sepanjang 36 Meter!
5 Film Orisinal Terbaik di Prime Video
Home Sweet Loan The Musical: Lebih Indeep dari Versi Film
NEWS
INDEX",finance
123,"12 menit yang lalu
            
    			24 menit yang lalu            
        
    			33 menit yang lalu            
        
    			1 jam yang lalu            
        
    			2 jam yang lalu            
        
    			4 jam yang lalu            
        
    			7 jam yang lalu            
        
    			8 jam yang lalu            
        
    			10 jam yang lalu            
        
    			11 jam yang lalu            
        
    			12 jam yang lalu            
        
    			14 jam yang lalu            
        
    			Selasa, 08 Sep 2026 20:34 WIB            
        
    			Selasa, 08 Sep 2026 20:19 WIB            
        
    			Selasa, 08 Sep 2026 20:12 WIB            
        
    			Selasa, 08 Sep 2026 19:33 WIB            
        
    			Selasa, 08 Sep 2026 18:56 WIB            
        
    			Selasa, 08 Sep 2026 18:09 WIB            
        
    			Selasa, 08 Sep 2026 17:06 WIB            
        
 Kamis, 20 Agu 2026 15:22 WIB 
 
 Selasa, 04 Agu 2026 17:59 WIB 
 
 Selasa, 28 Jul 2026 10:15 WIB 
 
Komentar Terbanyak
Ratusan Siswa di Gembong Pati Mual-Diare, Diduga Keracunan MBG
Ini Tampang Pembunuh Mozza Ditemukan Sisa Kerangka di Jurang Tol Jangli
Pengakuan Very Baru Kenal Mozza di TikTok Langsung Pacaran",finance
124,"Berita Terkini Hari Ini di Jawa Timur - detikJatim
MENU
detikcom
Terpopuler
Live TV
Kirim Tulisan
Kategori Berita
detikNews
detikFinance
detikInet
detikHot
detikSport
Sepakbola
detikOto
detikTravel
detikFood
detikHealth
Wolipop
DetikX
20Detik
detikFoto
detikEdu
detikHikmah
detikProperti
detikPop
Daerah
detikJateng
detikJatim
detikJabar
detikSulsel
detikSumut
detikBali
detikSumbagsel
detikJogja
detikKalimantan
Layanan
For Your Business
Pasang Mata
adsmart
detikEvent
Trans Snow World
Trans Studio
Flying Over Indonesia
berbuatbaik.id
ziswafctarsa.id
Signature Awards
Bingkai.id
Trans Hotel Group
Community Connect
NEW
Rekomendit
NEW
Top Up & Tagihan
Game
Paket Data
Pulsa Prabayar
Token PLN
E-wallet
BPJS Kesehatan
PLN Pascabayar
PDAM
TV & Internet
Streaming
Detik Network
Hai Bunda
CNN Indonesia
CNBC Indonesia
Beautynesia
Female Daily
CXO Media
Cancel
Yang sedang ramai dicari
Loading...
Promoted
Terakhir yang dicari
Loading...
Home
Berita
Jogo Jatim
Sepakbola
Hukum & Kriminal
Budaya
Wisata
Kuliner
Bisnis
Jatim Moncer
Foto
Video
Indeks
Terpopuler
Koleksi Pilihan
Info Sekitarmu
0
Berita Terbaru
UPDATE
Bisa-bisanya Nama Gus Kautsar Dicatut di Buku ""Islam Ala Prabowo""
Anak Krakatau Erupsi, Semeru Juga Meletus Pagi Ini
Nelangsa Ibu Muda di Batu Tegur Tetangga Bakar Sampah Berujung Panjang
Berawal Bakar Tinja Berujung Lahan Tebu 1,4 Hektare di Tulungagung Terbakar
PT Wings Surya di Gresik Terbakar Hebat!
Pak Yes Dorong Mahasiswa Baru INSA Jadi Generasi Religius-Berdaya Saing
1 menit yang lalu
Berita Terkait
Semarak Swimming Competition Bupati Cup V Lamongan Diikuti 264 Pelajar
Pemkab Lamongan Dukung Survei Seismik untuk Cari Cadangan Migas Baru
News Feed
Indeks Berita
Bupati Trenggalek Turun ke Rumah Warga Pastikan Kesesuaian Data Pemerintah
10 menit yang lalu
Suplai BBM Belum Normal, Gus Fawait Imbau Siswa Belajar Online 3 Hari
20 menit yang lalu
Kebakaran TWA Ijen Meluas, 20,75 Hektare Hutan Lindung Hangus
30 menit yang lalu
Jembatan Gantung Terpanjang se-Jawa Ada di Malang, Begini Penampakannya
40 menit yang lalu
ADVERTISEMENT
SCROLL TO CONTINUE WITH CONTENT
116 Santri di Sidoarjo Korban Keracunan MBG Kembali Masuk RS
55 menit yang lalu
5 Orang Dilarikan ke RS Akibat Kecelakaan Beruntun Alphard di Surabaya
1 jam yang lalu
Lahan PT Angkasa Pura 2 Hektare di Kediri Terbakar, Ini Penyebabnya
1 jam yang lalu
Penyebab Alphard Tabrak 10 Motor-3 Mobil di Surabaya, Sopir: Ketiduran
1 jam yang lalu
Bansos PKH Cair September 2026, Cek Penerima di Sini
1 jam yang lalu
Jukir Liar di Surabaya Pukul-Ludahi Pengendara gegara Tak Dikasih Uang
1 jam yang lalu
Sopir Alphard Penabrak 10 Motor-3 Mobil di Surabaya Diamankan
1 jam yang lalu
Ada Berapa Patahan Aktif di Surabaya? Ini Penjelasan BMKG
2 jam yang lalu
Cek Desil di Link cekbansos.kemensos.go.id
2 jam yang lalu
Ruang Gizi RS Saiful Anwar Kota Malang Terbakar
2 jam yang lalu
Penampakan Mobil-Motor Ringsek Usai Ditabrak Alphard di Surabaya
2 jam yang lalu
BPBD Jatim Minta Warga Tidak Panik Soal Erupsi Semeru
2 jam yang lalu
Bocah 14 Tahun di Gresik Alami Depresi, Kerap Ngamuk-Pukul Ibunya
3 jam yang lalu
Situasi Terkini Laka Beruntun Alphard yang Tabrak Motor-Mobil di Surabaya
3 jam yang lalu
Kronologi Laka Beruntun Alphard Tabrak Motor-Mobil di Surabaya
3 jam yang lalu
Gunung Semeru Tak Boleh Didaki Sembarangan? Ini Alasannya
3 jam yang lalu
Pendaki Gunung Raung Hipotermia, Dievakuasi Usai Lapor Call Center 110
3 jam yang lalu
Pemkab Sidoarjo Akan Bentuk Satgas Awasi MBG
3 jam yang lalu
Alphard Tabrak Beruntun, Jalan Menur Pumpungan Surabaya Macet Parah
4 jam yang lalu
Kabar Duka, Pengamat Politik Airlangga Pribadi Meninggal Dunia
4 jam yang lalu
Sopir Alphard Nyaris Dimassa Usai Tabrak 5 Motor-3 Mobil di Surabaya
4 jam yang lalu
Pembuat Konten Buka Suara Soal 'Patahan Aktif Baru Surabaya-Madura'
4 jam yang lalu
Brakkk! Alphard Tabrak 5 Motor dan 3 Mobil di Menur Pumpungan Surabaya
4 jam yang lalu
KMP Jatra Disiagakan untuk Urai Macet Belasan Km di Ketapang
4 jam yang lalu
Kabar Terbaru Tol Probolinggo-Banyuwangi, Siap Beroperasi Awal 2027
4 jam yang lalu
Harga Tiket dan Wahana Wisata Bernah De Vallei Mojokerto 2026
5 jam yang lalu
Pendaki Ilegal Tersesat di Gunung Semeru Dievakuasi
5 jam yang lalu
Puluhan Siswa SDN 2 Kanigoro Kota Madiun Keracunan Usai Santap MBG
5 jam yang lalu
Jukir Liar Diduga Pukul-Ludahi Pengendara Mobil di Surabaya Ditangkap
5 jam yang lalu
Rumah Pasutri di Sidoarjo Digeruduk Korban Penipuan Umrah Rp 1,2 M
5 jam yang lalu
Polres Kediri Kota Cek Keamanan Bandara Dhoho Jelang Embarkasi Haji 2027
5 jam yang lalu
Kades di Pasuruan Jadi Tersangka Penggelapan Dana CSR
6 jam yang lalu
Viral Patahan Aktif Surabaya-Madura, BMKG Ungkap Fakta Sebenarnya
6 jam yang lalu
Terungkap! Ini Sumber Dentuman Misterius yang Gegerkan Warga Malang Raya
6 jam yang lalu
6 Terdakwa Joki UTBK-SNBT di Surabaya Diadili, Ada Dokter Gigi
6 jam yang lalu
Kronologi 8 Pendaki Nekat Terobos Gunung Semeru Lewat Jalur Ilegal
6 jam yang lalu
Ada Sesar Aktif Melintasi Surabaya, Ini Imbauan BPBD
7 jam yang lalu
45 Santri di Sidoarjo Korban Keracunan MBG Kembali Masuk RS
7 jam yang lalu
Polwan Polres Blitar Jadi Bhabinkamtibmas Terbaik Tingkat Jatim
7 jam yang lalu
Bupati Sidoarjo Kecewa SPPG Enggan Biayai Perawatan Korban Keracunan MBG
7 jam yang lalu
Gunung Semeru Level III Siaga, Apa Artinya? Ini Rekomendasi PVMBG
8 jam yang lalu
Residivis Curanmor Kembali Dibui, Kini Curi Sosis-Parfum di Minimarket
8 jam yang lalu
Suara Dentuman Misterius Hebohkan Warga Malang dari Aktivitas Militer?
8 jam yang lalu
Jadwal Film yang Sedang Tayang di 7 Bioskop Termurah Surabaya
8 jam yang lalu
Belasan Pohon di Ponorogo Mati Misterius
9 jam yang lalu
Harga BBM Pertamina Pertamax hingga Dexlite Hari Ini di Jawa Timur
9 jam yang lalu
Indeks Berita
Tag Terpopuler
#
sesar surabaya-madura
#
gunung semeru
#
patahan aktif
#
gempa bumi
#
pendaki ilegal
Berita Terpopuler
#1
5 Orang Dilarikan ke RS Akibat Kecelakaan Beruntun Alphard di Surabaya
#2
Ruang Gizi RS Saiful Anwar Kota Malang Terbakar
#3
Cek Desil di Link cekbansos.kemensos.go.id
#4
Bansos PKH Cair September 2026, Cek Penerima di Sini
#5
Sopir Alphard Penabrak 10 Motor-3 Mobil di Surabaya Diamankan
Lihat Selengkapnya
Komentar Terbanyak
17
Komentar
Nelangsa Ibu Muda di Batu Tegur Tetangga Bakar Sampah Berujung Panjang
15
Komentar
Masifnya Keracunan MBG di Jatim 3 Hari Berturut dengan Total 1.111 Korban
13
Komentar
Murka Keluarga Siswa SMAN 3 Nganjuk Korban Keracunan MBG ke Kepala SPPG
Hide Ads
Komentar Terbanyak
Nelangsa Ibu Muda di Batu Tegur Tetangga Bakar Sampah Berujung Panjang
Masifnya Keracunan MBG di Jatim 3 Hari Berturut dengan Total 1.111 Korban
Murka Keluarga Siswa SMAN 3 Nganjuk Korban Keracunan MBG ke Kepala SPPG",finance
125,"6 menit yang lalu
            
                                18 menit yang lalu            
                    
                                37 menit yang lalu            
                    
                                52 menit yang lalu            
                    
                                1 jam yang lalu            
                    
                                2 jam yang lalu            
                    
                                3 jam yang lalu            
                    
                                4 jam yang lalu            
                    
                                5 jam yang lalu            
                    
                                6 jam yang lalu            
                    
                                7 jam yang lalu            
                    
                                8 jam yang lalu            
                    
                                9 jam yang lalu            
                    
                                10 jam yang lalu            
                    
                                11 jam yang lalu            
                    
                                12 jam yang lalu            
                    
Komentar Terbanyak
Macet GBLA Menggila, DPRD Jabar Minta Akses Tol KM 151 Dibuka
Pelarian Kalut MFH Berujung Tabrakan Beruntun di Bandung
Dua Kali Gunung Anak Krakatau Erupsi Pagi Ini",finance
126,"41 menit yang lalu
            
    			48 menit yang lalu            
        
    			5 jam yang lalu            
        
    			7 jam yang lalu            
        
    			8 jam yang lalu            
        
    			9 jam yang lalu            
        
    			10 jam yang lalu            
        
    			11 jam yang lalu            
        
    			12 jam yang lalu            
        
    			13 jam yang lalu            
        
    			14 jam yang lalu            
        
    			15 jam yang lalu            
        
    			21 jam yang lalu            
        
 Puncak apresiasi dengan lebih dari 20 penghargaan kepada Tokoh, Institusi, serta Komunitas yang inovatif dan berkontribusi untuk Indonesia Bagian Timur. 
 
 
 Senin, 24 Feb 2025 21:00 WIB 
 
 Jumat, 21 Feb 2025 22:00 WIB 
 
 Senin, 26 Agu 2024 12:30 WIB 
 
Komentar Terbanyak
Sikap Mitra SPPG Salahkan Murid-Guru Makan Makanan MBG yang Bau
Alasan BPS di Balik Sebab Anggota DPR Eva Masuk Desil 4
Mitra SPPG soal Dugaan Keracunan MBG di Tator: Kalau Tahu Bau, Kenapa Dimakan?",finance
127,"Sepakbola Internasional Jadwal Liga Champions Malam Ini: Barcelona, PSG, Liverpool dan Arsenal Main 4 jam yang lalu
Sepakbola Internasional Dicoret Dembele dari Kandidat Ballon d'Or, Begini Respons Lamine Yamal 5 jam yang lalu
Kepulauan Riau Jalan Tengku Sulung Batam Ditutup Mulai Besok, Ini Jalur Alternatifnya 6 jam yang lalu
Sepakbola Internasional Tak Dapat Jaminan Starter dari 2 Klub Prancis, Martial Pilih Nganggur 11 jam yang lalu
Internasional 12 Negara Kompak Ancam Sanksi Perdagangan Permukiman Israel di Tepi Barat 12 jam yang lalu
Sepakbola Internasional MU Gagal Boyong Ederson, Ini Alasan Transfer Rp 778 Miliar Batal 12 jam yang lalu
Sepakbola Internasional Daftar 30 Nominasi Ballon d'Or 2026 Dirilis, Messi Masuk-Ronaldo Tidak 13 jam yang lalu
Sepakbola Internasional Federasi Belgia Tak Dukung Infantino Lagi karena Kasus Balogun 13 jam yang lalu
Regional Viral Dugaan Sawit Ditanam di Lokasi Bekas Karhutla Berau, Polisi Turun Tangan 14 jam yang lalu
6 Foto Foto Seleb Ternyata Opie Kumis Sudah 31 Kali Menikah, Punya 10 Anak dan 12 Cucu 16 jam yang lalu
Video News 5 Jurnalis Dilaporkan Hilang Kontak Saat Hendak Liput Erupsi Anak Krakatau 18 jam yang lalu
Komentar Terbanyak
Viral Keluarga Ungkap Info soal Istri Polisi Diduga Bunuh Diri, Polda Sumut Dalami
Kala Wacana Pemakzulan Bupati Tapteng Masinton Pasaribu Mencuat
Muncul Wacana Pemakzulan Dirinya, Masinton Minta Hentikan Tarik-menarik Politik",finance
128,"14 menit yang lalu
            
    			42 menit yang lalu            
        
    			54 menit yang lalu            
        
    			1 jam yang lalu            
        
    			2 jam yang lalu            
        
    			3 jam yang lalu            
        
    			5 jam yang lalu            
        
    			6 jam yang lalu            
        
    			7 jam yang lalu            
        
    			8 jam yang lalu            
        
    			9 jam yang lalu            
        
    			10 jam yang lalu            
        
    			11 jam yang lalu            
        
    			12 jam yang lalu            
        
    			13 jam yang lalu            
        
Komentar Terbanyak
Warga Injak Makanan Bantuan Gempa di NTT Minta Maaf, Ngaku Kecewa
Viral Kepsek Ngeseks dengan Guru SD di Ruang Sekolah, Berujung Dicopot
Viral Warga Injak Sembako Bantuan Gempa di Manggarai Timur, Ini Sebabnya",finance
129,"Sumatera Selatan Makam Pria Diduga Diracun Selingkuhan di Mura Dibongkar untuk Autopsi 1 menit yang lalu
Sumatera Selatan Cerita Rohani Temukan Kerangka Kakak-Adik, Curiga Ada Motor di Parit 21 menit yang lalu
Sumatera Selatan Karhutla di Kebun Raya Sriwijaya Padam, Manggala Agni Lakukan Pendinginan 2 jam yang lalu
Sumatera Selatan Pelajar 15 Tahun Tenggelam Saat Berenang di Sungai Lematang Muara Enim 4 jam yang lalu
Sumatera Selatan Kemarau Panjang-Kabut Asap, Ratu Dewa Ajak Warga Palembang Doa Minta Hujan 6 jam yang lalu
Sumatera Selatan Ibu Korban Kakak-Adik Syok, Pelaku Dikenal Baik-Ikut Bantu Pencarian Anaknya 7 jam yang lalu
Sumatera Selatan Dukung Operasi Udara Pemadaman Karhutla di Sumsel, Pertamina Siagakan Avtur 8 jam yang lalu
Lampung Basarnas Lampung Kerahkan 2 RIB Cari 5 Jurnalis Hilang Kontak Hendak Liput GAK 10 jam yang lalu
Sumatera Selatan Pemprov-PLN Perkuat Sinergi Jaga Keandalan Sistem Kelistrikan di Sumsel 10 jam yang lalu
Sumatera Selatan Digeruduk Massa, Pemkab Buka Dialog Legalisasi Minyak Rakyat di Muba 13 jam yang lalu
Bangka Belitung Kesal Ortunya Diolok-Olok, Perempuan di Pangkalpinang Aniaya Temannya 14 jam yang lalu
Lampung ISPA di Lampung Capai 2.416 Kasus Imbas Abu Vulkanik Anak Krakatau Selasa, 08 Sep 2026 20:30 WIB
Lampung Sekolah di Lampung Mulai Tatap Muka, Siswa Diminta Pakai Masker Selasa, 08 Sep 2026 20:00 WIB
Sumatera Selatan Dua Pria Pembakar Lahan 5 Hektare di Ogan Ilir Jadi Tersangka Selasa, 08 Sep 2026 19:40 WIB
Jambi Krisis Air Bersih, Warga di Jambi Manfaatkan Sungai Keruh untuk MCK Selasa, 08 Sep 2026 19:00 WIB
Lampung 5 Jurnalis Hilang Kontak Saat Hendak Liputan Erupsi Gunung Anak Krakatau Selasa, 08 Sep 2026 18:04 WIB
Jambi 432 Hotspot Terpantau di Merangin, Bupati Perintahkan Siaga Karhutla 24 Jam Selasa, 08 Sep 2026 18:01 WIB
Sumatera Selatan Sandiwara Pembunuh Kakak-Adik di Banyuasin: Bantu Cari Korban Selama 5 Tahun Selasa, 08 Sep 2026 17:40 WIB
Komentar Terbanyak
Heboh Mobil Hilang Ditemukan di Rumah Ortu Polisi Jambi
Karhutla di Puncak Bukit Lubuklinggau Hebohkan Warga, Dikira Bukit Cogong
Udara Palembang Masih Buruk Akibat Asap, Siswa Tetap Wajib Pakai Masker",finance
130,"59 menit yang lalu
            
    			2 jam yang lalu            
        
    			10 jam yang lalu            
        
    			11 jam yang lalu            
        
    			12 jam yang lalu            
        
    			13 jam yang lalu            
        
    			22 jam yang lalu            
        
    			Selasa, 08 Sep 2026 20:03 WIB            
        
    			Selasa, 08 Sep 2026 19:54 WIB            
        
    			Selasa, 08 Sep 2026 18:59 WIB            
        
    			Selasa, 08 Sep 2026 18:13 WIB            
        
    			Selasa, 08 Sep 2026 17:31 WIB            
        
    			Selasa, 08 Sep 2026 17:14 WIB            
        
    			Selasa, 08 Sep 2026 16:44 WIB            
        
    			Selasa, 08 Sep 2026 16:02 WIB            
        
    			Selasa, 08 Sep 2026 15:41 WIB            
        
    			Selasa, 08 Sep 2026 15:01 WIB            
        
    			Selasa, 08 Sep 2026 14:53 WIB            
        
    			Selasa, 08 Sep 2026 14:46 WIB            
        
    			Selasa, 08 Sep 2026 13:52 WIB            
        
    			Selasa, 08 Sep 2026 13:40 WIB            
        
    			Selasa, 08 Sep 2026 13:33 WIB            
        
    			Selasa, 08 Sep 2026 12:12 WIB            
        
 Selasa, 08 Sep 2026 10:30 WIB 
 
 Kamis, 03 Sep 2026 12:51 WIB 
 
 Rabu, 05 Agu 2026 15:15 WIB 
 
Komentar Terbanyak
Update Keracunan MBG di Sleman: Ratusan Siswa Lapor Jadi Korban
Gigihnya Fina Anak Buruh Lampung Kejar Impian Jadi Dokter Diganjar Beasiswa UMY
Gempa Cilacap Bikin 20 Perjalanan KA di Daop Jogja Terhenti",finance
131,"Kalimantan Barat Sidak SPBU di Sintang, Polisi Temukan Tangki Modifikasi di Bagasi Mobil 10 menit yang lalu
Kalimantan Tengah Residivis Nekat Curi CPU Senilai Rp 39 Juta di Kantor Dispora Kalteng 1 jam yang lalu
Kalimantan Barat Menhut: Presiden Beri Bantuan Rp 20 Miliar untuk Tangani Karhutla Ketapang 2 jam yang lalu
Kalimantan Tengah 1.200 Hektare TN Tanjung Puting Terbakar, Petugas Minta Bantuan Water Bombing 3 jam yang lalu
Kalimantan Tengah Intrusi Air Laut Mulai Masuk Wilayah Kotim, Warga Diminta Sedia Cadangan Air 4 jam yang lalu
Kalimantan Barat Menhut Sampaikan Arahan Prabowo: Padamkan Karhutla, Lindungi Warga-Satwa 4 jam yang lalu
Kalimantan Timur Dugaan Kasus Korupsi Rp 2 Miliar, Mantan Bendahara DPRD Balikpapan Jadi DPO 5 jam yang lalu
Kalimantan Timur Sudah Padam, Karhutla di Tol Balsam dan Bukit Tengkorak Tersisa Asap 5 jam yang lalu
Internasional Helikopter Jatuh di Sarawak-5 Orang Tewas, Pencarian Terkendala Kabut Asap 6 jam yang lalu
Kalimantan Tengah Sekolah Rakyat di Kotim Terdampak Kabut Asap, Sebagian Siswa Dipulangkan 7 jam yang lalu
Kalimantan Timur Titik Karhutla Terdekat 30 Km, Otorita IKN Perkuat Pemadaman Via Darat-Udara 8 jam yang lalu
Kalimantan Tengah Satgas Karhutla Kekurangan BBM, Bupati Kobar Minta Pertamina Turun Tangan 8 jam yang lalu
Internasional Geger 5 Bayi Orang Utan Ditemukan di India, Diduga Korban Perdagangan Satwa 9 jam yang lalu
Kalimantan Tengah 3 Bulan Diburu, Terduga Pemodal Illegal Logging Ditangkap Tim Gakkumhut 10 jam yang lalu
Kalimantan Timur Karhutla Samarinda Meningkat, Heli Water Bombing Dikerahkan ke Bantuas 12 jam yang lalu
Visibility Rendah, Operasi Water Bombing di Kalbar Terkendala hingga Batal Selasa, 08 Sep 2026 20:00 WIB
Kalimantan Tengah OMC Sukses Turunkan Hujan di Palangka Raya, tapi Belum Merata Selasa, 08 Sep 2026 19:30 WIB
Kalimantan Timur Geger Sawit Ditanam di Bekas Karhutla Berau, Polisi Periksa Pembuat Video Selasa, 08 Sep 2026 19:03 WIB
Kalimantan Tengah Viral Warga Tolak Pemadaman Karhutla di Kobar, Polisi Duga ODGJ Selasa, 08 Sep 2026 18:30 WIB
Kalimantan Tengah Hujan Guyur Sejumlah Wilayah Kobar, Warga: Semoga Asap Hilang Selasa, 08 Sep 2026 17:39 WIB
Kalimantan Tengah Surfaktan Jepang Diuji ke Bara Gambut, Suhu Diklaim Jadi 20 Derajat Celcius Selasa, 08 Sep 2026 17:20 WIB
Komentar Terbanyak
Momen Pelepasan Armada Karhutla Kalteng Banjir Kritikan di Medsos
Baru Padam Ditanami Sawit, Menhut Segel Lokasi Karhutla di Ketapang
Wapres Dijadwalkan Kunjungi Kalteng Besok, Cek Penanganan Karhutla",finance
132,"IFMAC WOODMAC 2026: Hadirkan Teknologi Terkini Industri Furnitur dan Kayu Story by IFMAC WOODMAC 2026
Hadir di Electric & Power Indonesia 2026, TRAKNUS Dukung Kebutuhan Daya Industri Story by PT Traktor Nusantara
20 Tahun Bangun Pendidikan Entrepreneurship, Universitas Ciputra Hadir di Jakarta Story by Universitas Ciputra
Ekspor Furnitur RI Naik Kelas, Teknologi Jadi Kunci UMKM Bersaing Global Sabtu, 05 Sep 2026 17:05 WIB",finance
133,"HOME
EXPLORE
ABOUT
GET APPS
SEARCH
UPLOAD
LOGIN
#Umum
#Lalulintas
hot
#FasilitasUmum
#Lalulintas
#HewanKesayangan
All
UPLOAD
#Umum
Lama Tidak Turun Hujan, Air Kali Ciliwung Tampak Menghitam
Anonymous
Rabu, 09/09/2026 11:47 WIB
Rahasia
#Lalulintas
Jalan Gatsu Arah Mampang Padat Merayap, Tol Dalkot Lancar
Rabu, 09/09/2026 12:32 WIB
0
Otak Kosong
Kontribusi Terpopuler
#Lalulintas
Jalan Magelang Sekitar Flyover Jombor Sleman Terpantau Padat
Rabu, 09/09/2026 17:51 WIB
0
Rahasia
#Lalulintas
Penyempitan Jalan Gatsu Arah Pancoran Imbas Penataan Trotoar
Rabu, 09/09/2026 12:25 WIB
0
Anonymous
#Lalulintas
Jalan Gatsu Arah Mampang di Jam 11.00 WIB Tampak Padat
Rabu, 09/09/2026 11:46 WIB
0
Otak Kosong
#Lalulintas
Lalin Tugu Yogyakarta Ramai Lancar, Cuaca Mendung Tipis
Rabu, 09/09/2026 09:30 WIB
0
Otak Kosong
#Lalulintas
Lalu Lintas di Kawasan Monjali, Jogja Terpantau Cukup Padat
Rabu, 09/09/2026 09:29 WIB
0
Blue Energy
#Wisata
Penampakan Panorama City Light di Kota Batu Malang
Selasa, 08/09/2026 14:46 WIB
0
Blue Energy
#Wisata
Pemandangan Indah Laut Lepas di JLS Tulungagung, Jawa Timur
Selasa, 08/09/2026 14:00 WIB
0
Blue Energy
#Wisata
Pesona JLS Tulungagung, Spot Baru Bagi Pecinta Touring
Selasa, 08/09/2026 13:58 WIB
0
Rahasia
#Lalulintas
Kondisi lalu lintas di Underpass Mampang Arah Tendean Lancar
Selasa, 08/09/2026 13:00 WIB
0
Rahasia
#Lalulintas
Arus Lalin Sekitar Stasiun LRT Rasuna Said Arah Gatsu Lancar
Selasa, 08/09/2026 12:53 WIB
0
Anonymous
#FasilitasUmum
Jalan di Bunderan Kecapi Jatiwarna Bekasi Selesai Diperbaiki
Selasa, 08/09/2026 12:35 WIB
0
Anonymous
#FasilitasUmum
Area Kantin di Depan Ruang Lab Radiologi RSUP Persahabatan
Selasa, 08/09/2026 12:12 WIB
0
Anonymous
#FasilitasUmum
Suasana Tertib Antrean Pasien BPJS di RSUP Persahabatan
Selasa, 08/09/2026 11:38 WIB
0
Nyssa Flavia Arityas
#Umum
Program Summer Universitas Muhammadiah Semarang Ke Taiwan
Selasa, 08/09/2026 11:22 WIB
0
Kamasutra
#Lalulintas
Truk Angkut Hebel Terguling di Jalan Solo-Yogyakarta
Selasa, 08/09/2026 09:08 WIB
0
Rahasia
#Sampah
Jorok! Tumpukan Sampah Kotori Trotoar Jl Tendean
Senin, 07/09/2026 22:31 WIB
0
Beruang Kutub
#Lalulintas
Kondisi Simpang Manahan Solo Sore Hari Ini Terpantau Lancar
Senin, 07/09/2026 17:32 WIB
0
Rahasia
#Lalulintas
Siang Ini, Jalan MT Haryono Arah Pancoran Terpantau Lengang
Senin, 07/09/2026 12:24 WIB
0
Anonymous
#FasilitasUmum
Jalan Rusak Di Bunderan Kecapi Jatiwarna, Bekasi Diperbaiki
Senin, 07/09/2026 12:16 WIB
0
Rahasia
#Lalulintas
Tol Dalam Kota di Kawasan Cawang Lancar di Kedua Arah
Senin, 07/09/2026 11:54 WIB
0
Beruang Kutub
#Lalulintas
Lalulintas Simpang Panggung Solo Terpantau Lancar
Senin, 07/09/2026 09:40 WIB
0
Anonymous
#ErupsiGunung
Imbas Erupsi Krakatau, Jamaah Umrah Tertahan di KL
Minggu, 06/09/2026 20:56 WIB
0
Anonymous
#ErupsiGunung
Penampakan Abu Vulkanik Krakatau di Lantai Rumah Warga Bogor
Minggu, 06/09/2026 11:49 WIB
0
Dadan Kuswaraharja
#ErupsiGunung
Abu Vulkanik Krakatau Menyelimuti Rumah Warga Di Pondok Cabe
Minggu, 06/09/2026 10:55 WIB
0
Wak Dollah
#Event
Antusias Para Pelari Di Ajang Kediri Run 2026
Minggu, 06/09/2026 10:02 WIB
0
Anonymous
#ErupsiGunung
Penampakan Abu Gunung Krakatau Menempel Di Mobil Di Bintaro
Minggu, 06/09/2026 10:00 WIB
0
Anonymous
#ErupsiGunung
Abu Vulkanik Tampak Terlihat di Kawasan Cibitung, Bekasi
Minggu, 06/09/2026 09:58 WIB
0
Anonymous
#Event
Indonesia Raya Berkumandang Jelang Flag Off Amartha 10X Run
Minggu, 06/09/2026 05:57 WIB
0
Anonymous
#Umum
Ada Proyek Galian, Lalin di JL Imam Bonjol Semarang Padat
Sabtu, 05/09/2026 20:12 WIB
0",finance
134,"Iklan digital banner yang tayang di website detikcom. Harga mulai dari 50ribu.
Iklan dalam bentuk artikel berita 
yang tayang pada website For Your Business by detikcom.
Mengapa Beriklan di detikcom ?
Pengunjung Perbulan
Pemasang Iklan Aktif
Iklan Sukses
Garansi Iklan Tayang
Beriklan di Adsmart detikcom Lebih Smart
SMART Targeting
Tentukan target pelanggan, waktu tayang, dan lokasi secara tepat. Semakin spesifik iklanmu, semakin besar peluang bagi bisnismu.
SMART Budgeting
Pasang iklan online di detikcom dapat disesuaikan dengan jumlah budget yang kamu inginkan. Mulai dari Rp50.000.
SMART Payment
Pembayaran di Adsmart lebih fleksibel. Bayar praktis dengan saldo atau metode pembayaran lainnya.
SMART Goal
Kamu dapat menentukan tujuanmu dalam beriklan. Promosikan Produk atau Web? Pilihan ada di tanganmu!
Hubungi Kami
Jika butuh bantuan, kami selalu siap untuk membantu Anda. Hubungi kami melalui email: salesadsmart@detik.com, 
Whatsapp: 087874894730 pada pukul 09.00 - 18.00 WIB (Senin - Jumat).",finance
135,"12 September 2026 - 13 September 2026
05 September 2026 - 10 September 2026
13 September 2026
07 November 2026 - 08 November 2026
14 November 2026
23 Oktober 2026
11 Desember 2026 - 13 Desember 2026
Plainsong
Ismaya Live
Barcode Gokart
Trinity Entertainment Network
Mandatalam Earth Run
Color Run Festival
NF Academy
Lembaga Penjamin Simpanan
Pelita Jaya Basketball Club
Syarihub
KEI Learning
Nemuru
14 September 2026 - 29 September 2026
15 September 2026 - 16 September 2026
14 September 2026 - 20 Oktober 2026
18 September 2026
20 Oktober 2026 - 10 November 2026
15 September 2026
26 September 2026 - 27 September 2026
17 September 2026 - 20 September 2026
13 November 2025 - 31 Desember 2026
26 September 2024 - 30 September 2026
26 September 2024 - 30 September 2026
27 Maret 2025 - 31 Desember 2026
Bingung Mengelola Keuangan Bisnis? Yuk Pelajari dari Dasar Lewat Kelas Ini
Mau Naik Level Jadi Trainer Profesional? Lengkapi Skill dengan Sertifikasi BNSP
Special 9.9 Berlaku di 4 Trans Snow World, Tiket Mulai Rp75 Ribuan!
Silakan login MPC ID terlebih dahulu
belum punya akun? Daftar",finance
136,"detikcom Signature Awards
Penghargaan bergengsi yang diberikan kepada individu, merek, dan lembaga di Indonesia yang telah memberikan kontribusi luar biasa dalam berbagai bidang. Melalui detikcom Signature Awards, kami menghargai pencapaian yang menginspirasi, inovasi yang mencuat, dan perubahan positif yang telah dilakukan.
The Signature
Daftar penghargaan bergengsi yang diberikan kepada individu, merek, dan lembaga di Indonesia yang telah memberikan kontribusi luar biasa dalam berbagai bidang yang telah diadakan oleh detikcom.
Anugerah Ekonomi Hijau
Acara ini mengapresiasi korporasi, lembaga dan organisasi yang memiliki kepedulian tinggi terhadap environmental, social, and governance (ESG).
Penghargaan ini diberikan atas dasar program yang berdampak sosial dan ekonomi kepada masyarakat serta pemangku kepentingan terkait.
Adhyaksa Awards
Adhyaksa Award adalah penghargaan yang dihadirkan untuk menjaring serta mengapresiasi jaksa-jaksa tangguh dan berprestasi di seluruh Indonesia.
Lanjutkan, bila perlu jangan sekali setahun bila perlu 4 bulan sekali iklim positifnya akan lebih bagus
Tito Karnavian
Menteri Dalam Negeri (Mendagri)
Kita berharap bahwa mereka bisa menjadi vaksin-vaksin, yang kemudian menjadi inspirasi bagi jaksa-jaksa yang lain bahwa ternyata harapan untuk penegakan hukum yang lebih baik itu selalu ada.
Yudi Purnomo Harahap
Eks penyidik Komisi Pemberantasan Korupsi (KPK)
Itu sangat inspiratif. Kemudian juga bagian dari edukatif yang sangat luar biasa baik itu kepada publik maupun lembaga di Kejaksaan atau kepada umum, kepada APH yang lain.
Achmadi
Ketua Lembaga Perlindungan Saksi dan Korban (LPSK)
Hoegeng Awards
Ajang Penghargaan Persembahan detikcom bersama Polri kepada sosok polisi teladan baik dari sisi integritas, inovasi yang dibuat, hingga kepada mereka yang memberikan dedikasi tinggi di area pedalaman maupun perbatasan.
detikJatim Awards
Merupakan ajang penghargaan yang akan diberikan kepada tokoh, lembaga, pelaku usaha serta berbagai kategori lainnya yang inspiratif, inovatif, kreatif, dan berprestasi, maupun memberikan dampak kepada masyarakat di Jawa Timur.
Saya berterima kasih, penghargaan detikcom sebagai upaya memotivasi bekerja lebih baik, terutama dalam menjalankan tugas presiden. Saya sungguh bergembira dalam kesempatan ini bertemu banyak tokoh figur yang menjadi inspirasi,"" kata Saifullah Yusuf kepada detikJatim, Senin (25/11/2024)
Gus Ipul
Sebagai Wakil Gubernur Jawa Timur selama dua periode (2009-2019)
Kami berterima kasih kepada detikcom yang memberikan apresiasi atas apa yang kami lakukan. Khususnya dalam pengembangan millenial job center. Ini sebuah upaya yang cukup baru menjawab realita dunia kerja kita. Yaitu anak muda yang tidak terikat oleh pekerjaan tetap maupun fenomena WFH (work from home) yang menjadi pilihan.
Emil Elestianto Dardak
Ketua DPD Demokrat Jawa Timur
detikcom Awards
detikcom Awards 2023: Adapt and Transform to an Era of Change. Penghargaan bergengsi yang diberikan kepada individu, merek, dan lembaga di Indonesia yang telah memberikan kontribusi luar biasa dalam berbagai bidang. Melalui detikcom Awards, kami menghargai pencapaian yang menginspirasi, inovasi yang mencuat, dan perubahan positif yang telah dilakukan.
detikJabar Awards
detikJabar Awards 2023 adalah sebuah ajang penghargaan untuk figur, komunitas dan program di Jawa Barat yang inspiratif, inovatif, kreatif serta berprestasi dan memberikan dampak pada masyarakat di Jawa Barat.
Soedirman Awards
Ajang penghargaan persembahan detikcom untuk sosok prajurit TNI teladan baik dari dedikasi, inovasi yang dibuat, hingga pengabdian terhadap masyarakat di area pedalaman maupun perbatasan.
detikjateng-jogja Awards
Puncak apresiasi dengan lebih dari 20 penghargaan kepada tokoh, institusi, serta komunitas yang inovatif dan berkontribusi positif untuk Jawa Tengah dan Jogja.
detikBali Awards
Puncak apresiasi dengan lebih dari 20 penghargaan kepada Tokoh, Institusi, serta Komunitas yang inovatif dan berkontribusi positif untuk Bali.
Saya ucapkan terima kasih atas penghargaan detikBali Awards 2025,"" kata Daniel sesuai meraih penghargaan detikBali Awards 2025. Atas penghargaan detikBali Awards 2025 ini kami semangat untuk kerja lagi. Upaya menciptakan keamanan akan terus dilakukan.
Irjen Daniel Adityajaya
Kapolda Bali
Saya merasa kaget menjadi salah satu penerima detikBali Awards. Senang sekali, terima kasih kesempatannya.
Putu Wahyu Putra Sudianta
Pendiri Komunitas Larajiva
Atas nama keluarga besar Made Sanggra, saya mengucapkan terima kasih kepada detikcom atas apresiasinya terhadap perjuangan, proses kreatif, dan karya karya almarhum ayah saya.",finance
137,"Community Partner
CommuniTime
Sabtu
                            26
                            Sep 26
                        
                            
                            Jakarta                        
                        
                            
                            11:00 - 10:00 WIB
                        
                    Sabtu
                            26
                            Sep 26
                        
                            
                            @griyapeni basecamp bekasiberkain                        
                        
                            
                            14:00 - 20:00 WIB",finance
138,"Elektronik & Gadget
								
Kumpulan barang-barang yang bisa kamu gunakan untuk mengurangi paparan abu vulkanik. Cek di sini!
        Home & Living
                    Abu Vulkanik di Lantai? Dilap Lebih Aman Daripada Disapu, Ini Sebabnya
                        Menyapu abu vulkanik kering bikin debu menyebar, tiga kain microfiber ini pas buat melap permukaan dengan aman. 
                Kesehatan
                    Mata Perih Kena Paparan Abu? Kenali Tetes Mata yang Cocok Dipakai
 Mata perih dan kering kena abu vulkanik, dua tetes mata praktis ini bisa jadi pertolongan pertama. 
                Hobi dan Mainan
                    Motor Sering Parkir di Luar? 2 Cover Ini Bisa Bantu Lindungi Bodinya
 Abu vulkanik bikin bodi motor cepat kusam kalau diparkir di luar, cover motor ini bantu melindunginya. 
                Home & Living
                    Kamar Bayi Aman dari Abu Vulkanik? Air Purifier HEPA Ini Bisa Jadi Andalan
 Air purifier HEPA H11 ini bantu saring debu halus dan tungau, cocok jaga udara kamar bayi tetap lebih aman. 
                Home & Living
                    Kenapa Abu Vulkanik Tetap Masuk Rumah Meski Pintu Tertutup Rapat?
 Celah bawah pintu jadi jalan masuk utama abu vulkanik, door seal 93cm ini bantu menutupnya rapat. 
                Dari perawatan wajah sampai tubuh, semua kebutuhanmu ada di sini. Cek pilihan Rekomendit!
        Perawatan dan Kecantikan
                    Rambut Kasar dan Susah Diatur? Kenalan dengan Hair Oil Multi-Fungsi Ini
                        Hair oil multi-use dengan hyaluronic acid dan avocado oil, bisa dipakai di rambut basah maupun kering. 
                Perawatan dan Kecantikan
                    Wajah Pria Kusam, Berjerawat, atau Sensitif? Pilih Facial Wash Sesuai Masalahmu
 3 facial wash pria untuk masalah beda, dari kusam energizing, jerawat oil control, sampai kulit sensitif aloevera. 
                Perawatan dan Kecantikan
                    Garis Halus Mulai Muncul di Usia 20-an? Coba Rutinitas Anti-Aging 2 Langkah Ini
 Paket Avoskin Retinol Toner dan Marine Collagen Serum, rutinitas anti-aging 2 langkah untuk garis halus dan tekstur kulit. 
                Perawatan dan Kecantikan
                    Catokan Curl Titanium, Beneran Bisa Hasilkan Korean Wave?
 Catokan curl berbahan pelat titanium ini diklaim hasilkan keriting natural ala Korea tanpa narik-narik rambut. 
                Perawatan dan Kecantikan
                    Parfum Ini Diklaim Bisa Bawa Kamu ke Memori Tertentu, Beneran Berhasil?
 Parfum niche ini rekonstruksi momen lewat aroma aldehyde floral musky, terinspirasi dari sprei bersih di pagi hari. 
                Kumpulan produk pilihan untuk bantu kamu semakin produktif di kantor atau sambil WFH
    Elektronik & Gadget
                    Alat Penerjemah AI Genggam Ini Diklaim Kuasai 148 Bahasa, Beneran Bisa Diandalkan?
Elektronik & Gadget
                    PLAUD Note Pro, Alat Perekam AI yang Bikin Rapat Nggak Perlu Dicatat Manual
Home & Living
                    Pexio X HBADA Evolve 3 Review: Kursi Ergonomis Certified BIFMA yang Ubah Cara Kamu Duduk Seharian
Elektronik & Gadget
                    Keychron Q1 V2 Review: Keyboard Mechanical QMK yang Bikin Pengalaman Typing Naik Level
Elektronik & Gadget
                    Mouse Wireless Logitech Ini Bikin Kerja Makin Fokus! Klik Tanpa Berisik
Rekomendasi Produk Lainnya
						Home & Living
					
Butuh Teko Listrik Untuk Panaskan Air di Kostan? Ini Pilihannya
						Bingung pilih teko listrik kapasitas besar atau mini? Ini panduan pilih sesuai kebutuhan keluarga atau personal di kos. 
				
						Kesehatan
					
Angka Timbangan Badan di Rumah Nggak Konsisten? Ini Cara Pakai yang Benar
						Bingung pilih timbangan smart atau basic? Ini cara pakai timbangan badan digital biar hasilnya akurat, dan kapan versi basic sudah cukup. 
				
						Kesehatan
					
Mata Perih Kena Paparan Abu? Kenali Tetes Mata yang Cocok Dipakai
						Mata perih dan kering kena abu vulkanik, dua tetes mata praktis ini bisa jadi pertolongan pertama. 
				
						Hobi dan Mainan
					
Motor Sering Parkir di Luar? 2 Cover Ini Bisa Bantu Lindungi Bodinya
						Abu vulkanik bikin bodi motor cepat kusam kalau diparkir di luar, cover motor ini bantu melindunginya. 
				
						Home & Living
					
Punya Rice Cooker Digital? Beberapa Menu Bisa Bikin Masak Makin Praktis
						Punya beberapa pilihan menu masak, rice cooker digital ini bisa dipakai lebih dari sekadar bikin nasi putih. 
				
						Perawatan dan Kecantikan
					
Pakai Lip Produk Sering Transfer ke Masker atau Gelas? Ini Cara Pakainya
						Lip cream glazed sering transfer ke masker atau gelas, ini cara pakai yang bantu bikin hasilnya lebih tahan lama. 
				
						Home & Living
					
Kamar Bayi Aman dari Abu Vulkanik? Air Purifier HEPA Ini Bisa Jadi Andalan
						Air purifier HEPA H11 ini bantu saring debu halus dan tungau, cocok jaga udara kamar bayi tetap lebih aman. 
				
						Home & Living
					
Kenapa Abu Vulkanik Tetap Masuk Rumah Meski Pintu Tertutup Rapat?
						Celah bawah pintu jadi jalan masuk utama abu vulkanik, door seal 93cm ini bantu menutupnya rapat. 
				
						Home & Living
					
Lantai Rumah Kena Tumpukan Abu? Ini 3 Alat Pel yang Bisa Bikin Bersih
						Abu vulkanik yang menempel di lantai perlu dibersihkan dengan cara yang tepat. Tiga alat pel ini bisa jadi pilihan untuk mempermudah prosesnya. 
				
						Pakaian Wanita
					
Outfit Andalan Belum Punya Outer Serbaguna? Jaket Oversize Ini Bisa Jadi Andalan Layering
						Rubee Light Jacket dari RiaMiranda x 3Mongkis ini jadi outer oversize serbaguna dengan kerah kulit yang gampang dipadukan. 
				
						Pakaian Wanita
					
Males Ribet Lilit Kain? Kebaya Set Praktis Ini Bisa Jadi Solusi Tanpa Pusing Padu Padan
						Kebaya set atasan dan rok ini bantu kamu tampil rapi ke acara formal tanpa proses lilit kain manual. 
				
						Home & Living
					
Mobil Kena Abu Vulkanik saat Parkir? Ini Solusi Cepatnya
						Mobil kena abu vulkanik saat parkir luar? Ini cara bersihin cepat pakai vacuum genggam isap tiup sebelum debunya menumpuk.",finance
139,"Service powered by
          Anda akan diarahkan ke halaman IAK
          
              
              Info Penting
            
            - Syarat dan ketentuan penggunaan produk/jasa berada sepenuhnya di bawah kebijakan IAK serta mitra pihak ketiga yang bekerja sama dengan IAK.
- Seluruh tanggung jawab yang berkaitan dengan pemesanan maupun penggunaan produk/layanan berada pada IAK dan pihak ketiga sebagai mitra detikcom.
- Informasi lebih lanjut mengenai syarat dan ketentuan IAK dapat diakses melalui tautan berikut: Syarat & Ketentuan IAK.",finance
140,"Service powered by
          Anda akan diarahkan ke halaman IAK
          
              
              Info Penting
            
            - Syarat dan ketentuan penggunaan produk/jasa berada sepenuhnya di bawah kebijakan IAK serta mitra pihak ketiga yang bekerja sama dengan IAK.
- Seluruh tanggung jawab yang berkaitan dengan pemesanan maupun penggunaan produk/layanan berada pada IAK dan pihak ketiga sebagai mitra detikcom.
- Informasi lebih lanjut mengenai syarat dan ketentuan IAK dapat diakses melalui tautan berikut: Syarat & Ketentuan IAK.",finance
141,"Service powered by
          Anda akan diarahkan ke halaman IAK
          
              
              Info Penting
            
            - Syarat dan ketentuan penggunaan produk/jasa berada sepenuhnya di bawah kebijakan IAK serta mitra pihak ketiga yang bekerja sama dengan IAK.
- Seluruh tanggung jawab yang berkaitan dengan pemesanan maupun penggunaan produk/layanan berada pada IAK dan pihak ketiga sebagai mitra detikcom.
- Informasi lebih lanjut mengenai syarat dan ketentuan IAK dapat diakses melalui tautan berikut: Syarat & Ketentuan IAK.",finance
142,"Service powered by
          Anda akan diarahkan ke halaman IAK
          
              
              Info Penting
            
            - Syarat dan ketentuan penggunaan produk/jasa berada sepenuhnya di bawah kebijakan IAK serta mitra pihak ketiga yang bekerja sama dengan IAK.
- Seluruh tanggung jawab yang berkaitan dengan pemesanan maupun penggunaan produk/layanan berada pada IAK dan pihak ketiga sebagai mitra detikcom.
- Informasi lebih lanjut mengenai syarat dan ketentuan IAK dapat diakses melalui tautan berikut: Syarat & Ketentuan IAK.",finance
143,"Service powered by
          Anda akan diarahkan ke halaman IAK
          
              
              Info Penting
            
            - Syarat dan ketentuan penggunaan produk/jasa berada sepenuhnya di bawah kebijakan IAK serta mitra pihak ketiga yang bekerja sama dengan IAK.
- Seluruh tanggung jawab yang berkaitan dengan pemesanan maupun penggunaan produk/layanan berada pada IAK dan pihak ketiga sebagai mitra detikcom.
- Informasi lebih lanjut mengenai syarat dan ketentuan IAK dapat diakses melalui tautan berikut: Syarat & Ketentuan IAK.",finance
144,"Service powered by
          Anda akan diarahkan ke halaman IAK
          
              
              Info Penting
            
            - Syarat dan ketentuan penggunaan produk/jasa berada sepenuhnya di bawah kebijakan IAK serta mitra pihak ketiga yang bekerja sama dengan IAK.
- Seluruh tanggung jawab yang berkaitan dengan pemesanan maupun penggunaan produk/layanan berada pada IAK dan pihak ketiga sebagai mitra detikcom.
- Informasi lebih lanjut mengenai syarat dan ketentuan IAK dapat diakses melalui tautan berikut: Syarat & Ketentuan IAK.",finance
145,"Service powered by
          Anda akan diarahkan ke halaman IAK
          
              
              Info Penting
            
            - Syarat dan ketentuan penggunaan produk/jasa berada sepenuhnya di bawah kebijakan IAK serta mitra pihak ketiga yang bekerja sama dengan IAK.
- Seluruh tanggung jawab yang berkaitan dengan pemesanan maupun penggunaan produk/layanan berada pada IAK dan pihak ketiga sebagai mitra detikcom.
- Informasi lebih lanjut mengenai syarat dan ketentuan IAK dapat diakses melalui tautan berikut: Syarat & Ketentuan IAK.",finance
146,"Service powered by
          Anda akan diarahkan ke halaman IAK
          
              
              Info Penting
            
            - Syarat dan ketentuan penggunaan produk/jasa berada sepenuhnya di bawah kebijakan IAK serta mitra pihak ketiga yang bekerja sama dengan IAK.
- Seluruh tanggung jawab yang berkaitan dengan pemesanan maupun penggunaan produk/layanan berada pada IAK dan pihak ketiga sebagai mitra detikcom.
- Informasi lebih lanjut mengenai syarat dan ketentuan IAK dapat diakses melalui tautan berikut: Syarat & Ketentuan IAK.",finance
147,"Service powered by
          Anda akan diarahkan ke halaman IAK
          
              
              Info Penting
            
            - Syarat dan ketentuan penggunaan produk/jasa berada sepenuhnya di bawah kebijakan IAK serta mitra pihak ketiga yang bekerja sama dengan IAK.
- Seluruh tanggung jawab yang berkaitan dengan pemesanan maupun penggunaan produk/layanan berada pada IAK dan pihak ketiga sebagai mitra detikcom.
- Informasi lebih lanjut mengenai syarat dan ketentuan IAK dapat diakses melalui tautan berikut: Syarat & Ketentuan IAK.",finance
148,"Service powered by
          Anda akan diarahkan ke halaman IAK
          
              
              Info Penting
            
            - Syarat dan ketentuan penggunaan produk/jasa berada sepenuhnya di bawah kebijakan IAK serta mitra pihak ketiga yang bekerja sama dengan IAK.
- Seluruh tanggung jawab yang berkaitan dengan pemesanan maupun penggunaan produk/layanan berada pada IAK dan pihak ketiga sebagai mitra detikcom.
- Informasi lebih lanjut mengenai syarat dan ketentuan IAK dapat diakses melalui tautan berikut: Syarat & Ketentuan IAK.",finance
149,"MARKET DATA
        Rabu, 09 Sep 2026 16:00 WIB
Data is a realtime snapshot,
delayed at least 10 minutes
Rabu, 09 Sep 2026 20:33 WIB
            
				 14 menit yang lalu             
                    
				 29 menit yang lalu             
                    
				 39 menit yang lalu             
                    
				 44 menit yang lalu             
                    
				 59 menit yang lalu             
                    
 Temukan dan pasang lowongan kerja tepercaya gratis berbagai bidang dan jasa.
 
 Pasang Loker 
 
				 1 jam yang lalu             
                    
				Wawancara Eksklusif bersama Narasumber Inspiratif di Bidang Usaha.
            
            
        
				 2 jam yang lalu             
                    
				 4 jam yang lalu             
                    
				 5 jam yang lalu             
                    
				 6 jam yang lalu             
                    
				 7 jam yang lalu             
                    
					Kalkulator 
KREDIT USAHA
			
KREDIT USAHA
					Simulasikan kebutuhan modal bisnis impian Anda dengan kalkulator kredit usaha detikFinance
				
				
					Info Lanjut 
				
			
 Kamus
 
 
 Finance
 
 
 Temukan informasi seputar keuangan disini.
 
 
 
Komentar Terbanyak
Purbaya Siapkan Rp 40 T Bayar Utang Kopdes ke Bank BUMN, Jamin Tak Macet
Angka Kemiskinan Berbeda dengan Versi Bank Dunia, BPS Buka Suara
Pertamina Batalkan Rencana Beli BBM Subsidi Tunjukkan STNK",finance
150,"Kopdes Merah Putih Bakal Gandeng PNM dan PT Pos
8 menit yang lalu
            MARKET DATA
        Rabu, 09 Sep 2026 16:00 WIB
Data is a realtime snapshot,
delayed at least 10 minutes
				 41 menit yang lalu             
                    
				 56 menit yang lalu             
                    
				 1 jam yang lalu             
                    
				 Selasa, 28 Jun 2022 16:26 WIB             
                    
				Wawancara Eksklusif bersama Narasumber Inspiratif di Bidang Usaha.
            
            
        
				 4 jam yang lalu             
                    
				 5 jam yang lalu             
                    
				 8 jam yang lalu             
                    
				Ragam ulasan dan inspirasi usaha mikro untuk Anda bersama detikFinance
			
			Selengkapnya
				
			
		
Sabtu, 05 Sep 2026 08:54 WIB
				
Senin, 31 Agu 2026 16:18 WIB
				
Jumat, 28 Agu 2026 12:57 WIB
				
				 9 jam yang lalu             
                    
				 10 jam yang lalu             
                    
				 11 jam yang lalu             
                    
				 12 jam yang lalu             
                    
				 13 jam yang lalu             
                    
				 23 jam yang lalu             
                    
				 Selasa, 08 Sep 2026 20:39 WIB             
                    
				 Selasa, 08 Sep 2026 19:40 WIB             
                    
				 Selasa, 08 Sep 2026 19:20 WIB             
                    
				 Selasa, 08 Sep 2026 18:50 WIB             
                    
				 Selasa, 08 Sep 2026 17:58 WIB             
                    
				 Selasa, 08 Sep 2026 17:43 WIB             
                    
				 Selasa, 08 Sep 2026 17:32 WIB             
                    
				 Selasa, 08 Sep 2026 16:51 WIB             
                    
				 Selasa, 08 Sep 2026 15:52 WIB             
                    
				 Selasa, 08 Sep 2026 15:37 WIB             
                    
				 Selasa, 08 Sep 2026 15:16 WIB             
                    
				 Selasa, 08 Sep 2026 14:59 WIB             
                    
				 Selasa, 08 Sep 2026 14:51 WIB             
                    
				 Selasa, 08 Sep 2026 14:21 WIB             
                    
				 Selasa, 08 Sep 2026 14:11 WIB             
                    
					Kalkulator 
KREDIT USAHA
			
KREDIT USAHA
					Simulasikan kebutuhan modal bisnis impian Anda dengan kalkulator kredit usaha detikFinance
				
				
					Info Lanjut 
				
			
 Kamus
 
 
 Finance
 
 
 Temukan informasi seputar keuangan disini.
 
 
 
Komentar Terbanyak
Purbaya Siapkan Rp 40 T Bayar Utang Kopdes ke Bank BUMN, Jamin Tak Macet
Angka Kemiskinan Berbeda dengan Versi Bank Dunia, BPS Buka Suara
Pertamina Batalkan Rencana Beli BBM Subsidi Tunjukkan STNK",finance
151,"BNI Biayai Kopdes Merah Putih, Dinilai Minim Risiko Kredit Macet
51 menit yang lalu
            MARKET DATA
        Rabu, 09 Sep 2026 16:00 WIB
Data is a realtime snapshot,
delayed at least 10 minutes
				 1 jam yang lalu             
                    
				 2 jam yang lalu             
                    
				 Rabu, 02 Mar 2022 12:56 WIB             
                    
				Wawancara Eksklusif bersama Narasumber Inspiratif di Bidang Usaha.
            
            
        
				 4 jam yang lalu             
                    
				 5 jam yang lalu             
                    
				 6 jam yang lalu             
                    
				 8 jam yang lalu             
                    
				 11 jam yang lalu             
                    
				 Selasa, 08 Sep 2026 20:05 WIB             
                    
 Ragam ulasan dan inspirasi usaha mikro untuk Anda bersama detikFinance
 
 Selengkapnya
 
 
 Sabtu, 05 Sep 2026 08:54 WIB
 Senin, 31 Agu 2026 16:18 WIB
 Jumat, 28 Agu 2026 12:57 WIB
 
				 Selasa, 08 Sep 2026 19:32 WIB             
                    
				 Selasa, 08 Sep 2026 19:08 WIB             
                    
				 Selasa, 08 Sep 2026 16:54 WIB             
                    
				 Selasa, 08 Sep 2026 15:43 WIB             
                    
				 Selasa, 08 Sep 2026 15:35 WIB             
                    
				 Selasa, 08 Sep 2026 13:14 WIB             
                    
				 Selasa, 08 Sep 2026 11:58 WIB             
                    
				 Selasa, 08 Sep 2026 09:18 WIB             
                    
				 Selasa, 08 Sep 2026 09:15 WIB             
                    
				 Selasa, 08 Sep 2026 08:32 WIB             
                    
				 Selasa, 08 Sep 2026 08:19 WIB             
                    
				 Selasa, 08 Sep 2026 07:25 WIB             
                    
				 Senin, 07 Sep 2026 22:31 WIB             
                    
				 Senin, 07 Sep 2026 22:13 WIB             
                    
				 Senin, 07 Sep 2026 21:37 WIB             
                    
				 Senin, 07 Sep 2026 19:30 WIB             
                    
				 Senin, 07 Sep 2026 19:00 WIB             
                    
				 Senin, 07 Sep 2026 17:03 WIB             
                    
				 Senin, 07 Sep 2026 16:44 WIB             
                    
				 Senin, 07 Sep 2026 15:44 WIB             
                    
				 Senin, 07 Sep 2026 15:34 WIB             
                    
				 Senin, 07 Sep 2026 15:22 WIB             
                    
				 Senin, 07 Sep 2026 15:05 WIB             
                    
				 Senin, 07 Sep 2026 14:08 WIB             
                    
				 Senin, 07 Sep 2026 13:50 WIB             
                    
				 Senin, 07 Sep 2026 09:46 WIB             
                    
				 Senin, 07 Sep 2026 09:18 WIB             
                    
				 Senin, 07 Sep 2026 08:31 WIB             
                    
				 Senin, 07 Sep 2026 06:31 WIB             
                    
				 Minggu, 06 Sep 2026 22:00 WIB             
                    
				 Minggu, 06 Sep 2026 20:00 WIB             
                    
				 Minggu, 06 Sep 2026 18:00 WIB             
                    
					Kalkulator 
KREDIT USAHA
			
KREDIT USAHA
					Simulasikan kebutuhan modal bisnis impian Anda dengan kalkulator kredit usaha detikFinance
				
				
					Info Lanjut 
				
			
 Kamus
 
 
 Finance
 
 
 Temukan informasi seputar keuangan disini.
 
 
 
Komentar Terbanyak
Purbaya Siapkan Rp 40 T Bayar Utang Kopdes ke Bank BUMN, Jamin Tak Macet
Angka Kemiskinan Berbeda dengan Versi Bank Dunia, BPS Buka Suara
Pertamina Batalkan Rencana Beli BBM Subsidi Tunjukkan STNK",finance
152,"Otorita IKN Minta Tambah Rp 15,8 Triliun, Purbaya Jawab Begini
26 menit yang lalu
            MARKET DATA
        Rabu, 09 Sep 2026 16:00 WIB
Data is a realtime snapshot,
delayed at least 10 minutes
				 8 jam yang lalu             
                    
				 14 jam yang lalu             
                    
				 22 jam yang lalu             
                    
				 Selasa, 08 Sep 2026 16:21 WIB             
                    
				 Selasa, 08 Sep 2026 15:04 WIB             
                    
				Wawancara Eksklusif bersama Narasumber Inspiratif di Bidang Usaha.
            
            
        
				 Senin, 07 Sep 2026 20:26 WIB             
                    
				 Jumat, 04 Sep 2026 22:45 WIB             
                    
				 Jumat, 04 Sep 2026 22:13 WIB             
                    
				 Jumat, 04 Sep 2026 21:47 WIB             
                    
				 Jumat, 04 Sep 2026 20:32 WIB             
                    
				 Jumat, 04 Sep 2026 16:25 WIB             
                    
				 Jumat, 04 Sep 2026 03:37 WIB             
                    
				 Rabu, 02 Sep 2026 18:31 WIB             
                    
				 Rabu, 02 Sep 2026 17:12 WIB             
                    
				 Rabu, 02 Sep 2026 16:12 WIB             
                    
				 Rabu, 02 Sep 2026 09:57 WIB             
                    
				Ragam ulasan dan inspirasi usaha mikro untuk Anda bersama detikFinance
			
			Selengkapnya
				
			
		
Sabtu, 05 Sep 2026 08:54 WIB
				
Senin, 31 Agu 2026 16:18 WIB
				
Jumat, 28 Agu 2026 12:57 WIB
				
				 Selasa, 01 Sep 2026 15:39 WIB             
                    
				 Selasa, 01 Sep 2026 04:55 WIB             
                    
				 Senin, 31 Agu 2026 20:05 WIB             
                    
				 Senin, 31 Agu 2026 14:18 WIB             
                    
				 Senin, 31 Agu 2026 07:26 WIB             
                    
				 Minggu, 30 Agu 2026 21:00 WIB             
                    
				 Minggu, 30 Agu 2026 13:30 WIB             
                    
				 Sabtu, 29 Agu 2026 20:09 WIB             
                    
				 Sabtu, 29 Agu 2026 15:10 WIB             
                    
				 Jumat, 28 Agu 2026 23:04 WIB             
                    
				 Jumat, 28 Agu 2026 20:27 WIB             
                    
				 Jumat, 28 Agu 2026 19:30 WIB             
                    
				 Jumat, 28 Agu 2026 15:35 WIB             
                    
				 Jumat, 28 Agu 2026 12:40 WIB             
                    
				 Jumat, 28 Agu 2026 11:16 WIB             
                    
				 Jumat, 28 Agu 2026 00:28 WIB             
                    
				 Kamis, 27 Agu 2026 21:23 WIB             
                    
				 Kamis, 27 Agu 2026 20:39 WIB             
                    
				 Kamis, 27 Agu 2026 11:37 WIB             
                    
				 Rabu, 26 Agu 2026 22:56 WIB             
                    
				 Rabu, 26 Agu 2026 22:52 WIB             
                    
				 Rabu, 26 Agu 2026 20:00 WIB             
                    
				 Rabu, 26 Agu 2026 17:34 WIB             
                    
				 Rabu, 26 Agu 2026 16:50 WIB             
                    
				 Rabu, 26 Agu 2026 12:32 WIB             
                    
				 Rabu, 26 Agu 2026 05:55 WIB             
                    
				 Selasa, 25 Agu 2026 17:30 WIB             
                    
				 Selasa, 25 Agu 2026 14:10 WIB             
                    
				 Selasa, 25 Agu 2026 10:06 WIB             
                    
				 Senin, 24 Agu 2026 22:46 WIB             
                    
				 Minggu, 23 Agu 2026 21:30 WIB             
                    
				 Sabtu, 22 Agu 2026 22:15 WIB             
                    
					Kalkulator 
KREDIT USAHA
			
KREDIT USAHA
					Simulasikan kebutuhan modal bisnis impian Anda dengan kalkulator kredit usaha detikFinance
				
				
					Info Lanjut 
				
			
 Kamus
 
 
 Finance
 
 
 Temukan informasi seputar keuangan disini.
 
 
 
Komentar Terbanyak
Purbaya Siapkan Rp 40 T Bayar Utang Kopdes ke Bank BUMN, Jamin Tak Macet
Angka Kemiskinan Berbeda dengan Versi Bank Dunia, BPS Buka Suara
Pertamina Batalkan Rencana Beli BBM Subsidi Tunjukkan STNK",finance
153,"MGLV Resmi Jadi Pemain AI Data Center
6 jam yang lalu
            MARKET DATA
        Rabu, 09 Sep 2026 16:00 WIB
Data is a realtime snapshot,
delayed at least 10 minutes
				 13 jam yang lalu             
                    
				 22 jam yang lalu             
                    
				 Selasa, 08 Sep 2026 17:53 WIB             
                    
				 Selasa, 08 Sep 2026 16:46 WIB             
                    
				 Selasa, 08 Sep 2026 16:39 WIB             
                    
				 Selasa, 08 Sep 2026 15:59 WIB             
                    
				 Selasa, 08 Sep 2026 15:18 WIB             
                    
				Wawancara Eksklusif bersama Narasumber Inspiratif di Bidang Usaha.
            
            
        
				 Selasa, 08 Sep 2026 13:38 WIB             
                    
				 Selasa, 08 Sep 2026 11:52 WIB             
                    
				 Selasa, 08 Sep 2026 10:30 WIB             
                    
				 Senin, 07 Sep 2026 21:03 WIB             
                    
				 Senin, 07 Sep 2026 15:05 WIB             
                    
				 Senin, 07 Sep 2026 13:17 WIB             
                    
				 Senin, 07 Sep 2026 11:14 WIB             
                    
				 Minggu, 06 Sep 2026 20:30 WIB             
                    
				 Sabtu, 05 Sep 2026 18:00 WIB             
                    
				 Sabtu, 05 Sep 2026 17:36 WIB             
                    
				 Jumat, 04 Sep 2026 21:40 WIB             
                    
				Ragam ulasan dan inspirasi usaha mikro untuk Anda bersama detikFinance
			
			Selengkapnya
				
			
		
Sabtu, 05 Sep 2026 08:54 WIB
				
Senin, 31 Agu 2026 16:18 WIB
				
Jumat, 28 Agu 2026 12:57 WIB
				
				 Jumat, 04 Sep 2026 19:47 WIB             
                    
				 Jumat, 04 Sep 2026 15:36 WIB             
                    
				 Jumat, 04 Sep 2026 13:52 WIB             
                    
				 Jumat, 04 Sep 2026 09:39 WIB             
                    
				 Jumat, 04 Sep 2026 08:25 WIB             
                    
				 Kamis, 03 Sep 2026 16:39 WIB             
                    
				 Kamis, 03 Sep 2026 10:23 WIB             
                    
				 Rabu, 02 Sep 2026 19:52 WIB             
                    
				 Rabu, 02 Sep 2026 13:43 WIB             
                    
				 Rabu, 02 Sep 2026 13:19 WIB             
                    
				 Rabu, 02 Sep 2026 12:30 WIB             
                    
				 Rabu, 02 Sep 2026 12:27 WIB             
                    
				 Rabu, 02 Sep 2026 12:22 WIB             
                    
				 Rabu, 02 Sep 2026 08:00 WIB             
                    
				 Selasa, 01 Sep 2026 23:25 WIB             
                    
				 Selasa, 01 Sep 2026 14:05 WIB             
                    
				 Selasa, 01 Sep 2026 13:56 WIB             
                    
				 Selasa, 01 Sep 2026 11:00 WIB             
                    
				 Selasa, 01 Sep 2026 09:23 WIB             
                    
				 Selasa, 01 Sep 2026 08:08 WIB             
                    
				 Selasa, 01 Sep 2026 07:00 WIB             
                    
				 Selasa, 01 Sep 2026 06:04 WIB             
                    
				 Senin, 31 Agu 2026 22:45 WIB             
                    
				 Senin, 31 Agu 2026 22:17 WIB             
                    
				 Senin, 31 Agu 2026 21:15 WIB             
                    
				 Senin, 31 Agu 2026 20:24 WIB             
                    
				 Senin, 31 Agu 2026 19:43 WIB             
                    
				 Senin, 31 Agu 2026 12:28 WIB             
                    
				 Senin, 31 Agu 2026 11:40 WIB             
                    
				 Senin, 31 Agu 2026 10:15 WIB             
                    
				 Senin, 31 Agu 2026 07:49 WIB             
                    
					Kalkulator 
KREDIT USAHA
			
KREDIT USAHA
					Simulasikan kebutuhan modal bisnis impian Anda dengan kalkulator kredit usaha detikFinance
				
				
					Info Lanjut 
				
			
 Kamus
 
 
 Finance
 
 
 Temukan informasi seputar keuangan disini.
 
 
 
Komentar Terbanyak
Purbaya Siapkan Rp 40 T Bayar Utang Kopdes ke Bank BUMN, Jamin Tak Macet
Angka Kemiskinan Berbeda dengan Versi Bank Dunia, BPS Buka Suara
Pertamina Batalkan Rencana Beli BBM Subsidi Tunjukkan STNK",finance
154,"MARKET DATA
        Rabu, 09 Sep 2026 16:00 WIB
Data is a realtime snapshot,
delayed at least 10 minutes
				 Senin, 07 Sep 2026 15:29 WIB             
                    
				 Jumat, 04 Sep 2026 09:10 WIB             
                    
				 Kamis, 03 Sep 2026 16:44 WIB             
                    
				 Rabu, 02 Sep 2026 16:51 WIB             
                    
				 Rabu, 02 Sep 2026 15:25 WIB             
                    
				 Rabu, 02 Sep 2026 14:33 WIB             
                    
				 Rabu, 02 Sep 2026 13:18 WIB             
                    
				Wawancara Eksklusif bersama Narasumber Inspiratif di Bidang Usaha.
            
            
        
				 Rabu, 02 Sep 2026 12:59 WIB             
                    
				 Selasa, 01 Sep 2026 21:28 WIB             
                    
				 Selasa, 01 Sep 2026 17:03 WIB             
                    
				 Selasa, 01 Sep 2026 10:10 WIB             
                    
				 Senin, 31 Agu 2026 16:59 WIB             
                    
				 Senin, 31 Agu 2026 15:10 WIB             
                    
				 Senin, 31 Agu 2026 13:27 WIB             
                    
				 Senin, 31 Agu 2026 12:54 WIB             
                    
				 Jumat, 28 Agu 2026 06:25 WIB             
                    
				 Kamis, 27 Agu 2026 16:09 WIB             
                    
				 Rabu, 26 Agu 2026 22:24 WIB             
                    
 Ragam ulasan dan inspirasi usaha mikro untuk Anda bersama detikFinance
 
 Selengkapnya
 
 
 Sabtu, 05 Sep 2026 08:54 WIB
 Senin, 31 Agu 2026 16:18 WIB
 Jumat, 28 Agu 2026 12:57 WIB
 
				 Rabu, 26 Agu 2026 08:56 WIB             
                    
				 Jumat, 21 Agu 2026 05:55 WIB             
                    
				 Kamis, 20 Agu 2026 16:46 WIB             
                    
				 Rabu, 19 Agu 2026 11:51 WIB             
                    
				 Selasa, 18 Agu 2026 21:44 WIB             
                    
				 Selasa, 18 Agu 2026 21:00 WIB             
                    
				 Selasa, 18 Agu 2026 07:55 WIB             
                    
				 Senin, 17 Agu 2026 15:27 WIB             
                    
				 Senin, 17 Agu 2026 13:58 WIB             
                    
				 Senin, 17 Agu 2026 12:54 WIB             
                    
				 Jumat, 14 Agu 2026 22:17 WIB             
                    
				 Jumat, 14 Agu 2026 11:33 WIB             
                    
				 Jumat, 14 Agu 2026 06:30 WIB             
                    
				 Kamis, 13 Agu 2026 23:08 WIB             
                    
				 Kamis, 13 Agu 2026 19:44 WIB             
                    
				 Kamis, 13 Agu 2026 19:30 WIB             
                    
				 Kamis, 13 Agu 2026 17:59 WIB             
                    
				 Kamis, 13 Agu 2026 17:43 WIB             
                    
				 Kamis, 13 Agu 2026 16:42 WIB             
                    
				 Kamis, 13 Agu 2026 16:12 WIB             
                    
				 Kamis, 13 Agu 2026 15:36 WIB             
                    
				 Kamis, 13 Agu 2026 15:33 WIB             
                    
				 Sabtu, 08 Agu 2026 18:30 WIB             
                    
				 Jumat, 07 Agu 2026 16:40 WIB             
                    
				 Jumat, 07 Agu 2026 10:32 WIB             
                    
				 Jumat, 07 Agu 2026 08:45 WIB             
                    
				 Kamis, 06 Agu 2026 18:40 WIB             
                    
				 Kamis, 06 Agu 2026 10:32 WIB             
                    
				 Rabu, 05 Agu 2026 20:09 WIB             
                    
				 Rabu, 05 Agu 2026 18:30 WIB             
                    
				 Rabu, 05 Agu 2026 14:59 WIB             
                    
				 Selasa, 04 Agu 2026 16:40 WIB             
                    
					Kalkulator 
KREDIT USAHA
			
KREDIT USAHA
					Simulasikan kebutuhan modal bisnis impian Anda dengan kalkulator kredit usaha detikFinance
				
				
					Info Lanjut 
				
			
 Kamus
 
 
 Finance
 
 
 Temukan informasi seputar keuangan disini.
 
 
 
Komentar Terbanyak
Purbaya Siapkan Rp 40 T Bayar Utang Kopdes ke Bank BUMN, Jamin Tak Macet
Angka Kemiskinan Berbeda dengan Versi Bank Dunia, BPS Buka Suara
Pertamina Batalkan Rencana Beli BBM Subsidi Tunjukkan STNK",finance
155,"Nilai Transaksi Aset Kripto RI Turun 28% Jadi Rp 20,52 Triliun
Senin, 07 Sep 2026 16:27 WIB
            MARKET DATA
        Rabu, 09 Sep 2026 16:00 WIB
Data is a realtime snapshot,
delayed at least 10 minutes
				 7 jam yang lalu             
                    
				 Kamis, 03 Sep 2026 15:49 WIB             
                    
				 Rabu, 02 Sep 2026 13:34 WIB             
                    
				 Jumat, 28 Agu 2026 08:30 WIB             
                    
				 Kamis, 27 Agu 2026 13:29 WIB             
                    
				 Kamis, 27 Agu 2026 11:58 WIB             
                    
				 Rabu, 26 Agu 2026 08:05 WIB             
                    
				Wawancara Eksklusif bersama Narasumber Inspiratif di Bidang Usaha.
            
            
        
				 Senin, 24 Agu 2026 15:30 WIB             
                    
				 Minggu, 23 Agu 2026 10:30 WIB             
                    
				 Sabtu, 22 Agu 2026 21:30 WIB             
                    
				 Kamis, 20 Agu 2026 18:31 WIB             
                    
				 Selasa, 18 Agu 2026 11:51 WIB             
                    
				 Minggu, 16 Agu 2026 15:50 WIB             
                    
				 Kamis, 13 Agu 2026 13:59 WIB             
                    
				 Jumat, 07 Agu 2026 11:30 WIB             
                    
				 Selasa, 04 Agu 2026 19:30 WIB             
                    
				 Jumat, 31 Jul 2026 23:11 WIB             
                    
				 Jumat, 31 Jul 2026 10:30 WIB             
                    
 Ragam ulasan dan inspirasi usaha mikro untuk Anda bersama detikFinance
 
 Selengkapnya
 
 
 Sabtu, 05 Sep 2026 08:54 WIB
 Senin, 31 Agu 2026 16:18 WIB
 Jumat, 28 Agu 2026 12:57 WIB
 
				 Jumat, 24 Jul 2026 18:59 WIB             
                    
				 Jumat, 24 Jul 2026 17:26 WIB             
                    
				 Rabu, 22 Jul 2026 17:42 WIB             
                    
				 Senin, 20 Jul 2026 17:08 WIB             
                    
				 Jumat, 17 Jul 2026 22:35 WIB             
                    
				 Selasa, 14 Jul 2026 15:27 WIB             
                    
				 Rabu, 08 Jul 2026 19:30 WIB             
                    
				 Selasa, 07 Jul 2026 22:28 WIB             
                    
				 Senin, 06 Jul 2026 23:39 WIB             
                    
				 Senin, 06 Jul 2026 21:30 WIB             
                    
				 Jumat, 03 Jul 2026 17:36 WIB             
                    
				 Kamis, 02 Jul 2026 08:30 WIB             
                    
				 Jumat, 26 Jun 2026 13:20 WIB             
                    
				 Kamis, 25 Jun 2026 21:58 WIB             
                    
				 Senin, 22 Jun 2026 15:46 WIB             
                    
				 Minggu, 21 Jun 2026 10:41 WIB             
                    
				 Minggu, 21 Jun 2026 09:15 WIB             
                    
				 Selasa, 16 Jun 2026 20:25 WIB             
                    
				 Sabtu, 13 Jun 2026 17:30 WIB             
                    
				 Jumat, 12 Jun 2026 16:51 WIB             
                    
				 Selasa, 09 Jun 2026 16:37 WIB             
                    
				 Senin, 08 Jun 2026 16:30 WIB             
                    
				 Jumat, 05 Jun 2026 15:14 WIB             
                    
				 Jumat, 05 Jun 2026 15:07 WIB             
                    
				 Rabu, 03 Jun 2026 08:12 WIB             
                    
				 Selasa, 02 Jun 2026 18:24 WIB             
                    
				 Sabtu, 30 Mei  2026 21:49 WIB             
                    
				 Jumat, 22 Mei  2026 21:33 WIB             
                    
				 Senin, 18 Mei  2026 12:23 WIB             
                    
				 Minggu, 17 Mei  2026 11:36 WIB             
                    
				 Rabu, 13 Mei  2026 11:17 WIB             
                    
					Kalkulator 
KREDIT USAHA
			
KREDIT USAHA
					Simulasikan kebutuhan modal bisnis impian Anda dengan kalkulator kredit usaha detikFinance
				
				
					Info Lanjut 
				
			
 Kamus
 
 
 Finance
 
 
 Temukan informasi seputar keuangan disini.
 
 
 
Komentar Terbanyak
Purbaya Siapkan Rp 40 T Bayar Utang Kopdes ke Bank BUMN, Jamin Tak Macet
Angka Kemiskinan Berbeda dengan Versi Bank Dunia, BPS Buka Suara
Pertamina Batalkan Rencana Beli BBM Subsidi Tunjukkan STNK",finance
156,"Gaji Numpang Lewat ? Terapkan 5 Strategi Ini agar Uang Lebih Awet
				 Senin, 20 Jul 2026 20:09 WIB             
                    MARKET DATA
        Rabu, 09 Sep 2026 16:00 WIB
Data is a realtime snapshot,
delayed at least 10 minutes
				 Senin, 15 Jun 2026 18:45 WIB             
                    
				 Sabtu, 09 Mei  2026 10:36 WIB             
                    
				 Jumat, 20 Mar 2026 18:30 WIB             
                    
				 Senin, 16 Feb 2026 13:00 WIB             
                    
				 Minggu, 18 Jan 2026 20:45 WIB             
                    
				 Sabtu, 10 Jan 2026 11:43 WIB             
                    
				Wawancara Eksklusif bersama Narasumber Inspiratif di Bidang Usaha.
            
            
        
				 Jumat, 09 Jan 2026 13:08 WIB             
                    
				 Kamis, 08 Jan 2026 12:36 WIB             
                    
				 Rabu, 31 Des 2025 08:22 WIB             
                    
				 Minggu, 28 Des 2025 20:00 WIB             
                    
				 Jumat, 19 Des 2025 11:48 WIB             
                    
				 Senin, 15 Des 2025 07:30 WIB             
                    
				 Minggu, 14 Des 2025 23:00 WIB             
                    
				 Minggu, 14 Des 2025 21:30 WIB             
                    
				 Kamis, 11 Des 2025 17:09 WIB             
                    
				 Jumat, 05 Des 2025 19:19 WIB             
                    
				 Jumat, 28 Nov 2025 08:00 WIB             
                    
 Ragam ulasan dan inspirasi usaha mikro untuk Anda bersama detikFinance
 
 Selengkapnya
 
 
 Sabtu, 05 Sep 2026 08:54 WIB
 Senin, 31 Agu 2026 16:18 WIB
 Jumat, 28 Agu 2026 12:57 WIB
 
				 Kamis, 27 Nov 2025 13:48 WIB             
                    
				 Kamis, 27 Nov 2025 12:48 WIB             
                    
				 Selasa, 25 Nov 2025 18:37 WIB             
                    
				 Minggu, 09 Nov 2025 19:00 WIB             
                    
				 Minggu, 02 Nov 2025 23:00 WIB             
                    
				 Senin, 20 Okt 2025 07:30 WIB             
                    
				 Minggu, 19 Okt 2025 22:00 WIB             
                    
				 Selasa, 16 Sep 2025 13:26 WIB             
                    
				 Minggu, 14 Sep 2025 21:00 WIB             
                    
				 Minggu, 07 Sep 2025 22:00 WIB             
                    
				 Sabtu, 06 Sep 2025 06:30 WIB             
                    
				 Jumat, 05 Sep 2025 22:00 WIB             
                    
				 Jumat, 05 Sep 2025 19:30 WIB             
                    
				 Rabu, 27 Agu 2025 06:35 WIB             
                    
				 Senin, 25 Agu 2025 20:01 WIB             
                    
				 Senin, 25 Agu 2025 07:30 WIB             
                    
				 Minggu, 24 Agu 2025 20:00 WIB             
                    
				 Kamis, 21 Agu 2025 17:03 WIB             
                    
				 Kamis, 21 Agu 2025 14:02 WIB             
                    
				 Kamis, 21 Agu 2025 10:00 WIB             
                    
				 Kamis, 21 Agu 2025 06:00 WIB             
                    
				 Rabu, 20 Agu 2025 10:00 WIB             
                    
				 Rabu, 20 Agu 2025 06:00 WIB             
                    
				 Selasa, 19 Agu 2025 10:00 WIB             
                    
				 Selasa, 19 Agu 2025 08:00 WIB             
                    
				 Selasa, 19 Agu 2025 06:00 WIB             
                    
				 Senin, 18 Agu 2025 12:00 WIB             
                    
				 Senin, 18 Agu 2025 10:00 WIB             
                    
				 Senin, 18 Agu 2025 08:00 WIB             
                    
				 Senin, 18 Agu 2025 06:00 WIB             
                    
				 Minggu, 17 Agu 2025 10:00 WIB             
                    
				 Sabtu, 16 Agu 2025 10:00 WIB             
                    
					Kalkulator 
KREDIT USAHA
			
KREDIT USAHA
					Simulasikan kebutuhan modal bisnis impian Anda dengan kalkulator kredit usaha detikFinance
				
				
					Info Lanjut 
				
			
 Kamus
 
 
 Finance
 
 
 Temukan informasi seputar keuangan disini.
 
 
 
Komentar Terbanyak
Purbaya Siapkan Rp 40 T Bayar Utang Kopdes ke Bank BUMN, Jamin Tak Macet
Angka Kemiskinan Berbeda dengan Versi Bank Dunia, BPS Buka Suara
Pertamina Batalkan Rencana Beli BBM Subsidi Tunjukkan STNK",finance
157,"Info Lowongan Kerja CPNS, BUMN, dan loker lainnya serta tips dan
MENU
detikcom
Terpopuler
Live TV
Kirim Tulisan
Kategori Berita
detikNews
detikFinance
detikInet
detikHot
detikSport
Sepakbola
detikOto
detikTravel
detikFood
detikHealth
Wolipop
DetikX
20Detik
detikFoto
detikEdu
detikHikmah
detikProperti
detikPop
Daerah
detikJateng
detikJatim
detikJabar
detikSulsel
detikSumut
detikBali
detikSumbagsel
detikJogja
detikKalimantan
Layanan
For Your Business
Pasang Mata
adsmart
detikEvent
Trans Snow World
Trans Studio
Flying Over Indonesia
berbuatbaik.id
ziswafctarsa.id
Signature Awards
Bingkai.id
Trans Hotel Group
Community Connect
NEW
Rekomendit
NEW
Top Up & Tagihan
Game
Paket Data
Pulsa Prabayar
Token PLN
E-wallet
BPJS Kesehatan
PLN Pascabayar
PDAM
TV & Internet
Streaming
Detik Network
Hai Bunda
CNN Indonesia
CNBC Indonesia
Beautynesia
Female Daily
CXO Media
Cancel
Yang sedang ramai dicari
Loading...
Promoted
Terakhir yang dicari
Loading...
Home
Ekonomi Bisnis
Finansial
Infrastruktur
Energi
Industri
Kripto
Perencanaan Keuangan
Loker
Moneter
Indeks
For Your Business
Adsmart
Cari(in) Kerja
Ekonomi Hijau
Info Pangan
UKM & Waralaba
Bursa Valas
Market Research
Infografis
Lowongan Kerja
Semua
CPNS
BUMN
Lainnya
Cari
Pendaftaran Sekolah Kedinasan Ditutup, BKN Siapkan 36 Lokasi Ujian
Rabu, 02 Sep 2026 12:17 WIB
Berita Terkait
Batas Waktu Pengisian DRH PPPK Paruh Waktu Diperpanjang, Ini Jadwalnya
Dari 247 Ribu CPNS, Ada 72% yang Lolos Sampai Pemberkasan
Cari(in) Kerja
Selengkapnya
Temukan dan pasang lowongan kerja tepercaya gratis berbagai bidang dan jasa.
Pasang Loker
LEGAL
CORPORATE LEGAL
KOTA JAKARTA SELATAN
Lihat Detail
Transportasi
PT Ayodya Dialog Semesta
KABUPATEN BANTUL
Lihat Detail
Transportasi
PT Ayodya Dialog Semesta
KABUPATEN TUBAN
Lihat Detail
Driver
Bluebird marga Mulya
KOTA BEKASI
Lihat Detail
Transportasi
PT Blue Bird Group Tbk
KOTA BEKASI
Lihat Detail
Tautan telah disalin
Tautan telah disalin
News Feed
Indeks Berita
ANTAM Buka 14 Lowongan Kerja sampai 28 Agustus, Cek Syarat Lengkapnya!
PCPM Bank Indonesia Dibuka Hari Ini, Cek Syaratnya
BI Buka Lowongan PCPM Angkatan 41, Ini Syarat Lengkapnya
BRI Buka Lowongan Kerja untuk Lulusan D3-S1, Ini Posisi & Syaratnya
KAI Services Buka Lowongan untuk Lulusan SMA/SMK, Simak Syaratnya
SKK Migas Buka 35 Lowongan Kerja, Lulusan S1 Bisa Daftar
Pertamina Buka Rekrutmen Internship untuk Fresh Graduate
Pramono: Jakarta Buka 2.843 Lowongan Kerja, Satu Hari yang Daftar 100.000
BPKH Buka Lowongan Kerja, Ada 9 Formasi Bisa Daftar hingga 2 Juli
Kabar Terbaru Rekrutmen 300 Lulusan SMA di Bea Cukai, Kapan Dibuka?
Mendes Kirim 200 Pemuda untuk Belajar ke Jepang, Target Bangun Desa
Resmi! Kemensos Buka 8.180 Lowongan PPPK Jadi Guru dan Tendik Sekolah Rakyat
KAI Buka Lowongan Penjaga Perlintasan, Lulusan SMA-Usia 45 Bisa Daftar
Ada 20 Ribu Lowongan Awak Kapal Perikanan, Cek Cara Daftarnya
Cek! Lowongan Kerja Jadi Manajer Kopdes Berstatus Pegawai BUMN
BPJS Ketenagakerjaan Buka Loker Besar, Banyak Posisi & Tanpa Biaya!
BRI Buka 5 Posisi Kerja BRILiaN Future Leader Program
Mau Kerja di Bank? BRI Buka Lowongan Kerja Sampai 1 Februari 2026 Nih
Indeks Berita
Hide Ads",finance
158,"BNI Biayai Kopdes Merah Putih, Dinilai Minim Risiko Kredit Macet
52 menit yang lalu
            MARKET DATA
        Rabu, 09 Sep 2026 16:00 WIB
Data is a realtime snapshot,
delayed at least 10 minutes
				 1 jam yang lalu             
                    
				 5 jam yang lalu             
                    
				Wawancara Eksklusif bersama Narasumber Inspiratif di Bidang Usaha.
            
            
        
				 Selasa, 08 Sep 2026 20:05 WIB             
                    
				 Selasa, 08 Sep 2026 19:32 WIB             
                    
				 Selasa, 08 Sep 2026 19:08 WIB             
                    
				 Selasa, 08 Sep 2026 15:43 WIB             
                    
				 Selasa, 08 Sep 2026 07:25 WIB             
                    
				 Senin, 07 Sep 2026 22:31 WIB             
                    
				 Senin, 07 Sep 2026 22:13 WIB             
                    
				 Senin, 07 Sep 2026 21:37 WIB             
                    
				 Senin, 07 Sep 2026 19:30 WIB             
                    
				 Senin, 07 Sep 2026 19:00 WIB             
                    
				 Senin, 07 Sep 2026 17:03 WIB             
                    
				Ragam ulasan dan inspirasi usaha mikro untuk Anda bersama detikFinance
			
			Selengkapnya
				
			
		
Sabtu, 05 Sep 2026 08:54 WIB
				
Senin, 31 Agu 2026 16:18 WIB
				
Jumat, 28 Agu 2026 12:57 WIB
				
				 Senin, 07 Sep 2026 15:44 WIB             
                    
				 Senin, 07 Sep 2026 15:34 WIB             
                    
				 Senin, 07 Sep 2026 15:22 WIB             
                    
				 Senin, 07 Sep 2026 15:05 WIB             
                    
				 Senin, 07 Sep 2026 13:50 WIB             
                    
				 Senin, 07 Sep 2026 06:31 WIB             
                    
				 Minggu, 06 Sep 2026 22:00 WIB             
                    
				 Minggu, 06 Sep 2026 20:00 WIB             
                    
				 Minggu, 06 Sep 2026 19:46 WIB             
                    
				 Minggu, 06 Sep 2026 13:15 WIB             
                    
				 Minggu, 06 Sep 2026 11:30 WIB             
                    
				 Minggu, 06 Sep 2026 11:02 WIB             
                    
				 Minggu, 06 Sep 2026 10:35 WIB             
                    
				 Minggu, 06 Sep 2026 06:30 WIB             
                    
				 Sabtu, 05 Sep 2026 18:15 WIB             
                    
				 Sabtu, 05 Sep 2026 17:45 WIB             
                    
				 Sabtu, 05 Sep 2026 11:11 WIB             
                    
				 Sabtu, 05 Sep 2026 08:56 WIB             
                    
				 Jumat, 04 Sep 2026 23:08 WIB             
                    
				 Jumat, 04 Sep 2026 20:12 WIB             
                    
				 Jumat, 04 Sep 2026 18:34 WIB             
                    
				 Jumat, 04 Sep 2026 13:42 WIB             
                    
				 Jumat, 04 Sep 2026 08:15 WIB             
                    
				 Kamis, 03 Sep 2026 15:33 WIB             
                    
				 Kamis, 03 Sep 2026 14:02 WIB             
                    
				 Kamis, 03 Sep 2026 12:45 WIB             
                    
				 Kamis, 03 Sep 2026 11:44 WIB             
                    
				 Kamis, 03 Sep 2026 11:07 WIB             
                    
				 Kamis, 03 Sep 2026 08:30 WIB             
                    
				 Kamis, 03 Sep 2026 06:26 WIB             
                    
				 Rabu, 02 Sep 2026 19:30 WIB             
                    
				 Rabu, 02 Sep 2026 19:00 WIB             
                    
					Kalkulator 
KREDIT USAHA
			
KREDIT USAHA
					Simulasikan kebutuhan modal bisnis impian Anda dengan kalkulator kredit usaha detikFinance
				
				
					Info Lanjut 
				
			
                    Kamus
                
                
                    Finance
                
            
                Temukan informasi seputar keuangan disini.
            
            
        
Komentar Terbanyak
Purbaya Siapkan Rp 40 T Bayar Utang Kopdes ke Bank BUMN, Jamin Tak Macet
Angka Kemiskinan Berbeda dengan Versi Bank Dunia, BPS Buka Suara
Pertamina Batalkan Rencana Beli BBM Subsidi Tunjukkan STNK",finance
159,"Kopdes Merah Putih Bakal Gandeng PNM dan PT Pos
8 menit yang lalu
        26 menit yang lalu
        41 menit yang lalu
        52 menit yang lalu
        56 menit yang lalu
        1 jam yang lalu
        2 jam yang lalu
        4 jam yang lalu",finance
160,"IFMAC WOODMAC 2026: Hadirkan Teknologi Terkini Industri Furnitur dan Kayu Story by IFMAC WOODMAC 2026
Hadir di Electric & Power Indonesia 2026, TRAKNUS Dukung Kebutuhan Daya Industri Story by PT Traktor Nusantara
20 Tahun Bangun Pendidikan Entrepreneurship, Universitas Ciputra Hadir di Jakarta Story by Universitas Ciputra
Ekspor Furnitur RI Naik Kelas, Teknologi Jadi Kunci UMKM Bersaing Global Sabtu, 05 Sep 2026 17:05 WIB",finance
161,"Iklan digital banner yang tayang di website detikcom. Harga mulai dari 50ribu.
Iklan dalam bentuk artikel berita 
yang tayang pada website For Your Business by detikcom.
Mengapa Beriklan di detikcom ?
Pengunjung Perbulan
Pemasang Iklan Aktif
Iklan Sukses
Garansi Iklan Tayang
Beriklan di Adsmart detikcom Lebih Smart
SMART Targeting
Tentukan target pelanggan, waktu tayang, dan lokasi secara tepat. Semakin spesifik iklanmu, semakin besar peluang bagi bisnismu.
SMART Budgeting
Pasang iklan online di detikcom dapat disesuaikan dengan jumlah budget yang kamu inginkan. Mulai dari Rp50.000.
SMART Payment
Pembayaran di Adsmart lebih fleksibel. Bayar praktis dengan saldo atau metode pembayaran lainnya.
SMART Goal
Kamu dapat menentukan tujuanmu dalam beriklan. Promosikan Produk atau Web? Pilihan ada di tanganmu!
Hubungi Kami
Jika butuh bantuan, kami selalu siap untuk membantu Anda. Hubungi kami melalui email: salesadsmart@detik.com, 
Whatsapp: 087874894730 pada pukul 09.00 - 18.00 WIB (Senin - Jumat).",finance
162,"Amerta Land                
            
                
                KABUPATEN KARAWANG
            
                            WE'RE HIRING! ð
Amerta Land mencari Content Creator & Ads Specialist yang jago bikin konten properti jadi viral dan bisa mendatangkan banyak calon pembeli! Kamu bakal jadi ujung tombak digital marketing untuk 2 proyek perumahan keren kami di Karawang.
Siapa yang kami cari?
- 
Kamu yang hobinya ngonten (foto & video) seputar rumah. ð¸ð¥
- 
Jago ngulik Meta Ads (IG & FB Ads) dan TikTok Ads sampai closing! ð°
- 
Bisa bikin laporan & kalender konten pakai Excel/Google Sheets. ð
- 
Up to date & punya segudang ide kreatif untuk promosi properti.â¨
- 
Punya portofolio keren yang bisa dipamerin.
- Mahir menggunakan aplikasi editing video (seperti CapCut / Vllo / VN, atau sejenisnya).
- Kreatif, proaktif, dan mampu bekerja secara mandiri maupun dalam tim.
- 
Siap untuk WFO di Karawang!
Kerjaan kamu ngapain aja?
- 
Bikin konten harian (Reels, TikTok, Stories).
- 
Jalanin & optimasi iklan biar leads banjir.
- 
Update progres & show unit perumahan.
Merasa ini kamu banget? Langsung kirim CV & Portofolio kamu ke: ð§ amertapropertimarketing@gmail.com ð Subjek: Content Creator_[Nama Kamu]
Join our team and let's build dreams together!
                    PT. NEWTON CIPTA INFORMATIKA                
            
                
                KOTA JAKARTA SELATAN
            
                            Kami membuka kesempatan bagi Anda yang memiliki kemampuan menulis dan memahami bidang teknologi informasi untuk bergabung sebagai Technical Writer (Project Based).
Kualifikasi:
- 
Pendidikan minimal SMK (lebih disukai dari jurusan Teknologi Informasi, Komunikasi, atau sejenis)
- 
Mampu menyusun dokumentasi teknis seperti pedoman, manual, laporan, dan materi presentasi
- 
Pengalaman di bidang dokumentasi proyek IT menjadi nilai tambah
- Memiliki kemampuan komunikasi dan sikap yang baik
Ruang lingkup pekerjaan:
- 
Menyusun dan mengedit dokumen teknis proyek (arsitektur, panduan, laporan, dsb.)
- 
Berkoordinasi dengan tim proyek untuk memastikan keakuratan dan konsistensi isi dokumen
- 
Menjaga gaya penulisan dan format sesuai standar organisasi
Durasi Proyek: 3 bulan dan memungkinkan diperpanjang. 
Lokasi Kerja: WFO - Tebet
Jika Anda tertarik, silakan kirim CV dan contoh hasil tulisan ke:
ð§ info@newtonindonesia.co.id
dengan subjek: Lamaran – Technical Writer Project Based.
Mohon disampaikan juga ekspektasi gaji yang diharapkan.
- Program ini terbuka untuk seluruh warga Indonesia.
- Informasi tidak boleh mengandung unsur SARA, pornografi, kekerasan, atau hal-hal lain yang melanggar hukum dan norma yang berlaku.
- Dengan mengirimkan konten, Anda memberikan detikcom lisensi non-eksklusif, bebas royalti, dan dapat dialihkan untuk menggunakan, mereproduksi, memodifikasi, dan menampilkan konten tersebut untuk keperluan program.
- Informasi pribadi yang Anda berikan akan dijaga kerahasiaannya sesuai dengan Kebijakan Privasi detikcom.
- detikcom berhak untuk menolak atau menghapus konten yang dianggap melanggar Syarat dan Ketentuan ini tanpa pemberitahuan sebelumnya
- detikcom tidak bertanggungjawab atas kelalaian serta pelanggaran yang terjadi antara pemberi kerja dan pencari kerja.",finance
163,"Ekonomi Hijau
        Kumpulan berita seputar kegiatan ekonomi yang bertujuan untuk meningkatkan kesejahteraan manusia dan kesetaraan sosial, sekaligus mengurangi risiko kerusakan lingkungan secara signifikan.
        
    Anugerah Ekonomi Hijau
        
        LRT Jabodebek Dorong Transportasi Ramah Lingkungan, Kenalkan Energi Hijau
        
            LRT Jabodebek mendorong adopsi transportasi publik yang ramah lingkungan.        
    
    
        
        Cara Triputra Agro Persada Selaraskan Ekonomi dan Lingkungan
    
        
            
            
    
        Daftar Peraih Anugerah Ekonomi Hijau Kategori Komitmen Penggerak Ekonomi Hijau
    
        
            
            
    
        Daftar Peraih Anugerah Ekonomi Hijau Kategori Komitmen Kontribusi Ekonomi Kemasyarakatan
    
        
            
            
    
        Daftar Lengkap Penerima Anugrah Ekonomi Hijau 2026
    
        
            
            
            
            
            
            
            
            
            
            
            
            
    
        Jerhemy Owen Gerakkan Anak Muda Peduli Lingkungan, Tanam Pohon hingga Kelola Sampah
    
        
            
            
    
        Dirut Jasa Raharja Raih Anugerah Ekonomi Hijau 2026
    
        
            
            
    
        Daftar Peraih Anugerah Ekonomi Hijau Kategori Komitmen Tanggung Jawab Sosial
    
        
            
            
    
        Serap 70% Tenaga Kerja Lokal, Nusantara Halmahera Minerals Dorong Pembangunan Desa
    
        
            
            
            
            
            
            
            
            
    
        BNI Tanam 258 Ribu Mangrove, Dorong Ekonomi Pesisir Lewat Kepiting Soka-Ekowisata
    
        
            
            
    
        Mitigasi Risiko Lingkungan, Triputra Agro Persada Raih Anugerah Ekonomi Hijau
    
        
            
            
    
        BRI, Dana, hingga bank bjb Sabet Penghargaan Anugerah Ekonomi Hijau
    
        
            
            
    
        Daftar Perusahaan Pendukung Ekosistem Berkelanjutan Raih Anugerah Ekonomi Hijau",finance
164,"Info Daftar Harga Pangan Hari Ini - detikFinance
MENU
detikcom
Terpopuler
Live TV
Kirim Tulisan
Kategori Berita
detikNews
detikFinance
detikInet
detikHot
detikSport
Sepakbola
detikOto
detikTravel
detikFood
detikHealth
Wolipop
DetikX
20Detik
detikFoto
detikEdu
detikHikmah
detikProperti
detikPop
Daerah
detikJateng
detikJatim
detikJabar
detikSulsel
detikSumut
detikBali
detikSumbagsel
detikJogja
detikKalimantan
Layanan
For Your Business
Pasang Mata
adsmart
detikEvent
Trans Snow World
Trans Studio
Flying Over Indonesia
berbuatbaik.id
ziswafctarsa.id
Signature Awards
Bingkai.id
Trans Hotel Group
Community Connect
NEW
Rekomendit
NEW
Top Up & Tagihan
Game
Paket Data
Pulsa Prabayar
Token PLN
E-wallet
BPJS Kesehatan
PLN Pascabayar
PDAM
TV & Internet
Streaming
Detik Network
Hai Bunda
CNN Indonesia
CNBC Indonesia
Beautynesia
Female Daily
CXO Media
Cancel
Yang sedang ramai dicari
Loading...
Promoted
Terakhir yang dicari
Loading...
Home
Ekonomi Bisnis
Finansial
Infrastruktur
Energi
Industri
Kripto
Perencanaan Keuangan
Loker
Moneter
Indeks
For Your Business
Adsmart
Cari(in) Kerja
Ekonomi Hijau
Info Pangan
UKM & Waralaba
Bursa Valas
Market Research
Infografis
Info Pangan
Last Update:
Sumber:
Sedang mengambil data...
Hide Ads",finance
165,"Modal Rp 25 Ribu, Usaha Peyek Mpok Esty Makin Maju Berkat Rumah BUMN BRI Jumat, 26 Jun 2026 23:00 WIB
Dari Modal Rp 5 Juta, Kebab Endul Kuasai Jaringan Reseller hingga Horeca Senin, 22 Jun 2026 17:05 WIB
Jatuh Bangun DoAr Dimsum: Sempat Tutup Dua Kios, Kini Jadi Langganan DPR Minggu, 21 Jun 2026 19:30 WIB
Cangcomak Tumbuh Bersama BRI: Dari Camilan Lebaran Jadi Bisnis Menjanjikan Senin, 08 Jun 2026 14:30 WIB
Kisah Sutama Jatuh Bangun Bisnis Bengkel, Buka Cabang Usai Jadi Binaan Astra Kamis, 04 Jun 2026 22:47 WIB
Berawal dari Hobi, Usaha Tas Tenun Batik Indari Jadi Langganan Suvenir BUMN Sabtu, 30 Mei 2026 21:34 WIB
Kisah Pedagang Batagor Naik Haji, Kini Usahanya Punya 10 Cabang-12 Karyawan Jumat, 29 Mei 2026 11:45 WIB
Awalnya Usaha Sampingan, Eks Buruh Pabrik Sukses Jual Jajanan Khas Betawi Minggu, 17 Mei 2026 11:16 WIB
Perjuangan Haidir 13 Tahun Jualan Sate dari Trotoar, Kini Pindah ke Ruko Jumat, 15 Mei 2026 11:00 WIB
Penting! Ini 6 Hal yang Perlu Diperhatikan Sebelum Buka Bisnis Kos-kosan Minggu, 20 Apr 2025 10:02 WIB
7 Tips Kelola Dana Bantuan KIP Kuliah untuk Bangun Bisnis Ala Faron, Ingin Coba? Senin, 30 Des 2024 08:30 WIB",finance
166,"Adhi Karya Buka Suara Usai Diminta Tutup Semua Anak Usaha
2 jam yang lalu
            MARKET DATA
        Rabu, 09 Sep 2026 16:00 WIB
Data is a realtime snapshot,
delayed at least 10 minutes
				 4 jam yang lalu             
                    
				 6 jam yang lalu             
                    
				 8 jam yang lalu             
                    
				 11 jam yang lalu             
                    
				Wawancara Eksklusif bersama Narasumber Inspiratif di Bidang Usaha.
            
            
        
				 Selasa, 08 Sep 2026 16:54 WIB             
                    
				 Selasa, 08 Sep 2026 15:35 WIB             
                    
				 Selasa, 08 Sep 2026 13:14 WIB             
                    
				 Selasa, 08 Sep 2026 11:58 WIB             
                    
				 Selasa, 08 Sep 2026 09:18 WIB             
                    
				 Selasa, 08 Sep 2026 09:15 WIB             
                    
				 Selasa, 08 Sep 2026 08:32 WIB             
                    
				 Selasa, 08 Sep 2026 08:19 WIB             
                    
				 Senin, 07 Sep 2026 16:44 WIB             
                    
				 Senin, 07 Sep 2026 14:08 WIB             
                    
				Ragam ulasan dan inspirasi usaha mikro untuk Anda bersama detikFinance
			
			Selengkapnya
				
			
		
Sabtu, 05 Sep 2026 08:54 WIB
				
Senin, 31 Agu 2026 16:18 WIB
				
Jumat, 28 Agu 2026 12:57 WIB
				
				 Senin, 07 Sep 2026 09:46 WIB             
                    
				 Senin, 07 Sep 2026 09:18 WIB             
                    
				 Senin, 07 Sep 2026 08:31 WIB             
                    
				 Minggu, 06 Sep 2026 18:00 WIB             
                    
				 Jumat, 04 Sep 2026 17:53 WIB             
                    
				 Jumat, 04 Sep 2026 17:16 WIB             
                    
				 Jumat, 04 Sep 2026 16:53 WIB             
                    
				 Jumat, 04 Sep 2026 15:28 WIB             
                    
				 Jumat, 04 Sep 2026 11:44 WIB             
                    
				 Jumat, 04 Sep 2026 11:41 WIB             
                    
				 Jumat, 04 Sep 2026 09:32 WIB             
                    
				 Jumat, 04 Sep 2026 09:14 WIB             
                    
				 Jumat, 04 Sep 2026 09:04 WIB             
                    
				 Jumat, 04 Sep 2026 06:25 WIB             
                    
				 Kamis, 03 Sep 2026 16:24 WIB             
                    
				 Kamis, 03 Sep 2026 13:57 WIB             
                    
				 Kamis, 03 Sep 2026 13:52 WIB             
                    
				 Kamis, 03 Sep 2026 13:33 WIB             
                    
				 Kamis, 03 Sep 2026 12:10 WIB             
                    
				 Kamis, 03 Sep 2026 09:29 WIB             
                    
				 Kamis, 03 Sep 2026 09:25 WIB             
                    
				 Kamis, 03 Sep 2026 09:23 WIB             
                    
				 Kamis, 03 Sep 2026 06:55 WIB             
                    
				 Rabu, 02 Sep 2026 18:16 WIB             
                    
				 Rabu, 02 Sep 2026 16:57 WIB             
                    
				 Rabu, 02 Sep 2026 11:46 WIB             
                    
				 Rabu, 02 Sep 2026 10:37 WIB             
                    
				 Rabu, 02 Sep 2026 09:28 WIB             
                    
				 Rabu, 02 Sep 2026 09:21 WIB             
                    
				 Rabu, 02 Sep 2026 08:49 WIB             
                    
				 Selasa, 01 Sep 2026 22:35 WIB             
                    
				 Selasa, 01 Sep 2026 16:25 WIB             
                    
					Kalkulator 
KREDIT USAHA
			
KREDIT USAHA
					Simulasikan kebutuhan modal bisnis impian Anda dengan kalkulator kredit usaha detikFinance
				
				
					Info Lanjut 
				
			
 Kamus
 
 
 Finance
 
 
 Temukan informasi seputar keuangan disini.
 
 
 
Komentar Terbanyak
Purbaya Siapkan Rp 40 T Bayar Utang Kopdes ke Bank BUMN, Jamin Tak Macet
Angka Kemiskinan Berbeda dengan Versi Bank Dunia, BPS Buka Suara
Pertamina Batalkan Rencana Beli BBM Subsidi Tunjukkan STNK",finance
167,"Emiten Hotel Ini Caplok Perusahaan Tambang Nikel untuk Dongkrak Kinerja
				 Sabtu, 27 Jun 2026 14:14 WIB             
                    MARKET DATA
        Rabu, 09 Sep 2026 16:00 WIB
Data is a realtime snapshot,
delayed at least 10 minutes
				 Jumat, 26 Jun 2026 10:00 WIB             
                    
				 Rabu, 22 Okt 2025 08:24 WIB             
                    
				 Selasa, 21 Okt 2025 08:40 WIB             
                    
				 Senin, 20 Okt 2025 08:40 WIB             
                    
				 Jumat, 17 Okt 2025 08:38 WIB             
                    
				 Kamis, 16 Okt 2025 08:32 WIB             
                    
				Wawancara Eksklusif bersama Narasumber Inspiratif di Bidang Usaha.
            
            
        
				 Rabu, 15 Okt 2025 08:26 WIB             
                    
				 Selasa, 14 Okt 2025 08:30 WIB             
                    
				 Senin, 13 Okt 2025 08:47 WIB             
                    
				 Jumat, 10 Okt 2025 08:47 WIB             
                    
				 Kamis, 09 Okt 2025 09:04 WIB             
                    
				 Senin, 01 Sep 2025 08:30 WIB             
                    
				 Kamis, 10 Apr 2025 08:48 WIB             
                    
				 Senin, 10 Mar 2025 08:45 WIB             
                    
				 Senin, 10 Feb 2025 08:47 WIB             
                    
				 Jumat, 07 Feb 2025 08:56 WIB             
                    
				 Kamis, 06 Feb 2025 08:56 WIB             
                    
 Ragam ulasan dan inspirasi usaha mikro untuk Anda bersama detikFinance
 
 Selengkapnya
 
 
 Sabtu, 05 Sep 2026 08:54 WIB
 Senin, 31 Agu 2026 16:18 WIB
 Jumat, 28 Agu 2026 12:57 WIB
 
				 Senin, 16 Des 2024 08:48 WIB             
                    
				 Kamis, 28 Nov 2024 08:51 WIB             
                    
				 Kamis, 07 Nov 2024 09:03 WIB             
                    
				 Selasa, 15 Okt 2024 08:35 WIB             
                    
				 Senin, 14 Okt 2024 08:35 WIB             
                    
				 Jumat, 11 Okt 2024 09:00 WIB             
                    
				 Kamis, 10 Okt 2024 08:50 WIB             
                    
				 Rabu, 09 Okt 2024 09:04 WIB             
                    
				 Senin, 07 Okt 2024 08:38 WIB             
                    
				 Jumat, 04 Okt 2024 08:45 WIB             
                    
				 Rabu, 18 Sep 2024 08:40 WIB             
                    
				 Selasa, 17 Sep 2024 09:00 WIB             
                    
				 Kamis, 12 Sep 2024 08:49 WIB             
                    
				 Rabu, 11 Sep 2024 09:04 WIB             
                    
				 Selasa, 10 Sep 2024 08:55 WIB             
                    
				 Senin, 09 Sep 2024 09:04 WIB             
                    
				 Jumat, 23 Agu 2024 08:52 WIB             
                    
				 Kamis, 22 Agu 2024 09:00 WIB             
                    
				 Selasa, 23 Jul 2024 08:38 WIB             
                    
				 Senin, 22 Jul 2024 08:49 WIB             
                    
				 Jumat, 05 Jul 2024 08:51 WIB             
                    
            		Silakan Klik tombol dibawah ini untuk mengirimkan ke market research dari sekuritas Anda ataupun hasil riset Anda
            		
            	
            
					Kalkulator 
KREDIT USAHA
			
KREDIT USAHA
					Simulasikan kebutuhan modal bisnis impian Anda dengan kalkulator kredit usaha detikFinance
				
				
					Info Lanjut 
				
			
 Kamus
 
 
 Finance
 
 
 Temukan informasi seputar keuangan disini.
 
 
 
Komentar Terbanyak
Purbaya Siapkan Rp 40 T Bayar Utang Kopdes ke Bank BUMN, Jamin Tak Macet
Angka Kemiskinan Berbeda dengan Versi Bank Dunia, BPS Buka Suara
Pertamina Batalkan Rencana Beli BBM Subsidi Tunjukkan STNK",finance
168,"Selasa, 26 Mei  2026 16:02 WIB            
        
                Rabu, 20 Mei  2026 17:02 WIB            
        
                Jumat, 27 Feb 2026 09:00 WIB            
        
                Senin, 10 Nov 2025 21:50 WIB            
        
                Senin, 29 Sep 2025 17:05 WIB            
        
                Selasa, 15 Jul 2025 15:22 WIB            
        
                Jumat, 11 Jul 2025 22:41 WIB            
        
                Selasa, 08 Jul 2025 21:57 WIB            
        
                Selasa, 10 Jun 2025 23:22 WIB            
        
                Senin, 02 Jun 2025 22:27 WIB            
        
                Kamis, 29 Mei  2025 07:57 WIB            
        
                Rabu, 28 Mei  2025 22:42 WIB            
        
                Rabu, 28 Mei  2025 07:28 WIB            
        
                Selasa, 29 Apr 2025 23:20 WIB            
        
                Senin, 21 Apr 2025 11:56 WIB            
        
                Selasa, 08 Apr 2025 22:58 WIB            
        
                Rabu, 19 Mar 2025 02:58 WIB            
        
                Jumat, 14 Mar 2025 22:55 WIB            
        
                Kamis, 13 Mar 2025 03:30 WIB            
        
                Selasa, 11 Mar 2025 04:58 WIB            
        
                Selasa, 04 Mar 2025 23:07 WIB            
        
                Senin, 24 Feb 2025 23:19 WIB            
        
                Rabu, 29 Jan 2025 16:18 WIB            
        
                Selasa, 21 Jan 2025 23:20 WIB            
        
                Jumat, 03 Jan 2025 22:44 WIB            
        
                Kamis, 02 Jan 2025 22:55 WIB            
        
                Kamis, 19 Des 2024 22:28 WIB            
        
                Senin, 16 Des 2024 23:02 WIB            
        
                Rabu, 27 Nov 2024 22:49 WIB            
        
                Selasa, 19 Nov 2024 22:55 WIB            
        
Komentar Terbanyak
Purbaya Siapkan Rp 40 T Bayar Utang Kopdes ke Bank BUMN, Jamin Tak Macet
Angka Kemiskinan Berbeda dengan Versi Bank Dunia, BPS Buka Suara
Pertamina Batalkan Rencana Beli BBM Subsidi Tunjukkan STNK",finance
169,"MARKET DATA
        Rabu, 09 Sep 2026 16:00 WIB
Data is a realtime snapshot,
delayed at least 10 minutes
Rabu, 09 Sep 2026 20:33 WIB
            
				 14 menit yang lalu             
                    
				 29 menit yang lalu             
                    
				 39 menit yang lalu             
                    
				 44 menit yang lalu             
                    
				 59 menit yang lalu             
                    
 Temukan dan pasang lowongan kerja tepercaya gratis berbagai bidang dan jasa.
 
 Pasang Loker 
 
				 1 jam yang lalu             
                    
				Wawancara Eksklusif bersama Narasumber Inspiratif di Bidang Usaha.
            
            
        
				 2 jam yang lalu             
                    
				 4 jam yang lalu             
                    
				 5 jam yang lalu             
                    
				 6 jam yang lalu             
                    
				 7 jam yang lalu             
                    
					Kalkulator 
KREDIT USAHA
			
KREDIT USAHA
					Simulasikan kebutuhan modal bisnis impian Anda dengan kalkulator kredit usaha detikFinance
				
				
					Info Lanjut 
				
			
 Kamus
 
 
 Finance
 
 
 Temukan informasi seputar keuangan disini.
 
 
 
Komentar Terbanyak
Purbaya Siapkan Rp 40 T Bayar Utang Kopdes ke Bank BUMN, Jamin Tak Macet
Angka Kemiskinan Berbeda dengan Versi Bank Dunia, BPS Buka Suara
Pertamina Batalkan Rencana Beli BBM Subsidi Tunjukkan STNK",finance
170,"Market Watch
MENU
detikcom
Terpopuler
Live TV
Kirim Tulisan
Kategori Berita
detikNews
detikFinance
detikInet
detikHot
detikSport
Sepakbola
detikOto
detikTravel
detikFood
detikHealth
Wolipop
DetikX
20Detik
detikFoto
detikEdu
detikHikmah
detikProperti
detikPop
Daerah
detikJateng
detikJatim
detikJabar
detikSulsel
detikSumut
detikBali
detikSumbagsel
detikJogja
detikKalimantan
Layanan
For Your Business
Pasang Mata
adsmart
detikEvent
Trans Snow World
Trans Studio
Flying Over Indonesia
berbuatbaik.id
ziswafctarsa.id
Signature Awards
Bingkai.id
Trans Hotel Group
Community Connect
NEW
Rekomendit
NEW
Top Up & Tagihan
Game
Paket Data
Pulsa Prabayar
Token PLN
E-wallet
BPJS Kesehatan
PLN Pascabayar
PDAM
TV & Internet
Streaming
Detik Network
Hai Bunda
CNN Indonesia
CNBC Indonesia
Beautynesia
Female Daily
CXO Media
Cancel
Yang sedang ramai dicari
Loading...
Promoted
Terakhir yang dicari
Loading...
Home
Ekonomi Bisnis
Finansial
Infrastruktur
Energi
Industri
Kripto
Perencanaan Keuangan
Loker
Moneter
Indeks
For Your Business
Adsmart
Cari(in) Kerja
Ekonomi Hijau
Info Pangan
UKM & Waralaba
Bursa Valas
Market Research
Infografis
Sumber:
MARKET DATA
Last updated :
Rabu, 09 Sep 2026 16:00 WIB
Data is a realtime snapshot,
delayed at least 10 minutes
Selengkapnya
MAJOR INDEXES
|
INDO-FX
|
USD-FX
|
COMMODITIES
LQ45
664.25
-1.33
-0.20%
IHSG
6,678.20
-8.24
-0.12%
JII
405.57
0.06
0.01%
HSI
25,274.96
-42.22
-0.17%
N225
65,142.78
-126.55
-0.19%
USD/IDR
17,984.00
29.00
0.16%
SGD/IDR
13,909.82
23.51
0.17%
JPY/IDR
110.74
0.03
0.03%
EUR/IDR
20,522.65
42.44
0.21%
GBP/IDR
24,010.44
29.74
0.12%
EUR/USD
1.14
0.00
0.04%
GBP/USD
1.34
0.00
0.00%
USD/CNY
7.19
-0.00
-0.02%
USD/SGD
1.29
0.00
0.05%
USD/JPY
162.39
0.27
0.17%
Emas
2,385,283.25
10,651.05
0.45%
Silver
60.01
0.01
0.02%
Crude Oil
72.19
1.74
2.47%
Sawit
4,570.00
0.00
0.00%
Nickel
16,285.00
0.00
0.00%
detikFinance
Market Watch
LQ45
Sumber:
LQ45
664.25
Last updated :
Rabu, 09 Sep 2026 16:33 WIB
Data is a realtime snapshot,
delayed at least 10 minutes
High
665.56
Open
664.25
Last
664.25
Low
659.80
Watchlist Market
DJIA
52,786.07
-628.18
-1.18%
HSI
25,274.96
-42.22
-0.17%
KOSPI
7,051.64
97.12
1.40%
N225
65,142.78
-126.55
-0.19%
SHCI
3,951.51
10.96
0.28%
STI
5,729.63
-37.82
-0.66%
IHSG
6,678.20
-8.24
-0.12%
IDX30
369.43
-2.14
-0.58%
JII
405.57
0.06
0.01%
LQ45
664.25
-1.33
-0.20%
Hide Ads",finance
171,"Market Watch
MENU
detikcom
Terpopuler
Live TV
Kirim Tulisan
Kategori Berita
detikNews
detikFinance
detikInet
detikHot
detikSport
Sepakbola
detikOto
detikTravel
detikFood
detikHealth
Wolipop
DetikX
20Detik
detikFoto
detikEdu
detikHikmah
detikProperti
detikPop
Daerah
detikJateng
detikJatim
detikJabar
detikSulsel
detikSumut
detikBali
detikSumbagsel
detikJogja
detikKalimantan
Layanan
For Your Business
Pasang Mata
adsmart
detikEvent
Trans Snow World
Trans Studio
Flying Over Indonesia
berbuatbaik.id
ziswafctarsa.id
Signature Awards
Bingkai.id
Trans Hotel Group
Community Connect
NEW
Rekomendit
NEW
Top Up & Tagihan
Game
Paket Data
Pulsa Prabayar
Token PLN
E-wallet
BPJS Kesehatan
PLN Pascabayar
PDAM
TV & Internet
Streaming
Detik Network
Hai Bunda
CNN Indonesia
CNBC Indonesia
Beautynesia
Female Daily
CXO Media
Cancel
Yang sedang ramai dicari
Loading...
Promoted
Terakhir yang dicari
Loading...
Home
Ekonomi Bisnis
Finansial
Infrastruktur
Energi
Industri
Kripto
Perencanaan Keuangan
Loker
Moneter
Indeks
For Your Business
Adsmart
Cari(in) Kerja
Ekonomi Hijau
Info Pangan
UKM & Waralaba
Bursa Valas
Market Research
Infografis
Sumber:
MARKET DATA
Last updated :
Rabu, 09 Sep 2026 16:00 WIB
Data is a realtime snapshot,
delayed at least 10 minutes
Selengkapnya
MAJOR INDEXES
|
INDO-FX
|
USD-FX
|
COMMODITIES
LQ45
664.25
-1.33
-0.20%
IHSG
6,678.20
-8.24
-0.12%
JII
405.57
0.06
0.01%
HSI
25,274.96
-42.22
-0.17%
N225
65,142.78
-126.55
-0.19%
USD/IDR
17,984.00
29.00
0.16%
SGD/IDR
13,909.82
23.51
0.17%
JPY/IDR
110.74
0.03
0.03%
EUR/IDR
20,522.65
42.44
0.21%
GBP/IDR
24,010.44
29.74
0.12%
EUR/USD
1.14
0.00
0.04%
GBP/USD
1.34
0.00
0.00%
USD/CNY
7.19
-0.00
-0.02%
USD/SGD
1.29
0.00
0.05%
USD/JPY
162.39
0.27
0.17%
Emas
2,385,283.25
10,651.05
0.45%
Silver
60.01
0.01
0.02%
Crude Oil
72.19
1.74
2.47%
Sawit
4,570.00
0.00
0.00%
Nickel
16,285.00
0.00
0.00%
detikFinance
Market Watch
LQ45
Sumber:
LQ45
664.25
Last updated :
Rabu, 09 Sep 2026 16:33 WIB
Data is a realtime snapshot,
delayed at least 10 minutes
High
665.56
Open
664.25
Last
664.25
Low
659.80
Watchlist Market
DJIA
52,786.07
-628.18
-1.18%
HSI
25,274.96
-42.22
-0.17%
KOSPI
7,051.64
97.12
1.40%
N225
65,142.78
-126.55
-0.19%
SHCI
3,951.51
10.96
0.28%
STI
5,729.63
-37.82
-0.66%
IHSG
6,678.20
-8.24
-0.12%
IDX30
369.43
-2.14
-0.58%
JII
405.57
0.06
0.01%
LQ45
664.25
-1.33
-0.20%
Hide Ads",finance
172,"Market Watch
MENU
detikcom
Terpopuler
Live TV
Kirim Tulisan
Kategori Berita
detikNews
detikFinance
detikInet
detikHot
detikSport
Sepakbola
detikOto
detikTravel
detikFood
detikHealth
Wolipop
DetikX
20Detik
detikFoto
detikEdu
detikHikmah
detikProperti
detikPop
Daerah
detikJateng
detikJatim
detikJabar
detikSulsel
detikSumut
detikBali
detikSumbagsel
detikJogja
detikKalimantan
Layanan
For Your Business
Pasang Mata
adsmart
detikEvent
Trans Snow World
Trans Studio
Flying Over Indonesia
berbuatbaik.id
ziswafctarsa.id
Signature Awards
Bingkai.id
Trans Hotel Group
Community Connect
NEW
Rekomendit
NEW
Top Up & Tagihan
Game
Paket Data
Pulsa Prabayar
Token PLN
E-wallet
BPJS Kesehatan
PLN Pascabayar
PDAM
TV & Internet
Streaming
Detik Network
Hai Bunda
CNN Indonesia
CNBC Indonesia
Beautynesia
Female Daily
CXO Media
Cancel
Yang sedang ramai dicari
Loading...
Promoted
Terakhir yang dicari
Loading...
Home
Ekonomi Bisnis
Finansial
Infrastruktur
Energi
Industri
Kripto
Perencanaan Keuangan
Loker
Moneter
Indeks
For Your Business
Adsmart
Cari(in) Kerja
Ekonomi Hijau
Info Pangan
UKM & Waralaba
Bursa Valas
Market Research
Infografis
Sumber:
MARKET DATA
Last updated :
Rabu, 09 Sep 2026 16:00 WIB
Data is a realtime snapshot,
delayed at least 10 minutes
Selengkapnya
MAJOR INDEXES
|
INDO-FX
|
USD-FX
|
COMMODITIES
LQ45
664.25
-1.33
-0.20%
IHSG
6,678.20
-8.24
-0.12%
JII
405.57
0.06
0.01%
HSI
25,274.96
-42.22
-0.17%
N225
65,142.78
-126.55
-0.19%
USD/IDR
17,984.00
29.00
0.16%
SGD/IDR
13,909.82
23.51
0.17%
JPY/IDR
110.74
0.03
0.03%
EUR/IDR
20,522.65
42.44
0.21%
GBP/IDR
24,010.44
29.74
0.12%
EUR/USD
1.14
0.00
0.04%
GBP/USD
1.34
0.00
0.00%
USD/CNY
7.19
-0.00
-0.02%
USD/SGD
1.29
0.00
0.05%
USD/JPY
162.39
0.27
0.17%
Emas
2,385,283.25
10,651.05
0.45%
Silver
60.01
0.01
0.02%
Crude Oil
72.19
1.74
2.47%
Sawit
4,570.00
0.00
0.00%
Nickel
16,285.00
0.00
0.00%
detikFinance
Market Watch
COMPOSITE
Sumber:
IHSG
6,678.20
Last updated :
Rabu, 09 Sep 2026 16:33 WIB
Data is a realtime snapshot,
delayed at least 10 minutes
High
6,694.31
Open
6,678.20
Last
6,678.20
Low
6,644.45
Watchlist Market
DJIA
52,786.07
-628.18
-1.18%
HSI
25,274.96
-42.22
-0.17%
KOSPI
7,051.64
97.12
1.40%
N225
65,142.78
-126.55
-0.19%
SHCI
3,951.51
10.96
0.28%
STI
5,729.63
-37.82
-0.66%
IHSG
6,678.20
-8.24
-0.12%
IDX30
369.43
-2.14
-0.58%
JII
405.57
0.06
0.01%
LQ45
664.25
-1.33
-0.20%
Hide Ads",finance
173,"Market Watch
MENU
detikcom
Terpopuler
Live TV
Kirim Tulisan
Kategori Berita
detikNews
detikFinance
detikInet
detikHot
detikSport
Sepakbola
detikOto
detikTravel
detikFood
detikHealth
Wolipop
DetikX
20Detik
detikFoto
detikEdu
detikHikmah
detikProperti
detikPop
Daerah
detikJateng
detikJatim
detikJabar
detikSulsel
detikSumut
detikBali
detikSumbagsel
detikJogja
detikKalimantan
Layanan
For Your Business
Pasang Mata
adsmart
detikEvent
Trans Snow World
Trans Studio
Flying Over Indonesia
berbuatbaik.id
ziswafctarsa.id
Signature Awards
Bingkai.id
Trans Hotel Group
Community Connect
NEW
Rekomendit
NEW
Top Up & Tagihan
Game
Paket Data
Pulsa Prabayar
Token PLN
E-wallet
BPJS Kesehatan
PLN Pascabayar
PDAM
TV & Internet
Streaming
Detik Network
Hai Bunda
CNN Indonesia
CNBC Indonesia
Beautynesia
Female Daily
CXO Media
Cancel
Yang sedang ramai dicari
Loading...
Promoted
Terakhir yang dicari
Loading...
Home
Ekonomi Bisnis
Finansial
Infrastruktur
Energi
Industri
Kripto
Perencanaan Keuangan
Loker
Moneter
Indeks
For Your Business
Adsmart
Cari(in) Kerja
Ekonomi Hijau
Info Pangan
UKM & Waralaba
Bursa Valas
Market Research
Infografis
Sumber:
MARKET DATA
Last updated :
Rabu, 09 Sep 2026 16:00 WIB
Data is a realtime snapshot,
delayed at least 10 minutes
Selengkapnya
MAJOR INDEXES
|
INDO-FX
|
USD-FX
|
COMMODITIES
LQ45
664.25
-1.33
-0.20%
IHSG
6,678.20
-8.24
-0.12%
JII
405.57
0.06
0.01%
HSI
25,274.96
-42.22
-0.17%
N225
65,142.78
-126.55
-0.19%
USD/IDR
17,984.00
29.00
0.16%
SGD/IDR
13,909.82
23.51
0.17%
JPY/IDR
110.74
0.03
0.03%
EUR/IDR
20,522.65
42.44
0.21%
GBP/IDR
24,010.44
29.74
0.12%
EUR/USD
1.14
0.00
0.04%
GBP/USD
1.34
0.00
0.00%
USD/CNY
7.19
-0.00
-0.02%
USD/SGD
1.29
0.00
0.05%
USD/JPY
162.39
0.27
0.17%
Emas
2,385,283.25
10,651.05
0.45%
Silver
60.01
0.01
0.02%
Crude Oil
72.19
1.74
2.47%
Sawit
4,570.00
0.00
0.00%
Nickel
16,285.00
0.00
0.00%
detikFinance
Market Watch
JII
Sumber:
JII
405.57
Last updated :
Rabu, 09 Sep 2026 16:33 WIB
Data is a realtime snapshot,
delayed at least 10 minutes
High
406.64
Open
405.57
Last
405.57
Low
402.47
Watchlist Market
DJIA
52,786.07
-628.18
-1.18%
HSI
25,274.96
-42.22
-0.17%
KOSPI
7,051.64
97.12
1.40%
N225
65,142.78
-126.55
-0.19%
SHCI
3,951.51
10.96
0.28%
STI
5,729.63
-37.82
-0.66%
IHSG
6,678.20
-8.24
-0.12%
IDX30
369.43
-2.14
-0.58%
JII
405.57
0.06
0.01%
LQ45
664.25
-1.33
-0.20%
Hide Ads",finance
174,"Market Watch
MENU
detikcom
Terpopuler
Live TV
Kirim Tulisan
Kategori Berita
detikNews
detikFinance
detikInet
detikHot
detikSport
Sepakbola
detikOto
detikTravel
detikFood
detikHealth
Wolipop
DetikX
20Detik
detikFoto
detikEdu
detikHikmah
detikProperti
detikPop
Daerah
detikJateng
detikJatim
detikJabar
detikSulsel
detikSumut
detikBali
detikSumbagsel
detikJogja
detikKalimantan
Layanan
For Your Business
Pasang Mata
adsmart
detikEvent
Trans Snow World
Trans Studio
Flying Over Indonesia
berbuatbaik.id
ziswafctarsa.id
Signature Awards
Bingkai.id
Trans Hotel Group
Community Connect
NEW
Rekomendit
NEW
Top Up & Tagihan
Game
Paket Data
Pulsa Prabayar
Token PLN
E-wallet
BPJS Kesehatan
PLN Pascabayar
PDAM
TV & Internet
Streaming
Detik Network
Hai Bunda
CNN Indonesia
CNBC Indonesia
Beautynesia
Female Daily
CXO Media
Cancel
Yang sedang ramai dicari
Loading...
Promoted
Terakhir yang dicari
Loading...
Home
Ekonomi Bisnis
Finansial
Infrastruktur
Energi
Industri
Kripto
Perencanaan Keuangan
Loker
Moneter
Indeks
For Your Business
Adsmart
Cari(in) Kerja
Ekonomi Hijau
Info Pangan
UKM & Waralaba
Bursa Valas
Market Research
Infografis
Sumber:
MARKET DATA
Last updated :
Rabu, 09 Sep 2026 16:00 WIB
Data is a realtime snapshot,
delayed at least 10 minutes
Selengkapnya
MAJOR INDEXES
|
INDO-FX
|
USD-FX
|
COMMODITIES
LQ45
664.25
-1.33
-0.20%
IHSG
6,678.20
-8.24
-0.12%
JII
405.57
0.06
0.01%
HSI
25,274.96
-42.22
-0.17%
N225
65,142.78
-126.55
-0.19%
USD/IDR
17,984.00
29.00
0.16%
SGD/IDR
13,909.82
23.51
0.17%
JPY/IDR
110.74
0.03
0.03%
EUR/IDR
20,522.65
42.44
0.21%
GBP/IDR
24,010.44
29.74
0.12%
EUR/USD
1.14
0.00
0.04%
GBP/USD
1.34
0.00
0.00%
USD/CNY
7.19
-0.00
-0.02%
USD/SGD
1.29
0.00
0.05%
USD/JPY
162.39
0.27
0.17%
Emas
2,385,283.25
10,651.05
0.45%
Silver
60.01
0.01
0.02%
Crude Oil
72.19
1.74
2.47%
Sawit
4,570.00
0.00
0.00%
Nickel
16,285.00
0.00
0.00%
detikFinance
Market Watch
HSI
Sumber:
HSI
25,274.96
Last updated :
Rabu, 09 Sep 2026 16:00 WIB
Data is a realtime snapshot,
delayed at least 10 minutes
High
25,413.12
Open
25,274.96
Last
25,274.96
Low
25,198.18
Watchlist Market
DJIA
52,786.07
-628.18
-1.18%
HSI
25,274.96
-42.22
-0.17%
KOSPI
7,051.64
97.12
1.40%
N225
65,142.78
-126.55
-0.19%
SHCI
3,951.51
10.96
0.28%
STI
5,729.63
-37.82
-0.66%
IHSG
6,678.20
-8.24
-0.12%
IDX30
369.43
-2.14
-0.58%
JII
405.57
0.06
0.01%
LQ45
664.25
-1.33
-0.20%
Hide Ads",finance
175,"Market Watch
MENU
detikcom
Terpopuler
Live TV
Kirim Tulisan
Kategori Berita
detikNews
detikFinance
detikInet
detikHot
detikSport
Sepakbola
detikOto
detikTravel
detikFood
detikHealth
Wolipop
DetikX
20Detik
detikFoto
detikEdu
detikHikmah
detikProperti
detikPop
Daerah
detikJateng
detikJatim
detikJabar
detikSulsel
detikSumut
detikBali
detikSumbagsel
detikJogja
detikKalimantan
Layanan
For Your Business
Pasang Mata
adsmart
detikEvent
Trans Snow World
Trans Studio
Flying Over Indonesia
berbuatbaik.id
ziswafctarsa.id
Signature Awards
Bingkai.id
Trans Hotel Group
Community Connect
NEW
Rekomendit
NEW
Top Up & Tagihan
Game
Paket Data
Pulsa Prabayar
Token PLN
E-wallet
BPJS Kesehatan
PLN Pascabayar
PDAM
TV & Internet
Streaming
Detik Network
Hai Bunda
CNN Indonesia
CNBC Indonesia
Beautynesia
Female Daily
CXO Media
Cancel
Yang sedang ramai dicari
Loading...
Promoted
Terakhir yang dicari
Loading...
Home
Ekonomi Bisnis
Finansial
Infrastruktur
Energi
Industri
Kripto
Perencanaan Keuangan
Loker
Moneter
Indeks
For Your Business
Adsmart
Cari(in) Kerja
Ekonomi Hijau
Info Pangan
UKM & Waralaba
Bursa Valas
Market Research
Infografis
Sumber:
MARKET DATA
Last updated :
Rabu, 09 Sep 2026 16:00 WIB
Data is a realtime snapshot,
delayed at least 10 minutes
Selengkapnya
MAJOR INDEXES
|
INDO-FX
|
USD-FX
|
COMMODITIES
LQ45
664.25
-1.33
-0.20%
IHSG
6,678.20
-8.24
-0.12%
JII
405.57
0.06
0.01%
HSI
25,274.96
-42.22
-0.17%
N225
65,142.78
-126.55
-0.19%
USD/IDR
17,984.00
29.00
0.16%
SGD/IDR
13,909.82
23.51
0.17%
JPY/IDR
110.74
0.03
0.03%
EUR/IDR
20,522.65
42.44
0.21%
GBP/IDR
24,010.44
29.74
0.12%
EUR/USD
1.14
0.00
0.04%
GBP/USD
1.34
0.00
0.00%
USD/CNY
7.19
-0.00
-0.02%
USD/SGD
1.29
0.00
0.05%
USD/JPY
162.39
0.27
0.17%
Emas
2,385,283.25
10,651.05
0.45%
Silver
60.01
0.01
0.02%
Crude Oil
72.19
1.74
2.47%
Sawit
4,570.00
0.00
0.00%
Nickel
16,285.00
0.00
0.00%
detikFinance
Market Watch
N225
Sumber:
N225
65,142.78
Last updated :
Rabu, 09 Sep 2026 16:00 WIB
Data is a realtime snapshot,
delayed at least 10 minutes
High
66,752.35
Open
65,142.78
Last
65,142.78
Low
65,020.94
Watchlist Market
DJIA
52,786.07
-628.18
-1.18%
HSI
25,274.96
-42.22
-0.17%
KOSPI
7,051.64
97.12
1.40%
N225
65,142.78
-126.55
-0.19%
SHCI
3,951.51
10.96
0.28%
STI
5,729.63
-37.82
-0.66%
IHSG
6,678.20
-8.24
-0.12%
IDX30
369.43
-2.14
-0.58%
JII
405.57
0.06
0.01%
LQ45
664.25
-1.33
-0.20%
Hide Ads",finance
176,"Menteri Keuangan (Menkeu) Purbaya Yudhi Sadewa buka suara soal Anggaran Pendapatan dan Belanja Negara (APBN) dipakai mendanai pembukaan rekening bank. Pembukaan rekening untuk masyarakat merupakan perintah Presiden Prabowo Subianto.
Prabowo menugaskan PT Bank Rakyat Indonesia (Persero) Tbk (BRI) dan PT Bank Syariah Indonesia (Persero) Tbk (BSI) sebagai penyedia rekening bagi masyarakat. Purbaya juga membuka kemungkinan penggunaan APBN sebagai saldo awal pembukaan rekening.
""Mungkin ya. Kan kalau Rp 50 ribu kali sekian saya, nggak banyak-banyak amat lah kalau saya lihat,"" ungkap Purbaya kepada wartawan di kantor Kementerian Keuangan, Jakarta, Rabu (9/9/2026).
Purbaya mengatakan, anggaran tersebut dialokasikan dari cadangan belanja pemerintah. Menurutnya, besaran anggaran tersebut cukup untuk memenuhi kebutuhan saldo awal pembukaan rekening.
""Cadangan belanja pemerintah ada, selalu ada. Saya lihat masih masuk,"" jelasnya.
Diberitakan sebelumnya, Menteri Koordinator Perekonomian Airlangga Hartarto, mengatakan saldo awal pembukaan rekening bersumber dari APBN. Menurut perhitungannya, kira-kira butuh anggaran Rp 11 triliun untuk menjalankan program penyediaan rekening untuk masyarakat.
""Dananya dari APBN. Totalnya, kalau 200 juta penduduk kan berarti kira-kira 600 juta, atau sekitar Rp 11 T lah,"" ujar Airlangga di Kompleks Istana Kepresidenan, Jakarta Pusat, Rabu (9/9/2026).
(ahi/hns)",finance
177,"Semua masyarakat akan memiliki rekening bank. Presiden Prabowo Subianto telah menugaskan BRI dan Bank Syariah Indonesia untuk menyediakan rekening untuk masyarakat.
Rencananya setiap rekening baru akan diberikan saldo awal sebesar Rp 50.000. Dana tersebut, menurut Menteri Koordinator Perekonomian Airlangga Hartarto bersumber dari APBN.
Menurut perhitungannya, kira-kira butuh anggaran Rp 11 triliun untuk menjalankan program penyediaan rekening untuk masyarakat.
""Dananya dari APBN. Totalnya, kalau 200 juta penduduk kan berarti kira-kira 600 juta, atau sekitar Rp 11 T lah,"" ujar Airlangga di Kompleks Istana Kepresidenan, Jakarta Pusat, Rabu (9/9/2026).
Soal anggarannya akan masuk di APBN tahun ini atau tidak, dia enggan menjelaskan. Yang jelas soal anggarannya masih perlu dibahas.
""Anggaran nanti kita bahas, karena kan nggak semuanya langsung segitu. Kan nanti itunya (penyediaan rekeningnya) secara bertahap,"" kata Airlangga.
Ketika masyarakat sudah menerima rekening tersebut, Airlangga bilang uang yang menjadi dana mengendap di awal sebesar Rp 50.000 bisa diambil sepenuhnya.
""Bisa, bisa ditarik ya,"" tuturnya.
Tonton juga video ""TanyadetikFinance Utang Whoosh Beralih ke Kemenkeu, Ndak Bahaya Ta?""
(hal/hns)",finance
178,"Perdana Menteri (PM) Singapura, Lawrence Wong, berencana menyumbangkan seluruh kenaikan gajinya selama lima tahun ke depan. Hal ini ia lakukan sebagai bentuk komitmen terhadap gagasan tentang revisi gaji politik adalah demi kepentingan negara.
Gaji tahunan Wong akan naik menjadi US$ 3,6 juta atau sekitar Rp 63,22 miliar (kurs Rp 17.562) dari sebelumnya US$ 2,2 juta atau sekitar Rp 38,64. Gaji tersebut sudah termasuk bonus.
Jika diakumulasi, Wong akan menyumbangkan gajinya sekitar US$ 1,4 juta atau sekitar Rp 24,59 miliar per tahun. Gaji PM Singapura ditetapkan dua kali lipat dari patokan gaji menteri tingkat pemula, yang akan direvisi menjadi US$ 1,8 juta dari US$ 1,1 juta.
""Pemerintah akan terus membayar saya gaji yang telah ditetapkan dalam kerangka kerja yang ada, begitulah cara sistem kita bekerja. Kemudian saya akan menyumbangkan kenaikan gaji tersebut untuk tujuan amal yang sesuai,"" kata Wong dikutip dari The Straits Times, Rabu (9/9/2026).
Ia mengatakan, keputusan tersebut menjadi bagian dari usulan komite peninjau untuk menaikkan gaji para pemegang jabatan politik di Singapura, termasuk semua menteri dan PM. Namun untuk jabatan PM tidak menerima bonus kinerja dan hanya mendapatkan bonus nasional. Wong juga mengaku tidak mendorong pejabat politik lainnya untuk mengikuti langkahnya.
""Pada umumnya, saya tidak percaya pada praktik mempertontonkan pemberian amal di depan umum. Namun, meskipun kerangka gaji merupakan keputusan Kabinet, sebagai Perdana Menteri, saya memikul tanggung jawab utama atas hal itu. Jadi, saya ingin menjelaskan bagaimana saya secara pribadi akan menangani kenaikan ini dan mengapa saya mengambil langkah perubahan ini karena saya percaya ini demi kepentingan Singapura,"" katanya.
Wong mengatakan dirinya akan mengevaluasi kembali posisinya setelah lima tahun, dengan mempertimbangkan kondisi yang ada saat itu. Menurutnya, meski ingin terus mendukung tujuan-tujuan yang baik, ia tidak ingin membuat komitmen publik tanpa batas waktu. Ia juga tak ingin langkahnya justru menimbulkan anggapan bahwa perdana menteri berikutnya harus mengikuti pilihannya.
Simak juga Video: Peringatan PM Singapura untuk Negara di Dunia: Kenali Bahaya",finance
179,"Harga emas Antam terus mengalami penurunan dan melanjutkan tren pelemahan sejak akhir pekan kemarin. Harga emas Antam 24 karat hari turun Rp 17.000 per gram berada di level Rp 2.610.000 per gram.
Berdasarkan situs Logam Mulia Antam, Rabu (9/9/2026), satuan harga emas hari ini yang terkecil ukuran 0,5 gram berada di angka Rp 1.355.000. Sementara harga emas 10 gram dijual dengan harga Rp 25.595.000 dan ukuran emas terbesar yakni 1.000 gram (1 kg) dibanderol Rp 2.550.600.000.
Jika ditarik dalam sepekan terakhir, harga emas Antam berada dalam rentang Rp 2.610.000-2.670.000 per gram. Sementara dalam sebulan terakhir, harga emas Antam bergerak dalam rentang Rp 2.610.000-2.768.000 per gram.
Buyback Emas
Harga emas hari ini untuk buyback emas Antam juga turun Rp 20.000 dan berada di level Rp 2.460.000 per gram. Harga buyback adalah jika Anda ingin menjual emas, maka Antam akan membelinya dengan harga tersebut.
Sesuai Peraturan Menteri Keuangan (PMK) Nomor 34 Tahun 2017, pembelian emas batangan akan dikenakan PPh 22 sebesar 0,9%. Jika ingin mendapatkan potongan pajak lebih rendah sebesar 0,45%, harus menyertakan NPWP untuk transaksinya.
Rincian Harga Emas Hari Ini
Harga emas 0,5 gram: Rp 1.355.000
Harga emas 1 gram: Rp 2.610.000
Harga emas 2 gram Rp 5.160.000
Harga emas 3 gram Rp 7.715.000
Harga emas 5 gram: Rp 12.825.000
Harga emas 10 gram: Rp 25.595.000
Harga emas 25 gram: Rp 63.862.000
Harga emas 50 gram: Rp 127.645.000
Harga emas 100 gram: Rp 255.212.000
Harga emas 250 gram: Rp 637.765.000
Harga emas 500 gram: Rp 1.275.320.000
Harga emas 1.000 gram: Rp 2.550.600.000
Demikian rincian harga emas hari ini keluaran Antam 1 gram hingga 1.000 gram, Rabu (9/9/2026).
Lihat juga Video: Harga Emas Antam Ambruk Hari Ini",finance
180,"Penyedia kontrol lalu lintas udara, NATS mengalami masalah teknis yang berujung pada terganggunya penerbangan di bandara-bandara besar di Inggris. Ratusan penerbangan di Bandara Heathrow, Bandara Gatwick, Bandara Manchester, dan Bandara Stansted terdampak dibatalkan dan ditunda.
""Kami telah mengidentifikasi bahwa masalahnya ada pada sistem pemrosesan penerbangan kami. Teknisi kami berada di lokasi dan bekerja dengan segera untuk melanjutkan operasi normal secepat mungkin. Penerbangan masih berangkat dan wilayah udara terbuka, tetapi pemulihan akan membutuhkan waktu,"" kata NATS dalam sebuah pernyataan, dikutip dari CNBC, Rabu (9/9/2026).
Otoritas Bandara Heathrow, yang menjadi pusat penerbangan terbesar di Inggris, mengatakan sedang bekerja sama dengan NATS untuk menyelesaikan masalah tersebut.
| Baca juga: Inggris Lirik Proyek Kereta di RI | 
Menurut data pada platform pelacakan penerbangan FlightAware, sekitar 100 penerbangan telah dibatalkan di Heathrow dan 367 lainnya telah ditunda. Di sisi lain, ada sekitar 250 penerbangan ditunda di Gatwick atau 31% dari total penerbangan.
Sementara itu, Otoritas Bandara Edinburgh mengatakan masalah yang terjadi pada NATS mungkin akan mempengaruhi operasionalnya. Senada, Bandara Dublin di Irlandia mengatakan penerbangan yang berangkat dan tiba dari sana juga mengalami gangguan. Bandara lain yang melaporkan penundaan atau pembatalan termasuk Bandara Luton, Bandara Birmingham, Bandara Aberdeen, dan Bandara Glasgow.
Lalu, EasyJet mengatakan masalah ini menyebabkan penundaan di seluruh Eropa. Sementara Ryanair, Wizz Air, dan Virgin Atlantic belum memberikan komentar apapun sejauh ini.
Pada Juli tahun lalu, masalah teknis terkait radar dalam sistem kendali lalu lintas udara Inggris juga sempat terjadi dan mengganggu penerbangan selama lebih dari empat jam di bandara-bandara utama di London dan tempat lain, termasuk Heathrow.
(hal/ara)",finance
181,"Koperasi Desa/Kelurahan Merah Putih bakal menggandeng BUMN untuk memperkuat layanan. BUMN itu adalah PT Permodalan Nasional Madani (PNM) dan PT Pos Indonesia.
Chief Operation Officer Danantara sekaligus Kepala Badan Pengaturan BUMN Dony Oskaria mengatakan PNM nantinya akan membuka kantor di Kopdes. PNM menyalurkan pembiayaan kepada masyarakat desa dengan bunga yang lebih rendah.
Langkah ini dilakukan guna memutus mata rantai rentenir.
""Kita ingin memutus mata rantai rentenir di desa. PNM nanti akan membuka kantor di Koperasi Desa. Dalam rangka apa? Menyalurkan kredit untuk menghindari adanya, sekarang kan banyak ya saudara-saudara kita kena rentenir dan lain sebagainya. Nanti dengan bunga 8%. Ya, jadi dia akan menjadi collecting agent dan juga distribution agent-nya,"" jelas Dony saat ditemui di Kantor Kementerian Keuangan, Jakarta, Rabu (9/9/2026).
Kopdes juga akan menjadi agen layanan logistik yang diharapkan dapat mempermudah masyarakat dalam mengirimkan barang. Di mana Kopdes akan berkerja sama dengan PT Pos Indonesia.
""Kemudian juga, untuk teman-teman saudara-saudara kita, sekarang kan eranya itu era online kan, yang berbisnis di desa, lalu bagaimana kalau ada order pick-up-nya? PT Pos Indonesia akan bekerja sama dengan seluruh Koperasi Desa menjadi channel untuk logistik, agennya logistik PT Pos Indonesia,"" kata Dony.
Kemudian, Kopdes Merah Putih juga akan menjadi menjadi tempat bagi masyarakat untuk menarik uang dan setor tunai. Dalam hal ini Kopdes akan menjadi agennya BRILink.
""Sekarang ini kan banyak orang tidak punya akses perbankan masyarakat kita. Nah, nanti dengan adanya Kopdes, Kopdes ini akan menjadi BRILink, akan menjadi agennya BRILink. Di mana masyarakat desa bisa melakukan penarikan dan setoran uang di situ,"" terang Dony.
(hns/hns)",finance
182,"Pemerintah bakal menjadikan Koperasi Desa/Kelurahan Merah Putih (Kopdes Merah Putih) sebagai saluran distribusi barang subsidi kepada masyarat. Hal ini dilakukan agar barang subsidi yang diberikan pemerintah benar-benar tepat sasaran.
COO Danantara sekaligus Kepala BP BUMN Dony Oskaria mengatakan dengan penyaluran barang subsidi langsung dari Kopdes Merah Putih ke masyarakat ini akan menekan adanya kebocoran subsidi setelah sistem data penerima subsidi terintegrasi.
Dony mengatakan saat ini, pihaknya bersama Kementerian Keuangan, dan Kementerian Koperasi engah menyiapkan sistem secara daring untuk menekan kebocoran subsidi. Dari perhitungannya bisa menekan Rp 150 triliun per tahun.
""Kami menargetkan kalau ini sudah terjadi nanti ada single data-nya, kebocoran subsidi itu akan berkurang. Tadi kita berdiskusi kita sedang membuat tim antara saya, tim saya, dan tim Pak Purbaya, dan tim Menteri Koperasi, membangun nanti online system yang berdasarkan kepada basis siapa yang berhak untuk menerima subsidi,"" ujarnya saat ditemui di Kantor Kementerian Keuangan, Jakarta, Rabu (9/9/2026).
""Teman-teman bisa bayangkan nanti paling tidak kita bisa menghemat subsidi kita yang tidak tepat sasaran itu sekitar Rp 150 triliun setahun. Jadi mesti dilihat dampaknya,"" sambungnya.
Selain itu, Dony menyebut hadirnya koperasi ini dapat m menjadi instrumen pemerintah untuk mengendalikan harga barang kebutuhan pokok di daerah. Jaringan Kopdes yang tersebar di seluruh desa, dinilai memungkinkan pemerintah melakukan intervensi distribusi ketika terjadi kenaikan harga.
""Dan kedua adalah untuk channel kita menekan inflasi. Kalau terjadi inflasi, orang main-mainin harga, kita punya distribution di seluruh desa. Misalkan harga beras naik, misalkan contohnya. Kita tinggal distribusikan khusus di seluruh Kopdes harga sekian, inflasi bisa kita tekan. Terutama bahan pokok ya. Nah, inilah makanya kita mesti lihat manfaatnya. Jadi lokasinya itu kan memang coverage-nya satu desa itu,"" terangnya.
Kemudian, Kopdes Merah Putih juga akan menjadi menjadi tempat bagi masyarakat untuk menarik uang dan setor tunai. Dalam hal ini Kopdes akan menjadi agennya BRILink.
""Kita ingin memutus mata rantai rentenir di desa. PNM nanti akan membuka kantor di Koperasi Desa. Dalam rangka apa? Menyalurkan kredit untuk menghindari adanya, sekarang kan banyak ya saudara-saudara kita kena rentenir dan lain sebagainya. Nanti dengan bunga 8%. Ya, jadi dia akan menjadi collecting agent dan juga distribution agent-nya,"" ungkap Dony.
Tidak hanya itu, Kopdes nantinya akan menjadi agen layanan logistik yang diharapkan dapat mempermudah masyarakat dalam mengirimkan barang. Di mana Kopdes akan bekerja sama dengan PT Pos Indonesia.
""Kemudian juga, untuk teman-teman saudara-saudara kita, sekarang kan eranya itu era online kan, yang berbisnis di desa, lalu bagaimana kalau ada order pick-up-nya? PT Pos Indonesia akan bekerja sama dengan seluruh Koperasi Desa menjadi channel untuk logistik, agennya logistik PT Pos Indonesia,"" kata Dony.
(fdl/fdl)",finance
183,"Menteri Keuangan (Menkeu) Purbaya Yudhi Sadewa, menjamin pemerintah tidak akan gagal bayar cicilan kredit pembangunan Koperasi Desa/Kelurahan Merah Putih (KDMP) ke Himpunan Bank Milik Negara (Himbara) atau Bank BUMN.
Hal tersebut ia pastikan usai menggelar pertemuan bersama Kepala Badan Pengaturan (BP) Badan Usaha Milik Negara (BUMN) Dony Oskaria dan Menteri Koperasi (Menkop) Ferry Juliantono.
Purbaya menjelaskan, pembayaran akan dilakukan Kementerian Keuangan (Kemenkeu) setelah menerima permintaan pembayaran dari Kementerian Koperasi (Kemenkop).
""Kita akan memastikan bahwa tidak akan ada kegagalan bayar sehingga perbankan akan tetap keadaannya. Nanti Pak Menteri Koperasi akan mengirim surat ke saya permintaan pembayarannya dan dengan syarat-syarat yang dijanjikan beliau,"" ungkap Purbaya kepada wartawan di kantor Kemenkeu, Jakarta, Rabu (9/9/2026).
Selain itu, pemerintah juga akan membentuk satuan tugas (satgas) untuk memastikan operasional KDMP berjalan baik. Terlebih KDMP juga akan diarahkan untuk menyalurkan bantuan sosial (bansos) pemerintah.
""Kami bertiga sepakat untuk membentuk satu satgas yang bisa memanfaatkan keadaan adanya Koperasi Merah Putih secara maksimal, termasuk penyaluran barang-barang subsidi di sana dipastikan hanya lewat sana,"" jelasnya.
Purbaya mengatakan, cicilan kredit akan langsung ditransfer ke rekening Himbara sesuai permintaan Kemenkop. Ia juga memastikan dananya siap sebelum jatuh tempo pembayaran.
""Uangnya ada kan selama ini dianggarkan. Jadi, bukan bukan ABT, bukan dana bank, memang sudah ada disediakan,"" terang Purbaya.
Dalam kesempatan yang sama, Ferry mengatakan satgas tersebut akan diisi juga oleh Menkeu dan Kepala BP BUMN. Satgas ini akan memperkuat pengawasan penyaluran barang subsidi pemerintah melalui infrastruktur KDMP.
Kemenkop juga akan melakukan verifikasi dan validasi ulang terhadap KDMP sebelum mengajukan pembayaran ke Kemenkeu. Ia memastikan, pembayaran cicilan KDMP akan dilakukan berdasarkan surat pengajuan pihaknya.
""Pak Menteri Keuangan bersama Pak Dony juga tim ini nanti ikut, Pak Menteri Keuangan ikut memastikan nanti supaya utilitas atau penggunaan ini, termasuk kepastian barang-barang subsidi itu menggunakan infrastruktur pemerintah yang namanya sekarang Koperasi Desa Kelurahan Merah Putih, begitu. Tadi yang kita sepakati tadi juga itu, tim bersama,"" pungkasnya.
(ahi/hns)",finance
184,"Info Daftar Harga Pangan Hari Ini - detikFinance
MENU
detikcom
Terpopuler
Live TV
Kirim Tulisan
Kategori Berita
detikNews
detikFinance
detikInet
detikHot
detikSport
Sepakbola
detikOto
detikTravel
detikFood
detikHealth
Wolipop
DetikX
20Detik
detikFoto
detikEdu
detikHikmah
detikProperti
detikPop
Daerah
detikJateng
detikJatim
detikJabar
detikSulsel
detikSumut
detikBali
detikSumbagsel
detikJogja
detikKalimantan
Layanan
For Your Business
Pasang Mata
adsmart
detikEvent
Trans Snow World
Trans Studio
Flying Over Indonesia
berbuatbaik.id
ziswafctarsa.id
Signature Awards
Bingkai.id
Trans Hotel Group
Community Connect
NEW
Rekomendit
NEW
Top Up & Tagihan
Game
Paket Data
Pulsa Prabayar
Token PLN
E-wallet
BPJS Kesehatan
PLN Pascabayar
PDAM
TV & Internet
Streaming
Detik Network
Hai Bunda
CNN Indonesia
CNBC Indonesia
Beautynesia
Female Daily
CXO Media
Cancel
Yang sedang ramai dicari
Loading...
Promoted
Terakhir yang dicari
Loading...
Home
Ekonomi Bisnis
Finansial
Infrastruktur
Energi
Industri
Kripto
Perencanaan Keuangan
Loker
Moneter
Indeks
For Your Business
Adsmart
Cari(in) Kerja
Ekonomi Hijau
Info Pangan
UKM & Waralaba
Bursa Valas
Market Research
Infografis
Info Pangan
Last Update:
Sumber:
Sedang mengambil data...
Hide Ads",finance
185,"Otorita IKN Minta Tambah Rp 15,8 Triliun, Purbaya Jawab Begini
10 menit yang lalu
        25 menit yang lalu
        35 menit yang lalu
        40 menit yang lalu
        55 menit yang lalu
        1 jam yang lalu
        2 jam yang lalu
        4 jam yang lalu",finance
186,"Menteri Keuangan Purbaya Yudhi Sadewa mengaku belum menerima usulan anggaran tambahan dari Otorita Ibu Kota Nusantara (OIKN). Tambahan anggaran yang diajukan sebesar Rp 15,8 triliun untuk pagu indikatif OIKN tahun 2027.
Purbaya juga belum memberikan lampu hijau untuk penambahan anggaran pembangunan IKN. Ia mengaku akan terlebih dahulu mempelajari usulan anggaran tersebut.
""Saya nggak tahu, saya harus lihat dulu suratnya seperti apa, alasan seperti apa,"" ungkap Purbaya kepada wartawan di kantor Kemenkeu, Jakarta, Rabu (9/9/2026).
Sebagai informasi, tambahan anggaran diusulkan oleh Sekretaris OIKN Bimo Adi Nursanthyasto, dalam rapat bersama Komisi II pada Selasa (1/9) kemarin. Tambahan anggaran tersebut akan dialokasikan untuk pembangunan fisik, sarana dan prasarana pendukung pembangunan IKN batch II-III.
Dalam rapat tersebut, Bimo menjelaskan pagu indikatif OIKN baru tercatat sebesar Rp 6,7 triliun. Padahal total kebutuhan anggaran untuk pembangunan IKN mencapai Rp 22,5 triliun.
""Dari total kebutuhan anggaran Otorita IKN tahun anggaran 2027 sebesar Rp 22,5 triliun telah dialokasikan dalam pagu indikatif sebesar Rp 6,7 triliun sehingga masih terdapat kebutuhan tambahan anggaran sebesar Rp 15,8 triliun yang terdiri dari pembangunan IKN batch kedua sebesar Rp 7,22 triliun, pembangunan IKN batch ketiga sebesar Rp 8,57 triliun,"" ungkap Bimo dikutip dari YouTube TV Parlemen.
(ahi/hns)",finance
187,"Menteri Perdagangan (Mendag) Budi Santoso alias Busan menegaskan pihaknya belum berencana melakukan perubahan kebijakan terkait persentase penyaluran Minyakita hasil domestic market obligation (DMO) yang dilakukan oleh BUMN sektor pangan.
Ia menjelaskan dalam aturan yang ada, BUMN pangan seperti Bulog dan ID FOOD hanya diwajibkan untuk menyalurkan 35% dari seluruh pasokan DMO Minyakita ke masyarakat. Namun dalam praktiknya, para BUMN pangan ini secara total menyalurkan 51% dari produk Minyakita.
Lagi pula menurutnya di luar BUMN, banyak UMKM ikut terlibat sebagai distributor DMO Minyakita. Atas dasar inilah menurutnya tidak perlu meningkatkan persentase DMO Minyakita yang harus disalurkan Bulog dan ID FOOD untuk menjaga usaha-usaha kecil ini.
""Ini kan 35% ya, terus realisasinya kan sudah mencapai 51%. Jadi sementara memang belum 100%, kenapa? Karena juga banyak UMKM, distributor yang lain itu menjadi distributor Minyakita. Jadi kan harus bareng-bareng,"" kata Busan dalam saat ditemui di AEON Mall BSD City, Tangerang, Rabu (9/9/2026).
Ketika ditanya mengenai kemungkinan adanya penyesuaian atau kenaikan aturan penyaluran DMO Minyakita oleh BUMN pangan ke depan, Budi menegaskan bahwa pemerintah masih melihat perkembangan situasi di lapangan secara dinamis.
Sebab pihaknya perlu untuk menjaga keseimbangan penyaluran Minyakita antara BUMN Pangan dan pelaku usaha lainnya.
""Ya sambil berjalan saja, kan dinamikanya seperti itu. Jadi kan sekarang masih UMKM yang berbarengan juga dengan Bulog, dengan ID FOOD, tapi kan nggak ada masalah selama ini ya. Jadi kita juga harus kasih kesempatan kepada UMKM yang lain,"" pungkasnya.
Sebelumnya, Perum Bulog menunggu keputusan Kementerian Perdagangan atas usulan agar porsi penyaluran Minyakita melalui BUMN pangan ditingkatkan menjadi 100% dari realisasi domestic market obligation (DMO).
Direktur Utama Perum Bulog Ahmad Rizal Ramdhani mengatakan usulan peningkatan porsi tersebut telah disampaikan secara tertulis kepada Menteri Perdagangan (Mendag).
""Kami sudah mengajukan secara tertulis kepada Pak Mendag untuk kenaikan DMO untuk BUMN,"" kata Rizal seusai meninjau operasi pasar di Pasar Jatinegara, Jakarta Timur, Sabtu (5/9) seperti dikutip dari Antara.
Rizal mengatakan Bulog mengajukan peningkatan porsi penyaluran hingga 100% sesuai arahan Menteri Pertanian Andi Amran Sulaiman. Menurut Rizal, peningkatan porsi penyaluran melalui BUMN pangan diusulkan untuk memperkuat ketersediaan Minyakita di pasar.
(igo/fdl)",finance
188,"Scroll atau gunakan tombol
                                        []
                                        []
                                        serta klik panah di sisi kanan
                                        untuk menjelajahi feed video.
                                    
UMR sekarang cukup nggak buat hidup Gen Z?
Harga kebutuhan terus naik, sementara penghasilan harus dibagi untuk berbagai kebutuhan. Lantas, sebenarnya berapa penghasilan yang ideal agar Gen Z bisa hidup layak dan tetap punya ruang untuk menabung?
Simak jawabannya dari Pak Purbaya di #TanyadetikFinance!",finance
189,"Head of Investor Relation PT Bank Negara Indonesia (Persero) Tbk atau BNI, Yohan Setio menilai penyaluran kredit untuk program prioritas pemerintah memiliki risiko yang rendah. Pasalnya pembayaran kredit program pemerintah ditanggung oleh Anggaran Pendapatan dan Belanja Negara (APBN).
Emiten berkode saham BBNI ini menyalurkan kredit untuk salah satu program prioritas pemerintah, yaitu Koperasi Desa/Kelurahan Merah Putih (KDMP).
Perseroan juga memberikan suku bunga kredit yang lebih murah untuk program KDMP, yakni sebesar 6% dari rata-rata sebesar 7%.
""Kalau kita lihat di tahun ini, pemerintah menggarap proyek pembangunan Koperasi Desa Merah Putih melalui Agrinas, yang Bank Himbara berpartisipasi memberikan kredit. Nah, untuk suku bunganya biasanya sedikit lebih rendah dibanding suku bunga komersial, misalkan suku bunga komersial di BNI secara rata-rata kita di angka 7%, untuk proyek ini, Koperasi Desa Merah Putih, sedikit lebih murah hanya 6%,"" ungkap Yohan dalam acara Public Expose virtual, Rabu (9/9/2026).
Suku bunga kredit khusus ini diberikan lantaran sumber pembayaran proyek KDMP ditanggung oleh APBN langsung. Karenanya, profil risiko program tersebut menjadi lebih rendah.
""Untuk proyek seperti ini, sumber pembayarannya akan datang dari APBN secara langsung sehingga profil risikonya secara teori menjadi sangat rendah. Itu menjadi alasan kenapa pricingnya juga bisa menjadi lebih rendah,"" jelasnya.
Di sisi profitabilitas, Yohan mengatakan kredit terhadap program pemerintah masih memiliki margin yang bisa diperoleh Himpunan Bank Milik Negara (Himbara). Namun ia menekankan, BNI tidak mencari profit dalam menyalurkan kredit ke sejumlah program pemerintah.
""Secara profitabilitas, masih ada profit yang bisa dipetik oleh Bank Himbara, tentunya ketika kita menjalankan proyek pemerintah, mencari profit bukan tujuan utama kita. Kita balance antara profit yang wajar dan membangun negara,"" tegasnya.
(ahi/hns)",finance
190,"Pemerintah bakal menjadikan Koperasi Desa/Kelurahan Merah Putih (Kopdes Merah Putih) sebagai saluran distribusi barang subsidi kepada masyarat. Hal ini dilakukan agar barang subsidi yang diberikan pemerintah benar-benar tepat sasaran.
COO Danantara sekaligus Kepala BP BUMN Dony Oskaria mengatakan dengan penyaluran barang subsidi langsung dari Kopdes Merah Putih ke masyarakat ini akan menekan adanya kebocoran subsidi setelah sistem data penerima subsidi terintegrasi.
Dony mengatakan saat ini, pihaknya bersama Kementerian Keuangan, dan Kementerian Koperasi engah menyiapkan sistem secara daring untuk menekan kebocoran subsidi. Dari perhitungannya bisa menekan Rp 150 triliun per tahun.
""Kami menargetkan kalau ini sudah terjadi nanti ada single data-nya, kebocoran subsidi itu akan berkurang. Tadi kita berdiskusi kita sedang membuat tim antara saya, tim saya, dan tim Pak Purbaya, dan tim Menteri Koperasi, membangun nanti online system yang berdasarkan kepada basis siapa yang berhak untuk menerima subsidi,"" ujarnya saat ditemui di Kantor Kementerian Keuangan, Jakarta, Rabu (9/9/2026).
""Teman-teman bisa bayangkan nanti paling tidak kita bisa menghemat subsidi kita yang tidak tepat sasaran itu sekitar Rp 150 triliun setahun. Jadi mesti dilihat dampaknya,"" sambungnya.
Selain itu, Dony menyebut hadirnya koperasi ini dapat m menjadi instrumen pemerintah untuk mengendalikan harga barang kebutuhan pokok di daerah. Jaringan Kopdes yang tersebar di seluruh desa, dinilai memungkinkan pemerintah melakukan intervensi distribusi ketika terjadi kenaikan harga.
""Dan kedua adalah untuk channel kita menekan inflasi. Kalau terjadi inflasi, orang main-mainin harga, kita punya distribution di seluruh desa. Misalkan harga beras naik, misalkan contohnya. Kita tinggal distribusikan khusus di seluruh Kopdes harga sekian, inflasi bisa kita tekan. Terutama bahan pokok ya. Nah, inilah makanya kita mesti lihat manfaatnya. Jadi lokasinya itu kan memang coverage-nya satu desa itu,"" terangnya.
Kemudian, Kopdes Merah Putih juga akan menjadi menjadi tempat bagi masyarakat untuk menarik uang dan setor tunai. Dalam hal ini Kopdes akan menjadi agennya BRILink.
""Kita ingin memutus mata rantai rentenir di desa. PNM nanti akan membuka kantor di Koperasi Desa. Dalam rangka apa? Menyalurkan kredit untuk menghindari adanya, sekarang kan banyak ya saudara-saudara kita kena rentenir dan lain sebagainya. Nanti dengan bunga 8%. Ya, jadi dia akan menjadi collecting agent dan juga distribution agent-nya,"" ungkap Dony.
Tidak hanya itu, Kopdes nantinya akan menjadi agen layanan logistik yang diharapkan dapat mempermudah masyarakat dalam mengirimkan barang. Di mana Kopdes akan bekerja sama dengan PT Pos Indonesia.
""Kemudian juga, untuk teman-teman saudara-saudara kita, sekarang kan eranya itu era online kan, yang berbisnis di desa, lalu bagaimana kalau ada order pick-up-nya? PT Pos Indonesia akan bekerja sama dengan seluruh Koperasi Desa menjadi channel untuk logistik, agennya logistik PT Pos Indonesia,"" kata Dony.
(fdl/fdl)",finance
191,"Jakarta - Kampoeng Mainan di Blok M Square menjadi tujuan berburu koleksi mainan, dari action figure hingga kartu Pokmon, bagi anak-anak dan kolektor dewasa.
Sejumlah pembeli terlihat memilih berbagai koleksi mainan yang dijual di Kampoeng Mainan, Blok M Square, Jakarta, Rabu (9/9/2026).
Harga mainan yang ditawarkan cukup beragam, mulai dari puluhan ribu rupiah hingga jutaan rupiah. Kondisi koleksi pun bervariasi, mulai dari barang baru hingga pre-loved atau bekas, sehingga pembeli dapat menyesuaikan pilihan dengan kebutuhan dan anggaran.
Kampoeng Mainan buka setiap hari mulai pukul 10.00 hingga 22.00 WIB. Para pengunjung dapat datang untuk melihat-lihat koleksi, mencari mainan tertentu, maupun berburu barang yang dapat menambah koleksi pribadi.
Setiap koleksi dapat memiliki nilai tersendiri, baik karena kelangkaan, karakter yang disukai, maupun kenangan yang melekat pada masa ketika mainan tersebut populer.
Kampoeng Mainan telah menggunakan nama tersebut sejak 2013 dan mulai semakin eksis sejak 2020. Kehadirannya menjadi salah satu tempat yang mempertemukan penggemar mainan dari berbagai usia dalam satu ruang.
Aktivitas jual beli koleksi juga membuat kawasan tersebut tidak hanya menjadi tempat bermain bagi anak-anak, tetapi turut menjadi ruang bagi orang dewasa untuk kembali menikmati hobi yang pernah mereka gemari ketika kecil.
Dengan beragam pilihan dan rentang harga yang tersedia, Kampoeng Mainan terus menjadi salah satu tempat bagi penggemar mainan untuk menemukan koleksi sekaligus merawat kembali nostalgia masa kecil mereka.",finance
192,"CEO Badan Pengelola Investasi (BPI) Danantara, Rosan Roeslani menjelaskan soal penugasan Bank Rakyat Indonesia (BRI) dan Bank Syariah Indonesia (BSI) dalam menyediakan rekening untuk masyarakat.
Rosan menjelaskan, pembukaan rekening secara nasional akan dilakukan oleh BRI. Namun khusus wilayah Aceh, pembukaan rekening akan dilakukan oleh BSI.
""Pembukaan rekening di seluruh Indonesia melalui BRI dan untuk Aceh itu khusus dengan BSI bisa terlaksana dengan secepatnya ya,"" kata Rosan saat ditemui di Kompleks Istana Kepresidenan, Jakarta Pusat, Rabu (9/9/2026).
Rosan menyebut manajemen BRI dan BSI sudah berkoordinasi terkait penugasan tersebut. Rosan menyebut mekanisme penyerahan rekening sedang dibahas pemerintah.
""Ya nanti mekanismenya lagi dirancang segera kok,"" ujar Rosan.
Diberitakan sebelumnya, pemerintah bakal memberikan rekening bagi warga berusia 17 tahun. Rekening tersebut akan terisi saldo Rp 50 ribu.
Menurut Menteri Koordinator bidang Perekonomian, Airlangga Hartarto, seluruh saldo bisa dicairkan oleh pemilikinya. Saldo tersebut berasal dari Anggaran Pendapatan dan Belanja Negara (APBN) dengan anggaran Rp 11 triliun.
""Bisa, bisa ditarik,"" kata Airlangga singkat saat ditemui di Kompleks Istana Kepresidenan, Jakarta Pusat, Rabu (9/9/2026).
(acd/acd)",finance
193,"Amerta Land                
            
                
                KABUPATEN KARAWANG
            
                            WE'RE HIRING! ð
Amerta Land mencari Content Creator & Ads Specialist yang jago bikin konten properti jadi viral dan bisa mendatangkan banyak calon pembeli! Kamu bakal jadi ujung tombak digital marketing untuk 2 proyek perumahan keren kami di Karawang.
Siapa yang kami cari?
- 
Kamu yang hobinya ngonten (foto & video) seputar rumah. ð¸ð¥
- 
Jago ngulik Meta Ads (IG & FB Ads) dan TikTok Ads sampai closing! ð°
- 
Bisa bikin laporan & kalender konten pakai Excel/Google Sheets. ð
- 
Up to date & punya segudang ide kreatif untuk promosi properti.â¨
- 
Punya portofolio keren yang bisa dipamerin.
- Mahir menggunakan aplikasi editing video (seperti CapCut / Vllo / VN, atau sejenisnya).
- Kreatif, proaktif, dan mampu bekerja secara mandiri maupun dalam tim.
- 
Siap untuk WFO di Karawang!
Kerjaan kamu ngapain aja?
- 
Bikin konten harian (Reels, TikTok, Stories).
- 
Jalanin & optimasi iklan biar leads banjir.
- 
Update progres & show unit perumahan.
Merasa ini kamu banget? Langsung kirim CV & Portofolio kamu ke: ð§ amertapropertimarketing@gmail.com ð Subjek: Content Creator_[Nama Kamu]
Join our team and let's build dreams together!
                    PT. NEWTON CIPTA INFORMATIKA                
            
                
                KOTA JAKARTA SELATAN
            
                            Kami membuka kesempatan bagi Anda yang memiliki kemampuan menulis dan memahami bidang teknologi informasi untuk bergabung sebagai Technical Writer (Project Based).
Kualifikasi:
- 
Pendidikan minimal SMK (lebih disukai dari jurusan Teknologi Informasi, Komunikasi, atau sejenis)
- 
Mampu menyusun dokumentasi teknis seperti pedoman, manual, laporan, dan materi presentasi
- 
Pengalaman di bidang dokumentasi proyek IT menjadi nilai tambah
- Memiliki kemampuan komunikasi dan sikap yang baik
Ruang lingkup pekerjaan:
- 
Menyusun dan mengedit dokumen teknis proyek (arsitektur, panduan, laporan, dsb.)
- 
Berkoordinasi dengan tim proyek untuk memastikan keakuratan dan konsistensi isi dokumen
- 
Menjaga gaya penulisan dan format sesuai standar organisasi
Durasi Proyek: 3 bulan dan memungkinkan diperpanjang. 
Lokasi Kerja: WFO - Tebet
Jika Anda tertarik, silakan kirim CV dan contoh hasil tulisan ke:
ð§ info@newtonindonesia.co.id
dengan subjek: Lamaran – Technical Writer Project Based.
Mohon disampaikan juga ekspektasi gaji yang diharapkan.
- Program ini terbuka untuk seluruh warga Indonesia.
- Informasi tidak boleh mengandung unsur SARA, pornografi, kekerasan, atau hal-hal lain yang melanggar hukum dan norma yang berlaku.
- Dengan mengirimkan konten, Anda memberikan detikcom lisensi non-eksklusif, bebas royalti, dan dapat dialihkan untuk menggunakan, mereproduksi, memodifikasi, dan menampilkan konten tersebut untuk keperluan program.
- Informasi pribadi yang Anda berikan akan dijaga kerahasiaannya sesuai dengan Kebijakan Privasi detikcom.
- detikcom berhak untuk menolak atau menghapus konten yang dianggap melanggar Syarat dan Ketentuan ini tanpa pemberitahuan sebelumnya
- detikcom tidak bertanggungjawab atas kelalaian serta pelanggaran yang terjadi antara pemberi kerja dan pencari kerja.",finance
194,"Amerta Land                
            
                
                KABUPATEN KARAWANG
            
                            WE'RE HIRING! ð
Amerta Land mencari Content Creator & Ads Specialist yang jago bikin konten properti jadi viral dan bisa mendatangkan banyak calon pembeli! Kamu bakal jadi ujung tombak digital marketing untuk 2 proyek perumahan keren kami di Karawang.
Siapa yang kami cari?
- 
Kamu yang hobinya ngonten (foto & video) seputar rumah. ð¸ð¥
- 
Jago ngulik Meta Ads (IG & FB Ads) dan TikTok Ads sampai closing! ð°
- 
Bisa bikin laporan & kalender konten pakai Excel/Google Sheets. ð
- 
Up to date & punya segudang ide kreatif untuk promosi properti.â¨
- 
Punya portofolio keren yang bisa dipamerin.
- Mahir menggunakan aplikasi editing video (seperti CapCut / Vllo / VN, atau sejenisnya).
- Kreatif, proaktif, dan mampu bekerja secara mandiri maupun dalam tim.
- 
Siap untuk WFO di Karawang!
Kerjaan kamu ngapain aja?
- 
Bikin konten harian (Reels, TikTok, Stories).
- 
Jalanin & optimasi iklan biar leads banjir.
- 
Update progres & show unit perumahan.
Merasa ini kamu banget? Langsung kirim CV & Portofolio kamu ke: ð§ amertapropertimarketing@gmail.com ð Subjek: Content Creator_[Nama Kamu]
Join our team and let's build dreams together!
                    PT. NEWTON CIPTA INFORMATIKA                
            
                
                KOTA JAKARTA SELATAN
            
                            Kami membuka kesempatan bagi Anda yang memiliki kemampuan menulis dan memahami bidang teknologi informasi untuk bergabung sebagai Technical Writer (Project Based).
Kualifikasi:
- 
Pendidikan minimal SMK (lebih disukai dari jurusan Teknologi Informasi, Komunikasi, atau sejenis)
- 
Mampu menyusun dokumentasi teknis seperti pedoman, manual, laporan, dan materi presentasi
- 
Pengalaman di bidang dokumentasi proyek IT menjadi nilai tambah
- Memiliki kemampuan komunikasi dan sikap yang baik
Ruang lingkup pekerjaan:
- 
Menyusun dan mengedit dokumen teknis proyek (arsitektur, panduan, laporan, dsb.)
- 
Berkoordinasi dengan tim proyek untuk memastikan keakuratan dan konsistensi isi dokumen
- 
Menjaga gaya penulisan dan format sesuai standar organisasi
Durasi Proyek: 3 bulan dan memungkinkan diperpanjang. 
Lokasi Kerja: WFO - Tebet
Jika Anda tertarik, silakan kirim CV dan contoh hasil tulisan ke:
ð§ info@newtonindonesia.co.id
dengan subjek: Lamaran – Technical Writer Project Based.
Mohon disampaikan juga ekspektasi gaji yang diharapkan.
- Program ini terbuka untuk seluruh warga Indonesia.
- Informasi tidak boleh mengandung unsur SARA, pornografi, kekerasan, atau hal-hal lain yang melanggar hukum dan norma yang berlaku.
- Dengan mengirimkan konten, Anda memberikan detikcom lisensi non-eksklusif, bebas royalti, dan dapat dialihkan untuk menggunakan, mereproduksi, memodifikasi, dan menampilkan konten tersebut untuk keperluan program.
- Informasi pribadi yang Anda berikan akan dijaga kerahasiaannya sesuai dengan Kebijakan Privasi detikcom.
- detikcom berhak untuk menolak atau menghapus konten yang dianggap melanggar Syarat dan Ketentuan ini tanpa pemberitahuan sebelumnya
- detikcom tidak bertanggungjawab atas kelalaian serta pelanggaran yang terjadi antara pemberi kerja dan pencari kerja.",finance
195,"LEGAL                            
                            
                                    oleh CORPORATE LEGAL                                
                                
                                    
                                    KOTA JAKARTA SELATAN
                                
                            Tanggung Jawab Inti:
1. Menyusun, menelaah, dan negosiasi berbagai kontrak (MoU, NDA, SLA, dll.).
2. Mengurus dan memastikan validitas seluruh izin usaha, perizinan proyek, dan legalitas korporasi.
3. Memberikan pendapat hukum (legal opinion), analisis risiko, dan rekomendasi mitigasi.
4. Bernegosiasi dengan mitra/principal asing dan membahas dokumen hukum berbahasa Inggris.
5. Memelihara dokumen korporasi (risalah rapat, RUPS, Anggaran Dasar) sesuai prinsip GCG.",finance
196,"Transportasi                            
                            
                                    oleh PT Ayodya Dialog Semesta                                
                                
                                    
                                    KABUPATEN BANTUL
                                
                            ADS HIRING !
Saat ini membuka kesempatan talenta muda untuk bergabung dan berkarya Bersama kami untuk posisi :
Nama Jabatan : Teknisi Kendaraan (Mobil)
Penempatan : Rewulu, Jogja
Kualifikasi :
â
 Usia 23 – 35 tahun 
â
 Minimal Lulusan SMK Otomotif / Elektronika
â
 Paham dasar kelistrikan & troubleshooting kendaraan
â
 Pernah kerja di bengkel (mobil/motor) (lebih disukai)
â
 Familiar dengan instalasi Dashcam & GPS
â Berdomisili di sekitar wilayah penempatan terdekat (lebih disukai)",finance
197,"Transportasi                            
                            
                                    oleh PT Ayodya Dialog Semesta                                
                                
                                    
                                    KABUPATEN TUBAN
                                
                            ADS HIRING !
Saat ini membuka kesempatan talenta muda untuk bergabung dan berkarya Bersama kami untuk posisi :
Nama Jabatan : Teknisi Kendaraan (Mobil)
Penempatan : Tuban
Kualifikasi :
â
 Usia 23 – 35 tahun 
â
 Minimal Lulusan SMK Otomotif / Elektronika
â
 Paham dasar kelistrikan & troubleshooting kendaraan
â
 Pernah kerja di bengkel (mobil/motor) (lebih disukai)
â
 Familiar dengan instalasi Dashcam & GPS
â Berdomisili di sekitar wilayah penempatan terdekat (lebih disukai)",finance
198,"Menteri Keuangan (Menkeu) Purbaya Yudhi Sadewa buka suara soal Anggaran Pendapatan dan Belanja Negara (APBN) dipakai mendanai pembukaan rekening bank. Pembukaan rekening untuk masyarakat merupakan perintah Presiden Prabowo Subianto.
Prabowo menugaskan PT Bank Rakyat Indonesia (Persero) Tbk (BRI) dan PT Bank Syariah Indonesia (Persero) Tbk (BSI) sebagai penyedia rekening bagi masyarakat. Purbaya juga membuka kemungkinan penggunaan APBN sebagai saldo awal pembukaan rekening.
""Mungkin ya. Kan kalau Rp 50 ribu kali sekian saya, nggak banyak-banyak amat lah kalau saya lihat,"" ungkap Purbaya kepada wartawan di kantor Kementerian Keuangan, Jakarta, Rabu (9/9/2026).
Purbaya mengatakan, anggaran tersebut dialokasikan dari cadangan belanja pemerintah. Menurutnya, besaran anggaran tersebut cukup untuk memenuhi kebutuhan saldo awal pembukaan rekening.
""Cadangan belanja pemerintah ada, selalu ada. Saya lihat masih masuk,"" jelasnya.
Diberitakan sebelumnya, Menteri Koordinator Perekonomian Airlangga Hartarto, mengatakan saldo awal pembukaan rekening bersumber dari APBN. Menurut perhitungannya, kira-kira butuh anggaran Rp 11 triliun untuk menjalankan program penyediaan rekening untuk masyarakat.
""Dananya dari APBN. Totalnya, kalau 200 juta penduduk kan berarti kira-kira 600 juta, atau sekitar Rp 11 T lah,"" ujar Airlangga di Kompleks Istana Kepresidenan, Jakarta Pusat, Rabu (9/9/2026).
(ahi/hns)",finance
199,"Badan Gizi Nasional (BGN) dalam beberapa bulan ke depan akan pindah kantor ke Gedung Merah Putih (GMP) Telkom di kawasan Gatot Subroto Jakarta. Adapun saat ini kantor BGN masih berada di kawasan Kebon Sirih Jakarta.
Lantas bagaimana dengan nasib karyawan Telkom ketika nanti GMP ditempati BGN?
COO Danantara sekaligus Kepala BP BUMN Dony Oskaria memastikan bahwa karyawan yang selama ini bekerja di gedung tersebut telah disiapkan tempat kerja penggantinya. Tak mungkin kata Dony, jika ada rencana BGN bertempat di GMP tanpa menyiapkan gedung pengganti.
""Kadang-kadang kan kita suka berlebihan. Pasti kalau enggak ada tempatnya enggak mungkin orang dipindahin. Masa mereka kerja di jalan. Ya pasti ada, gedungnya memang sudah dihitung ya kan,"" ujar Dony saat ditemui di Kantor Kementrian Keuangan, Jakarta, Rabu (9/9/2026).
Adapun ketika ditanya terkait dengan adanya kabar di media sosial soal barang-barang yang ada di gedung tersebut sudah ditandai akan digunakan oleh BGN, Dony meminta agar masyarakat tak gampang percaya terkait kabar tersebut. Pasalnya kata Dony, BGN saja belum menempati gedung milik Telkom tersebut.
""Barang-barang yang di-tag itu gimana? Itu kan BGN-nya aja belum masuk. Jadi ya hati-hati juga. Kok di-tag-in pasti ada sewa-menyewanya, tidak ada. Ingat, Telkom itu adalah perusahaan terbuka. Jadi jangan teman-teman juga termakan oleh hal-hal yang perusahaan terbuka, semua prosesnya mengikuti ketentuan yang berlaku sebagai perusahaan terbuka,"" katanya.
""Ada fair value-nya, tidak boleh dan itu dilarang oleh OJK. Nanti kena benturan kepentingan, misalkan harganya di bawah pasar, enggak boleh. Enggak boleh! Apalagi kalau cuma dipakai enggak sewa, ya enggak mungkin. Karena itu kan perusahaan terbuka,"" lanjutnya.
Sebelumnya, Kepala BGN Sudaryono dalam sesi jawaban RDP dengan Komisi IX DPR RI pada Kamis (3/9/2026) membenarkan rencana pemindahan kantor BGN ke Gedung Merah Putih. Dia mengatakan saat ini pihaknya masih berkoordinasi dengan Danantara terkait rencana tersebut.
""Betul, Pak, ini sedang koordinasi dengan Danantara dan dalam waktu dekat ini Badan Gizi Nasional akan menduduki Gedung Graha Merah Putih yang saat ini menjadi kantor Telkom,"" ujar Sudaryono.
Sudaryono menjelaskan jika tak ada aral melintang, perpindahan kantor BGN ke Gedung Merah Putih akan dilakukan dalam satu hingga dua bulan ke depan.
""InsyaAllah dalam satu dua bulan ini kami akan pindah kantor ke Graha Merah Putih,"" terang Sudaryono.
Dalam kesempatan tersebut, ia mengatakan bahwa pegawai yang yang sebelumnya menempati Gedung Merah Putih dan akan digunakan BGN tersebut akan dipindahkan ke gedung Telkom yang berada di sebelahnya.
""Orang yang menempati Gedung Graha Merah Putih itu akan menempati gedung Telkom yang di sebelahnya, gedung yang lebih tinggi lagi,"" katanya.
(fdl/fdl)",finance
200,"Pemerintah bakal memberikan rekening bagi warga berusia 17 tahun dari Bank Rakyat Indonesia (BRI) dan Bank Syariah Indonesia (BSI). Rekening tersebut akan terisi saldo Rp 50 ribu.
Menurut Menteri Koordinator bidang Perekonomian, Airlangga Hartarto, seluruh saldo tersebut bisa dicairkan oleh pemiliknya. Sebagai informasi, pemberian rekening untuk masyarakat merupakan salah satu upaya pemerintah meningkatkan inklusi keuangan.
""Bisa, bisa ditarik,"" kata Airlangga singkat saat ditemui di Kompleks Istana Kepresidenan, Jakarta Pusat, Rabu (9/9/2026).
Saldo tersebut berasal dari Anggaran Pendapatan dan Belanja Negara (APBN). Total anggaran yang disiapkan untuk sekitar 200 juta penduduk mencapai Rp 11 triliun.
Pemerintah melarang saldo rekening tersebut disalahgunakan untuk judi online atau judol. Menurut Airlangga, pihak yang menyalahgunakan akan langsung ditangkap pihak berwajib.
""Nah, kalau judol kan langsung ditangkap,"" tegas Airlangga.
Rekening sendiri akan diterima masyarakat secara otomatis tanpa pergi ke bank. Dalam hal ini pemerintah akan memanfaatkan data Kependudukan dan Pencatatan Sipil (Dukcapil).
""Otomatis dapat. Nanti kita kerja sama dengan Dukcapil ya, mengenai data-data ini kayaknya,"" terang Airlangga.
Nantinya akan ada teknis terkait pembuatan rekening dari pemerintah. Menurut Airlangga, BRI dan BSI telah memiliki program yang mendukung hal tersebut. Selain itu, kebijakan serupa pernah diterapkan pemeritah sebelumnya.
""Nanti akan ada teknisnya seperti apa. Karena kan BI, bank BSI maupun BRI sudah punya programnya. Dan sebetulnya kami pernah lakukan juga di periode sebelumnya dengan berbagai program yang direct dari Menteri Keuangan ke rekening masing-masing orang,"" tutup Airlangga.
(acd/acd)",finance
