v1,v2,v3,v4,v5,v6,v7,v8,v9,v10,v11,v12,v13,v14,v15,v16,v17,v18,v19,v20,v21,v22,v23,v24,v25,v26,v27,v28,v29,v30,v31,v32,v33,v34,v35,v36,v37,v38,v39,v40,v41,v42,v43,v44,v45,v46,v47,v48,v49,v50,v51,v52,v53,v54,v55,v56,v57,v58,v59,v60,v61,v62,v63,v64,v65,v66,v67,v68,v69,v70,v71,v72,v73,v74,v75,v76,v77,v78,v79,v80,v81,v82,v83,v84,v85,v86,v87,v88,v89,v90,v91,v92,v93,v94,v95,v96,v97,v98,v99,v100,label
0.0062989723,0.085955486,0.1624055,0.0019904259,-0.06893064,0.46795684,-0.31881922,0.56870496,-0.3920047,-0.22977372,-0.44692808,-0.2735472,0.5872192,0.45339492,-0.19038755,-0.15515393,0.13277927,-0.5109203,0.42432442,-0.14169048,0.0050983555,0.21155998,-0.2183937,0.47995853,-0.095067665,0.12717454,-0.2682323,0.21120046,-0.29014465,-0.13478632,-0.16820446,0.19904311,-0.27904698,0.07769612,0.22758387,-0.21567896,0.17638747,0.048281923,0.35157853,-0.046950262,-0.11345831,0.27970564,0.52335256,-0.21523269,-0.03832909,0.14410035,0.2587307,0.35591686,0.2733626,-0.08543913,-0.30834612,-0.23914286,0.085245416,-0.14034908,-0.07727415,0.17647257,0.114380345,0.29622665,-0.1321248,0.37752405,0.060724188,0.07156429,0.0472512,-0.17758347,0.30186793,-0.22514328,-0.26142517,-0.44943765,0.026996879,-0.18694255,0.08659818,-0.4101495,-0.13166617,-0.006819744,-0.16546507,-0.14470744,-0.22234532,0.104122385,-0.12911077,-0.25860795,0.061416276,0.053891707,-0.23212774,0.05355345,0.02705747,0.27343282,0.12131967,-0.46674922,0.1295976,-0.4378284,-0.18814863,0.18840893,-0.1734475,0.12138946,0.078953885,0.18220137,-0.11654846,0.079179265,-0.059148967,0.20181404,sport
0.08581072,0.23787802,0.23871915,0.0021833044,-0.12706274,0.5536696,-0.21112564,0.6178692,-0.39395604,-0.1678193,-0.5023335,-0.4103108,0.52582675,0.37182528,-0.12249361,-0.167727,0.09847951,-0.51837915,0.4223767,-0.258999,0.06721967,0.13541204,-0.18589123,0.39585215,-0.20984563,0.01884483,-0.3540015,0.28825498,-0.07525424,-0.26398674,-0.01830739,0.41619268,-0.360704,-0.027418774,0.24929495,-0.11561027,0.1513571,-0.02970519,0.20774229,-0.17244038,-0.001118199,0.1785564,0.5104122,-0.17411727,-0.018140765,-0.049538698,0.21884309,0.44219264,0.4760899,-0.25304645,-0.13699926,-0.19100888,0.16222948,-0.009896575,0.0043171267,0.2790167,0.24025568,0.37745288,-0.15906495,0.35345876,0.03847562,0.025638089,-0.046403166,0.029113587,0.24997436,-0.27823415,-0.046179038,-0.37062648,0.0649486,-0.13705598,0.17172523,-0.5752232,-0.12734282,0.07972761,-0.27540123,-0.13570602,-0.016311485,-0.066804074,-0.1066315,-0.37774774,0.20967922,0.02025274,-0.23205176,0.13316138,-0.004729941,0.23086664,0.05755543,-0.6430806,0.21251015,-0.39381197,-0.22710975,0.14417218,-0.20872453,0.024563283,0.04747758,0.044910397,-0.12659049,0.033099443,0.026518906,0.13915779,sport
0.15777494,0.19940436,0.0066148797,-0.029070605,-0.55061364,0.22750585,-0.015638059,0.5771791,0.009452797,0.14681578,-0.74212945,-0.061231174,0.44941357,0.54568607,-0.16722952,-0.24285577,0.26247537,-0.46786305,0.14085516,-0.19777581,0.3148416,-0.15696646,0.18637736,0.3874373,0.0522885,0.4547231,-0.43258804,0.30430758,-0.0457007,0.10087762,0.5834406,0.07709773,0.19215722,0.19274805,0.2543767,-0.41634274,0.011287271,-0.32763252,0.18450281,0.3563343,-0.20779169,-0.00075211027,0.39102608,0.33354953,0.279455,0.07077341,0.20234025,0.23808117,0.49724433,-0.45233464,-0.060736194,-0.47027877,0.006133461,-0.20795906,0.2360957,0.1920453,-0.2782953,0.4491579,-0.12236805,0.22337355,-0.11304701,0.108401574,0.09335809,0.02930741,0.10626753,-0.28917897,-0.21730615,-0.48035505,-0.18893717,-0.09330673,0.11224354,-0.19792807,-0.24185945,-0.33965456,0.05025332,-0.27461308,-0.032060556,0.11009066,-0.43421593,-0.3207423,-0.181574,0.29660255,-0.1549235,0.0042447923,0.18399513,0.154303,-0.17026272,-0.6316153,-0.055427805,-0.050145775,0.20005119,0.26205885,-0.3490432,-0.2954703,0.15713365,0.15941128,-0.3728406,0.13582703,0.04350841,-0.110081375,sport
-0.07698112,0.22653411,0.1918542,0.020266129,-0.19201304,0.53347087,-0.35108176,0.5473823,-0.31118563,-0.22153625,-0.53211915,-0.30063552,0.7340083,0.41486222,-0.18893233,-0.14143948,0.19718277,-0.5704868,0.39310563,-0.3135488,-0.00016177198,0.19085564,-0.25496122,0.43102264,-0.06871764,0.047946326,-0.32815224,0.16569082,-0.1084101,-0.15566565,-0.15151608,0.27973372,-0.30206922,0.11682679,0.26223382,-0.098541155,0.26130342,0.106656276,0.2779201,-0.13735017,-0.07317487,0.27502248,0.5991795,-0.17876132,-0.06755585,0.084034786,0.2989013,0.3048502,0.32483616,-0.15947129,-0.22786295,-0.16696893,0.26218867,-0.15232667,0.043688655,0.35018957,0.0033057511,0.4070844,-0.2156775,0.26652092,0.0838643,0.034193378,0.15299039,-0.14853057,0.35634658,-0.33524966,-0.29702994,-0.38327393,-0.15238313,-0.13851874,0.19833596,-0.44731805,0.017500527,-0.15485527,-0.14054294,-0.024586897,-0.07086,0.1462011,-0.20466843,-0.2794885,-0.017029025,0.18344492,-0.21129617,0.035517305,0.062399205,0.31713995,-0.06887833,-0.4828461,0.18928972,-0.35107842,-0.35630873,0.2232567,-0.18468507,0.0050227963,0.081689104,0.13448986,-0.031169994,0.1057228,-0.13249138,0.12943596,sport
-0.022030283,0.15866105,0.0062335907,-0.30174482,-0.27503794,0.34658292,-0.2088275,0.6265018,-0.04432008,0.5146398,-0.5507947,-0.046698656,0.595084,0.59681785,0.0069287205,-0.5087704,-0.084560946,-0.57996243,0.24089822,-0.24343272,0.25961605,0.0826818,0.2220535,0.4606989,-0.01200841,0.29754347,-0.58967793,0.45034784,0.023209758,0.15969525,0.26126355,0.1954831,0.30141157,0.2800887,0.23823951,-0.27938727,0.26592585,-0.14183828,0.12254844,0.11972467,-0.025185611,0.24446076,0.5911784,0.65241337,-0.074673064,0.16922204,0.21649173,0.27740768,0.4662538,-0.34204683,-0.06898141,-0.3916917,0.041343458,-0.030130234,0.36385867,0.27487066,-0.09292694,0.35360625,-0.3404229,0.31924745,-0.07198753,-0.05835693,0.09655812,-0.11633751,-0.044226967,-0.4485693,-0.43556267,-0.4800011,-0.14701024,-0.071754046,0.18304941,0.10156079,-0.13958366,-0.49406326,-0.11376408,-0.14773288,-0.025586639,0.31562236,-0.18330799,-0.3340618,-0.10943151,0.46883586,-0.4063937,0.2166999,0.12409079,0.048429664,-0.07817334,-0.94374716,-0.2555843,-0.32603085,0.19216287,0.5640038,-0.49351835,-0.32406563,-0.24741228,0.19639665,-0.30568725,-0.032249514,0.11487746,-0.24660927,sport
0.047730904,0.29914728,0.2806317,0.021237545,-0.07741351,0.3983894,-0.35379368,0.60222423,-0.46900588,-0.13595225,-0.51218873,-0.32131767,0.64438075,0.44490162,-0.10271261,-0.17946889,0.09934571,-0.6676364,0.47495976,-0.3183992,0.01322833,0.033624776,-0.25190595,0.4232266,-0.11857861,0.08757156,-0.41054875,0.20453571,-0.10788319,-0.17305993,-0.01664076,0.28763494,-0.31708333,0.059061706,0.1791327,-0.16257003,0.25748843,-0.07663616,0.36364254,-0.075133905,-0.0455477,0.17589927,0.56350595,-0.1762635,0.10793116,-0.06585926,0.31024018,0.25532752,0.3519961,-0.1434149,-0.2368737,-0.17600578,0.17561573,-0.08046321,-0.09575861,0.10865297,0.08896752,0.28550178,-0.09030317,0.3934716,0.122999124,0.019058868,0.009210279,-0.11593454,0.43652567,-0.3785383,-0.027908677,-0.55233365,-0.06431267,-0.20207098,0.107816406,-0.5091063,-0.22691149,0.030523874,-0.25027153,-0.15298276,-0.16325746,0.09452635,-0.1981222,-0.29388005,-0.055134702,0.024465583,-0.24112196,0.13956137,0.116112016,0.35967124,0.12026695,-0.6275009,0.10471022,-0.31942037,-0.16631158,0.049799737,-0.34806755,0.0814991,0.07114543,0.10251851,-0.12060924,-0.0046084425,0.1061303,0.21686496,sport
-0.025646277,0.31246278,0.2853277,0.16439854,-0.1754433,0.45084822,-0.12351697,0.68646395,-0.36158013,-0.25652984,-0.5405613,-0.48151603,0.5029522,0.46390316,-0.2503677,-0.34574103,0.073903255,-0.40440625,0.31464982,-0.3922749,0.0019068898,-0.035652723,-0.32410464,0.44680282,-0.07443557,-0.024261866,-0.38963082,0.31689408,-0.1874463,-0.23584634,-0.12040407,0.32163078,-0.33736378,-0.10785112,0.29055545,-0.14965568,0.2385487,-0.05445964,0.34554565,-0.13256456,-0.09020217,0.06084699,0.44931373,-0.05738194,0.20203702,0.19923519,0.4080793,0.3815561,0.40185884,-0.22605802,-0.31123626,-0.36855835,0.2383533,-0.13516572,0.15683006,0.25533938,0.008990867,0.35373768,-0.22241004,0.35492805,0.17090464,0.007819965,0.14417991,-0.02025351,0.34994227,-0.0913354,-0.0319952,-0.4574785,-0.015547655,-0.16733377,0.21505482,-0.42656675,-0.2877697,0.17464754,-0.32392806,-0.36666405,-0.088763855,0.025956105,-0.2731094,-0.36419615,0.28823236,0.16786037,-0.1639416,0.0049970397,0.061444666,0.25024167,-0.061687216,-0.47859693,0.15915617,-0.21155103,-0.1747295,0.10024451,-0.17056887,0.11420235,0.12578954,0.07148786,-0.22968766,0.043628484,-0.023763053,0.07530409,sport
-0.015150907,0.35568053,0.32446355,0.15672596,-0.20771167,0.5190986,-0.25121072,0.3371092,-0.25812265,-0.20606647,-0.47698635,-0.56187594,0.6620582,0.36557436,-0.30254814,-0.3428502,0.16721898,-0.49255684,0.27390897,-0.39540467,0.06131309,0.1254911,-0.35401794,0.6201136,0.01908098,-0.07640167,-0.42198712,0.339223,-0.2515417,-0.07776549,-0.33493066,0.17593747,-0.2640086,-0.08081898,0.14546621,-0.15305306,0.40903562,0.033578895,0.38881424,-0.1578081,-0.028782181,0.33484146,0.42628828,-0.23175985,0.2367509,0.19387284,0.4266908,0.399023,0.407647,-0.15524319,-0.31098223,-0.26060972,0.17238414,-0.046948995,0.15021607,0.30277702,0.0099778045,0.41835752,-0.36151242,0.28342766,0.050122656,-0.14132807,0.12890534,-0.16310988,0.29981488,-0.07235735,-0.16960059,-0.41013226,-0.09562104,-0.14724119,0.41726476,-0.6145352,-0.19250518,-0.08063076,-0.12971644,-0.017050153,-0.0028020176,-0.0013680147,-0.3393323,-0.38325274,0.13183665,0.21550924,-0.39978316,0.12592557,0.080549076,0.3090143,-0.21358116,-0.48542032,0.26318726,-0.22063814,-0.25078943,0.14014295,-0.11836386,0.03284638,0.12296685,0.16612233,-0.184489,-0.06254839,-0.10461341,0.2852316,sport
0.11666324,0.118800774,0.15567708,-0.014170435,-0.42691666,0.6997079,-0.09664814,0.3973066,0.026414886,-0.009827467,-0.14058557,-0.24093898,0.6396333,0.85191566,-0.16556318,-0.13217768,-0.11581917,-0.5157406,0.11145967,0.02758972,0.043482188,0.0012458075,0.39479885,0.45627242,0.21193567,0.043422837,-0.07524613,0.5116486,-0.0062408047,-0.2407536,0.25416327,0.20297852,-0.34128106,0.17750882,0.006676336,-0.029394463,0.2313238,-0.32392856,0.20092675,0.14508843,0.14823851,0.0651235,0.5031248,0.003083072,-0.15376708,0.15142728,0.2790213,0.5308151,0.50786126,0.0076318956,-0.02991145,-0.28312647,-0.31896886,0.12962167,-0.03680977,-0.18570057,0.22476475,0.42579538,-0.35555333,0.6399971,0.061503906,0.06589634,-0.23623618,0.11083679,0.29957563,-0.23992006,0.0106582735,-0.6405395,0.13228652,-0.24806008,0.20398875,-0.23618376,-0.12526518,-0.031427104,0.16649857,0.22587076,-0.16322112,-0.18648322,-0.4458224,-0.31483784,0.3305866,-0.07143977,-0.44757572,0.07390165,-0.13067105,0.26098686,0.0107330475,-0.908378,-0.07319566,-0.25622612,-0.12666707,0.49188438,-0.22116002,-0.19499323,-0.19939213,0.024904586,-0.009096103,-0.022116765,-0.22759716,-0.04036879,sport
0.12940966,0.11111449,0.02017717,-0.060022563,-0.49525356,0.39741996,-0.1846269,0.2896858,-0.040652063,-0.15085183,-0.21182013,-0.42218846,0.35990217,0.4386517,0.10590567,0.03568324,0.11074771,-0.5278784,0.25495985,0.031540904,0.23670211,0.1586375,0.22677836,0.32039514,0.021225084,0.17355853,-0.19015123,0.48596877,-0.3433702,0.14805698,0.1814286,0.44719067,-0.40609136,0.081572674,-0.31083244,-0.047705118,0.04489823,-0.28092444,-0.055011563,0.041650627,-0.039126504,0.4491107,0.52270633,-0.056015503,0.25129274,0.17943345,0.4556625,0.48105925,0.7708667,-0.03858034,-0.27210063,-0.27259293,-0.37845224,0.2077764,-0.075007126,0.054142643,-0.025791343,0.24253456,-0.6154111,0.36113816,-0.29373693,-0.21929932,-0.50371873,0.029669663,0.29411963,-0.42294025,-0.085399374,-0.44355965,-0.10488026,-0.08427636,0.1507108,-0.21189451,-0.5407156,-0.13046345,0.11224397,0.22260156,0.28372827,-0.554704,-0.09458355,-0.4891098,0.12194532,0.06868571,-0.5777262,0.3029962,0.13624121,0.13862762,-0.046492074,-0.383965,0.22442584,-0.5719677,0.062345207,0.5917643,-0.40877318,-0.30574444,0.11282005,0.32162932,-0.05349637,0.08442246,-0.4031422,0.123688385,sport
0.03785311,0.3847844,-0.06937868,0.10328827,-0.06839619,0.6936538,0.0904324,0.5225262,-0.24836698,0.11777816,-0.40375093,-0.17628431,0.5314867,0.42941433,-0.18947375,-0.28331602,0.100521706,-0.7208297,0.3493434,-0.16298582,0.1819184,0.032661702,0.1458257,0.5438416,0.28333673,0.1661614,0.118393645,0.3026026,0.26813564,-0.24716331,0.36851665,0.452995,-0.18621296,0.03884358,-0.029430673,-0.1325748,0.24016899,-0.08124054,0.14814934,-0.035972524,0.21772969,0.020722602,0.66670114,-0.16879934,-0.017820595,0.09247833,0.13671784,0.27947837,0.50963485,-0.09843514,0.3702202,-0.024235565,0.10897863,0.23316343,0.0967797,-0.2969797,0.16549198,0.5037334,-0.5430421,0.50779986,-0.3413398,0.08616052,-0.4907059,0.1315038,0.28580624,-0.23657908,-0.18320385,-0.38956416,0.23620507,-0.3259587,0.11271582,-0.36061838,-0.24590394,-0.128024,0.088585876,-0.11206493,0.15238297,-0.12699471,-0.07205174,-0.34828523,0.20861979,0.11042767,-0.2889726,0.113792665,-0.18423328,0.5975037,0.307701,-0.8474349,-0.19252086,-0.54243475,-0.17008078,0.25108552,-0.30990553,-0.0009401132,-0.17725505,0.08906553,0.13627271,0.007980973,-0.095404714,-0.11132058,sport
-0.065807916,0.25667825,0.2130031,0.009956711,-0.5079211,0.49751592,-0.05112228,0.27968985,0.0034503832,-0.08622612,-0.11118741,-0.18209234,0.34851944,0.7034075,0.07638895,-0.11759912,0.20830299,-0.6434125,0.043113917,0.010898903,0.1578668,-0.043699183,0.014064308,0.35915676,-0.08488,0.06464169,-0.21136574,0.4165357,0.11266846,-0.22583441,-0.01782031,0.40131336,-0.07104279,0.23991299,-0.05746891,0.26271445,0.25176865,-0.16746019,-0.005750173,-0.044259228,0.03055493,0.28946525,0.837954,0.032045946,-0.1813126,0.113466576,0.25270763,0.35744798,0.58918566,-0.1694385,-0.16824014,-0.14544746,-0.17105061,0.1714075,0.061292067,-0.20233338,0.14001472,0.2021661,-0.047699615,0.4052822,-0.25452614,-0.26693702,-0.11892848,0.0943245,0.19473724,-0.5299093,-0.20632602,-0.33456582,-0.015740173,-0.47202685,0.4798106,-0.49269474,-0.11560431,-0.06710171,0.4783556,0.053015683,-0.10583923,-0.13144854,-0.4159323,-0.25692368,0.22306137,-0.12584248,-0.3461389,-0.15253834,-0.21322532,-0.18878116,0.03872336,-0.9771131,0.09789849,-0.44555426,-0.44622815,0.41909498,-0.11430164,-0.26113892,0.027821649,0.4252778,0.06901963,-0.086809665,-0.2091383,0.083165504,sport
-0.021540169,0.19294323,0.31352004,0.076794244,-0.57294357,0.6425731,-0.107833646,0.21473286,0.07579255,-0.23250176,-0.24938034,-0.12496233,0.48590186,0.6115305,-0.2933871,-0.350665,0.06884709,-0.52496135,0.30312106,0.11668136,-0.12967801,0.07639384,-0.047089037,0.3140699,-0.20930044,0.07767148,-0.2348935,0.35455889,-0.19774713,-0.30839407,0.13473417,0.07877487,0.04733196,0.13443458,0.26015666,0.28418145,0.20718217,-0.3960407,-0.14885022,-0.073054634,0.15222019,0.39381886,0.8549419,-0.0142754195,0.23097196,0.3507467,0.19892989,0.31543708,0.53464925,-0.26699424,0.04303746,-0.1339769,-0.3252444,0.10918494,0.031482026,-0.020195719,0.12301989,0.26207882,-0.49503452,0.4585076,-0.10574523,-0.21126129,0.115794905,0.108812615,0.18329221,-0.76950574,-0.33407596,-0.6691529,-0.31737155,-0.29158378,0.2419105,-0.3687249,-0.115420885,0.050311748,0.35001197,-0.1933213,-0.07982296,-0.26095352,-0.57447135,-0.14295422,0.21793135,-0.06446519,-0.4595611,0.091967255,-0.100353435,-0.0750803,-0.13134748,-0.8102189,0.083484866,-0.43059686,-0.32823297,0.6147213,0.059066664,-0.6121137,-0.07118475,0.27433243,0.10015155,-0.09888233,-0.16672716,0.21014874,sport
0.040715702,0.40628117,0.011316946,-0.019560818,-0.1896171,0.55298746,0.03828682,0.493738,-0.28938982,0.2074303,-0.49828023,-0.14238638,0.43681002,0.4416797,-0.21306148,-0.28485227,0.101027824,-0.6976287,0.41860926,-0.09237692,0.15765896,0.14577432,0.059960287,0.413645,0.17044136,0.16594173,-0.05750169,0.28870332,0.20287599,-0.13038369,0.26934156,0.42384842,-0.15589406,0.07697876,0.010388419,-0.20832407,0.20473264,-0.020339245,0.32337072,0.07508441,0.17021696,-0.06073159,0.5757895,-0.11212374,0.0431371,-0.037836432,0.21735142,0.22264549,0.5377003,-0.17626774,0.22288968,-0.12876564,0.083173916,0.11150705,0.05337222,-0.20547503,0.122562036,0.44473553,-0.51916385,0.43697208,-0.18389802,0.115899615,-0.36623406,-0.031987466,0.33474,-0.19400899,-0.13052686,-0.4263799,0.24328387,-0.24934097,0.12795302,-0.4367847,-0.32973155,-0.044905648,-0.010915272,-0.13688391,0.18763351,-0.058861207,-0.108869925,-0.33846444,0.0692194,0.1388722,-0.24084139,0.009551928,-0.080579355,0.5480115,0.271546,-0.7308646,-0.14049396,-0.52096945,-0.22643451,0.1273374,-0.40832776,-0.047034908,-0.15919103,0.10734386,-0.010207271,0.074307494,-0.09047823,-0.056910694,sport
0.1103471,0.20341179,-0.0030107212,0.08019359,-0.5016153,0.505995,-0.15544921,0.31485933,-0.008211018,0.02800226,-0.056047082,-0.23995724,0.43140528,0.57656544,0.072957836,-0.02892394,-0.020093167,-0.54773164,0.3518724,0.08357816,0.2476453,0.12019604,0.23894559,0.14415886,-0.057810165,0.18194044,-0.23726991,0.47829172,-0.1264971,-0.14557058,0.3927005,0.43494636,-0.5193498,0.12717223,-0.16899925,0.13902138,0.11388939,-0.35795075,-0.15246569,0.12041023,0.17775212,0.25149554,0.6416182,0.032088578,0.18124498,0.21400438,0.38691473,0.4020431,0.7377173,0.08786055,-0.30445862,-0.49233207,-0.2744981,0.26927635,-0.07600092,0.12567118,0.19628325,0.2408787,-0.64284253,0.5433222,-0.23488225,-0.011720581,-0.3607924,0.2235264,0.20731547,-0.34160998,-0.11085101,-0.5039149,-0.033887446,-0.1442892,0.027688198,-0.18746157,-0.4609066,-0.13466306,0.2213104,0.049399726,0.13301066,-0.586948,-0.087360926,-0.24068916,0.25481436,-0.18855663,-0.39887378,0.269998,-0.061595116,0.0714165,-0.09478673,-0.49069592,0.15143563,-0.5262612,-0.07596475,0.6688658,-0.27951208,-0.30626374,-0.19351083,0.20625463,-0.008346386,0.0969992,-0.34783784,0.123135306,sport
-0.080645435,0.349707,0.12375989,0.19113828,-0.39744416,0.20072913,0.25850222,0.04508762,-0.17476591,-0.10082465,-0.56524813,-0.15232088,0.48374695,0.29465914,-0.09548521,-0.26095316,0.6301346,-0.55887675,0.0030556726,0.21621795,0.14287524,-0.19443552,-0.5706698,0.16992758,-0.07129916,0.066283286,-0.18347679,0.022603726,0.4047689,-0.058617327,-0.13030355,0.33620733,0.01443959,0.18270618,0.08564355,-0.08057439,0.37122414,0.054868404,0.44153562,0.19505125,-0.1500313,0.040074673,0.5462027,-0.1159334,-0.062049236,0.25421393,0.20562696,0.65868527,0.1916794,-0.08571626,0.0077405814,0.070246354,0.33824185,-0.09561893,0.3990669,0.15181643,-0.14371105,0.4653029,-0.39950022,0.21026753,-0.3423615,-0.073229894,-0.30599475,0.11781437,0.4922188,0.071992055,-0.12310615,-0.2392181,-0.08158616,0.13839227,0.06667371,-0.29832625,-0.2542737,-0.089476965,-0.24231221,-0.021905072,0.16176319,0.12913166,0.08570197,-0.10765744,0.14262542,0.32262966,-0.31192252,-0.056356285,-0.2546902,0.4678857,-0.057499275,-0.44088116,-0.04426346,-0.62140304,-0.11501269,0.2652004,-0.1271816,-0.32525668,0.57833314,0.39910045,0.12249985,0.20099719,-0.28302705,-0.15439801,sport
0.060087908,-0.03974285,0.25081983,-0.11242956,-0.29643643,0.17243746,0.01514165,0.1845338,0.17860968,0.4895128,-0.60710824,-0.08205994,0.5737989,0.41659716,0.0013797869,-0.21220815,0.2180716,-0.76208836,0.51663095,-0.15486215,-0.05974821,0.00835805,-0.2488479,0.36079082,0.11440667,0.21829812,-0.334384,0.78226304,0.040529657,-0.03131803,-0.07934568,0.015668675,-0.2665422,-0.07180499,0.3993841,-0.14361352,0.16386431,0.15326747,0.53583384,-0.013842946,0.034772355,0.074983835,0.5198761,-0.25966626,-0.031861685,0.25394288,0.30887294,-0.053821925,0.4033546,0.14218482,-0.31411043,-0.1766661,0.12581739,-0.033421427,-0.043806776,0.1480704,0.021816768,0.3627923,-0.4377662,0.3119979,0.026785191,0.34523487,-0.12503365,0.0072404016,0.045160104,-0.107966274,-0.23424004,-0.31874448,0.050980672,0.08456856,0.22796929,-0.5708522,-0.56693333,-0.062189426,0.016920568,-0.20351966,-0.24464379,0.025299164,-0.29771724,-0.29057723,0.056958113,0.18116705,-0.014071328,-0.061738502,0.1045197,0.16108485,-0.16062763,-0.56943375,-0.0760581,-0.4035067,-0.19043975,0.19473466,-0.02617479,-0.6219837,0.3463197,0.13655424,-0.4252328,-0.2048753,0.28010836,0.24456945,sport
0.044771742,0.030534497,0.11039061,0.077510744,-0.49763897,0.4251248,-0.06562922,0.44891658,-0.16027339,-0.31459212,-0.28642735,-0.3153434,0.38625237,0.42999065,-0.0058477125,-0.13242841,0.24312411,-0.5808057,0.34099343,-0.032253724,0.13447237,0.15608732,0.14083482,0.3267296,-0.19301574,0.12629057,-0.16477518,0.49737823,-0.33854657,-0.035079695,0.372962,0.2728704,-0.31545982,0.09951209,0.01872385,-0.018055012,0.01805339,-0.31732738,0.08659465,0.28170246,-0.009702952,0.10449861,0.58067393,0.06651411,0.26282498,-0.25533396,0.29363525,0.3783583,0.7339717,-0.22275501,-0.1500739,-0.25763893,-0.2339951,-0.03981257,-0.09033361,0.1993208,0.18387195,0.18735953,-0.32062835,0.21760179,0.042492636,-0.35862085,-0.10136532,-0.005357171,0.49043274,-0.27801046,-0.02932246,-0.29984203,-0.10366048,-0.25330412,0.2420335,-0.18433115,-0.12596528,-0.17910767,0.0073779905,0.094958216,-0.06604245,-0.16554916,-0.45121142,-0.5391505,0.09844275,0.109991215,-0.5212805,0.041318964,0.09536036,-0.05333758,-0.16482776,-0.58126825,0.11115778,-0.34808102,0.19381975,0.38855526,-0.3999235,-0.21927531,0.39080602,0.21765445,-0.25808477,-0.00085205334,-0.4342398,0.33549568,sport
0.04253385,0.29810682,-0.06539531,0.099239506,-0.1880035,0.5025441,-0.08000797,0.44627863,0.09083805,-0.057511766,-0.16010816,0.08424481,0.59919137,0.6404838,-0.21724027,-0.52375627,-0.09893192,-0.7075767,0.36191776,-0.014625076,-0.020593608,0.09893538,0.16388561,0.4124659,-0.091906026,0.29939437,-0.26614383,0.2952322,0.047741257,-0.2588775,0.13820973,0.0697162,-0.07617548,0.1772248,-0.119106375,0.06076002,0.19739446,-0.521811,-0.20230614,-0.008742388,0.12255326,0.20560807,0.86029935,-0.251083,0.0015308249,0.26168948,0.10370416,0.35634542,0.53211945,-0.20939751,-0.12871192,-0.21065494,-0.20979679,0.19286738,0.08152184,0.06812295,0.08880554,0.21392503,-0.6703683,0.39686522,-0.35027036,0.051512167,-0.14628576,0.11244717,0.040405907,-0.4669132,-0.09959785,-0.63318455,-0.11783085,-0.33504432,0.21400584,-0.2266205,-0.032352082,-0.22601895,0.32683113,-0.2355747,-0.30142382,-0.13368015,-0.40694374,-0.3375829,0.41614127,-0.18593772,-0.3945055,0.2670283,0.0814112,0.18296011,0.003546405,-0.79591674,0.22644924,-0.2665627,-0.2442177,0.5197987,-0.05817542,-0.58353925,-0.101352274,0.07793205,0.33843777,0.123544484,0.044614382,0.14395937,sport
-0.004202892,0.19259924,0.2939065,0.16665131,-0.5414504,0.72400725,-0.23630781,0.21429878,-0.0423104,0.14559513,-0.22634032,-0.11576017,0.73376936,0.6773961,-0.17816643,-0.25817302,0.21246019,-0.60125184,0.2102035,0.16293478,0.17367159,0.15713581,0.43974084,0.44505686,0.0041326643,0.15256076,-0.19863176,0.54867405,-0.1455245,-0.22348213,0.23503631,0.2888902,-0.1320956,0.26339495,-0.1294117,0.118242,0.14224958,-0.31153664,0.025570113,-0.012202811,0.18589662,-0.046237443,0.7768343,0.01823104,0.09809547,0.09798069,0.24950391,0.27012232,0.39579037,-0.07467588,-0.12556052,-0.31612363,-0.43184036,0.23934086,0.07514394,0.054168314,0.14176156,0.29238886,-0.18850002,0.45104232,-0.17389995,0.006481326,-0.25685874,0.11057696,0.31432417,-0.30589366,-0.18414006,-0.44924134,0.15416202,-0.12992616,0.3228569,-0.28976378,-0.1756834,-0.10947496,0.3140929,0.044408984,-0.08773635,-0.02870743,-0.38518888,-0.25399566,0.32039773,0.120708555,-0.5000918,0.3377868,-0.14928406,0.01355714,-0.10240148,-0.78004175,-0.0065863533,-0.29158425,-0.2513285,0.47055236,-0.16934219,-0.2693914,-0.10701915,0.21200836,-0.011298423,0.14765084,-0.2651218,0.18941683,sport
0.3167616,0.11825696,0.21915044,0.21044172,-0.4739911,0.76917475,-0.22450507,0.3917679,-0.041009836,0.0638908,-0.36986458,-0.31332096,0.57355905,0.7708535,-0.34851924,-0.1497457,0.021135746,-0.63862157,0.12561919,0.22890581,0.009900303,0.10661661,0.46530923,0.29459405,-0.024009496,0.20818871,-0.48590934,0.71489084,-0.22856489,-0.44342303,0.31195903,0.2823655,-0.1073047,0.28117013,0.0005551582,0.1769734,0.12540688,-0.40080833,-0.06820225,-0.12578022,-0.10563844,-0.030847875,0.7051893,-0.078108504,0.10956279,0.15011851,0.19820857,0.2696299,0.5197533,-0.23691578,0.04699784,-0.3710933,-0.3630825,0.008817686,0.0016404457,-0.09521144,0.11088771,0.43581435,-0.085527405,0.5089471,-0.09758162,-0.05962581,-0.2530824,0.23492593,0.17213699,-0.29732075,-0.14810492,-0.34417874,0.32236624,-0.08884493,0.06388079,-0.2778247,-0.1758636,-0.023026653,0.15002461,0.07262987,0.043160092,-0.11284217,-0.3073716,-0.32949182,0.18340224,-0.13414912,-0.41620994,0.31517646,-0.1483135,0.11196934,0.16663112,-0.9651378,-0.039141122,-0.26146108,0.09461921,0.3723609,-0.20807375,-0.20606191,-0.0044032093,0.09591237,-0.27962568,-0.01904686,-0.124713756,0.04704815,sport
-0.06015863,0.21161361,0.28468582,0.037190903,-0.5286371,0.30327672,0.075939454,0.27994686,0.04357635,-0.2937147,0.0071588466,-0.3532974,0.5173311,0.7020609,-0.09396027,-0.2103444,0.34398618,-0.5483014,0.3483781,0.16055986,0.2760935,0.119546406,0.04924289,0.13838813,0.24057075,0.09376656,-0.024003258,0.27106357,-0.05194328,-0.073712096,0.33652604,0.28045768,-0.14622872,0.06470286,-0.12820052,0.021629646,0.31240198,-0.5290723,0.027752154,0.2993872,0.08214029,0.20906624,0.37874365,-0.04131878,0.04124356,-0.13800946,0.35047564,0.43501127,0.50978386,-0.36918363,0.18302572,0.103745334,-0.22988236,0.28117275,-0.021888902,0.009940525,-0.10331226,0.1720404,-0.49962842,0.40661627,-0.058327887,-0.3781361,-0.11490483,0.13316797,0.45261952,-0.21864615,-0.26058537,-0.36987758,-0.06555287,-0.33596006,0.36808732,-0.1719381,-0.35869914,-0.104883045,0.21921904,-0.14316653,-0.33439404,-0.35640642,-0.07541259,-0.3855719,0.05829292,0.01420345,-0.3508598,-0.051930454,-0.34951308,0.15190215,-0.10849091,-0.394856,0.039730497,-0.61540985,-0.010841387,0.7004583,-0.22835279,-0.12619922,0.22204313,0.2802996,-0.073474474,-0.0075452444,-0.3171208,0.010028878,sport
-0.15516697,0.31268418,0.17322028,0.08579757,-0.23208621,0.5346108,-0.18664013,0.5607926,-0.2624466,-0.1701762,-0.47303975,-0.29864046,0.6894794,0.34675056,-0.25237015,-0.25900683,0.08054369,-0.5846861,0.26714084,-0.14222203,0.0061176955,0.16298635,-0.2874908,0.43836516,-0.12878588,0.14041118,-0.48283988,0.35134065,-0.14462122,0.017320935,-0.0006393642,0.13316561,-0.17394403,-0.09290841,0.21261676,-0.10829189,0.43679675,-0.10914689,0.3159196,-0.17920455,-0.11709109,0.056869704,0.42126438,0.03968376,0.15425423,-0.050636016,0.33365357,0.17432205,0.28776884,-0.06703739,-0.2595807,-0.24218872,0.044302654,-0.027570857,-0.12410991,0.39635724,0.20897557,0.24742289,-0.418091,0.32655838,-0.017588578,-0.024721391,0.33213142,-0.13022172,0.41666424,-0.26246646,-0.31336647,-0.7259859,-0.22168563,-0.005011503,0.2675793,-0.49413717,-0.14800999,0.049035396,-0.29168233,0.005082081,-0.17771535,0.11310549,-0.15708041,-0.16448303,-1.06093885e-05,-0.13496722,-0.3428184,0.2514678,0.18542367,0.25571734,-0.18529858,-0.6760084,0.20841931,-0.35266486,-0.46842396,-0.05401844,-0.4727332,-0.04917145,-0.14217135,0.14218877,-0.19816853,-0.14389807,-0.0149994055,0.31208667,sport
0.08098923,0.5056095,-0.0832718,0.047300894,-0.003025393,0.7512628,0.13802591,0.59022415,-0.28309143,0.16203061,-0.420292,-0.29286987,0.46830586,0.38447547,-0.31330022,-0.38665983,0.053246252,-0.77502996,0.3480486,-0.2582165,0.2552756,0.12313004,0.1825697,0.52946657,0.4165042,0.061643444,0.093940265,0.43043524,0.28345,-0.2653675,0.433325,0.5529259,-0.1337461,0.04037148,-0.045649346,-0.10544765,0.19072802,-0.039096322,0.26776576,-0.036424533,0.26972678,0.10842485,0.68538207,-0.13413617,-0.02757328,0.11234695,0.14652276,0.20297492,0.5664611,-0.14434578,0.47768185,0.12427491,0.020101687,0.23005338,0.13894427,-0.3129464,0.14512134,0.5605918,-0.61190206,0.58440006,-0.3417044,0.0030404036,-0.640447,0.12599346,0.335393,-0.19773829,-0.24497882,-0.3602481,0.36721414,-0.39808503,0.13058671,-0.3481104,-0.28181174,-0.11481985,0.05057904,-0.09667042,0.29134214,-0.2074085,-0.026495578,-0.33226505,0.22719496,0.097165525,-0.23892663,0.15089433,-0.24755147,0.77345836,0.48490745,-0.931367,-0.29691008,-0.701159,-0.11237116,0.3039232,-0.34973502,0.069915324,-0.12824881,0.12288114,0.11537729,0.07097307,-0.22647785,-0.23719355,sport
-0.087049715,0.1052829,0.271696,0.030399926,-0.49866846,0.5038005,-0.11192217,0.20342182,-0.011124439,-0.22365394,-0.38635424,-0.18894683,0.52107185,0.5331226,-0.14882657,-0.25613728,0.2487295,-0.5219872,0.29862353,0.15516634,-0.12936467,-0.02255512,-0.16654453,0.39651975,-0.3190473,0.061425366,-0.14575669,0.258472,-0.08250105,-0.43076003,0.08291337,0.22804777,0.019601922,0.21072908,0.22876616,0.29430526,0.22829987,-0.20208323,0.07124171,-0.10070258,0.2066951,0.36258703,0.90211976,0.1250434,0.10959951,0.35195166,0.17312568,0.27157035,0.55563575,-0.28014094,0.12708086,0.0048933863,-0.28556323,0.0034250924,0.13881065,-0.073427826,0.16270585,0.36384457,-0.35200337,0.31478238,-0.18927383,-0.19490029,0.10595274,-0.013943206,0.36947244,-0.83247524,-0.432007,-0.53187597,-0.22934312,-0.30355972,0.25725254,-0.33118844,-0.20288906,0.0236228,0.31473184,-0.23320511,0.0012697628,-0.20223269,-0.40321767,-0.058672693,-0.005983626,0.10619289,-0.38910538,0.04680371,-0.18066725,0.05302497,-0.14469375,-0.73311955,0.038210697,-0.5438453,-0.36013037,0.71968955,0.009586171,-0.4720604,-0.0007773888,0.33079055,0.2802851,-0.016324064,-0.19627391,0.17678642,sport
0.003997451,0.19706589,0.067326926,0.17001645,-0.32257247,0.4839403,-0.23163033,0.4059772,-0.00944014,-0.07159831,-0.20059513,0.037258003,0.5050557,0.7333819,-0.21354847,-0.46988612,0.06567482,-0.65477395,0.3959314,0.12615336,0.06996947,0.026665319,0.22118264,0.37592304,-0.083440304,0.18140635,-0.23855461,0.31765825,-0.07301865,-0.22808453,0.1920109,0.19870424,-0.056621064,0.21338034,-0.08350671,0.08145427,0.20077029,-0.5147123,-0.19769414,-0.06226947,0.16165875,0.22810249,0.8431382,-0.07649401,0.017605597,0.17403033,0.15864286,0.34504637,0.5672968,-0.16910456,-0.22553621,-0.1904775,-0.29654193,0.21428916,0.1345475,0.01946958,0.14563753,0.25934514,-0.49360967,0.43085706,-0.17674507,-0.037925012,-0.098964915,0.05315325,0.14785126,-0.45932704,-0.23731199,-0.5262823,0.003105293,-0.3157928,0.2541216,-0.39061287,-0.061941594,-0.06710589,0.3283812,-0.07532402,-0.12951195,-0.20160261,-0.48697776,-0.27652535,0.35974863,-0.10524478,-0.32989168,0.26876354,-0.043978315,0.091603816,-0.01974564,-0.7698473,0.09040756,-0.23452333,-0.27680206,0.59114164,-0.08051382,-0.39692053,-0.1089455,0.19585209,0.1173509,0.15022294,-0.08857785,0.22846168,sport
0.18615988,0.11018855,0.20164548,0.1799309,-0.50295985,0.815736,-0.30440998,0.37368524,-0.055043455,0.043817867,-0.3015722,-0.18296683,0.5619431,0.7757309,-0.24563453,-0.16991337,0.11647628,-0.62141985,0.21871309,0.20912628,-0.047259286,0.20193243,0.39301968,0.27208215,-0.08367588,0.2986258,-0.40329435,0.703294,-0.182678,-0.35589367,0.30511066,0.24308315,-0.14911273,0.25370654,-0.060138997,0.16451915,0.13127121,-0.28983358,0.019291818,-0.10565097,-0.045851864,-0.084332295,0.8484387,-0.113758914,0.061060973,0.11746805,0.11969955,0.20492294,0.4707464,-0.12699734,-0.117537215,-0.2526589,-0.29801628,-0.12965587,0.07266387,-0.059459463,0.15357491,0.27326393,-0.23486738,0.41477883,-0.14857751,0.028924048,-0.18714939,0.08272006,0.105179906,-0.26050338,-0.25195575,-0.5350582,0.32109523,-0.20271924,0.22359374,-0.3288986,-0.115708485,-0.055927504,0.15627855,0.07067305,-0.056324944,-0.11491578,-0.30935875,-0.22097503,0.19616352,-0.14276472,-0.53381246,0.19538644,-0.14623445,0.015625948,0.04609238,-0.820205,-0.07589985,-0.38634256,0.01876351,0.28888145,-0.17130128,-0.17878732,-0.0203516,0.17599954,-0.2569573,-0.009670219,-0.17869888,0.109423116,sport
-0.063376784,0.321175,0.29731464,0.10011273,-0.59810317,0.53812087,-0.05418343,0.3814589,-0.046822436,0.03573518,-0.16868171,-0.21669397,0.43816775,0.8139367,-0.032460272,-0.15435636,0.24820368,-0.5354014,0.047688,-0.023807526,0.06722054,0.011156198,-0.0011138183,0.2906226,-0.050234415,-0.020845538,-0.2110422,0.38023037,0.19297892,-0.29433703,-0.021771431,0.4011412,-0.060025133,0.2045733,-0.002798986,0.20999126,0.21024318,-0.19216281,0.0573085,0.08327806,0.062051952,0.21241692,0.8195247,0.067863286,-0.12395445,0.00023208754,0.30018398,0.3413402,0.5128905,-0.21705508,0.0006661848,-0.14217806,-0.18435308,0.18952985,0.06757391,-0.15284202,0.2522725,0.12524481,-0.01552122,0.34893727,-0.1639181,-0.28827,-0.019650398,0.0038209583,0.17466982,-0.6049686,-0.13690348,-0.5011575,-0.013546735,-0.33453694,0.45334426,-0.44454634,0.019754013,-0.029965527,0.40771365,-0.0027556329,-0.046126857,-0.056713473,-0.440924,-0.28846076,0.13594519,-0.03205579,-0.32343662,-0.14245585,-0.11090134,-0.23188469,-0.11360115,-0.91368246,0.0138425855,-0.492076,-0.44372702,0.52432656,-0.11696368,-0.300101,-0.025749182,0.43349802,-0.022661705,-0.038759816,-0.1990106,0.042860094,sport
0.060939465,0.315375,-0.08903867,0.11040354,-0.31713063,0.42626753,-0.10391624,0.4576647,0.13846833,-0.039279994,-0.18871094,0.089851364,0.6708041,0.60087353,-0.24430524,-0.5797358,-0.073666796,-0.69730717,0.4220061,0.078155026,0.041678373,0.057346843,0.17733105,0.4121404,-0.0883344,0.20392567,-0.18764368,0.34142026,0.06780192,-0.26960236,0.16995776,0.11934266,-0.062354613,0.19165297,-0.16771393,0.036558643,0.2635463,-0.38766882,-0.15636401,-0.032755896,0.12593812,0.16876832,0.82390887,-0.26326704,-0.08406422,0.21170625,0.10796692,0.3279507,0.5734006,-0.25946325,-0.10524904,-0.23150897,-0.20368671,0.17627925,0.11495993,0.07714484,0.16070081,0.16887072,-0.69974047,0.42257392,-0.29412162,0.088959046,-0.19906701,0.04153621,0.022539621,-0.46902725,-0.06584584,-0.6274821,-0.17033394,-0.33984473,0.21152477,-0.28674296,-0.07295012,-0.21061207,0.2818185,-0.20597337,-0.2844981,-0.28499708,-0.4684928,-0.29011124,0.48332912,-0.21691632,-0.35918334,0.30313137,0.08508449,0.20040464,0.06612151,-0.79450774,0.102276675,-0.20066065,-0.3173384,0.58505124,-0.038508866,-0.61340725,-0.1303928,0.09749458,0.3541067,0.15549567,-0.06713153,0.20981927,sport
0.11538723,0.16534498,0.26936162,0.24200042,-0.5737538,0.70625156,-0.27590126,0.371832,-0.05566901,0.043309864,-0.31303433,-0.1994399,0.6639318,0.82120377,-0.31165978,-0.21982174,0.10211628,-0.5598679,0.20347293,0.17831509,0.1063329,0.108025745,0.45443764,0.2724331,0.014357748,0.20138122,-0.33148617,0.5454242,-0.17703092,-0.4052614,0.28948766,0.29968566,-0.110246696,0.23381326,-0.048219692,0.22518569,0.15627459,-0.3991003,-0.08567587,0.009029011,0.05742534,0.008334816,0.829002,-0.016369855,0.15051413,0.05379329,0.2703654,0.2311562,0.55985415,-0.14259931,0.01617491,-0.29155186,-0.37522653,0.114879996,0.016188396,-0.078192666,0.09785385,0.3068129,-0.2369185,0.47031695,-0.16943194,-0.085251816,-0.26961645,0.17392106,0.30319986,-0.31679684,-0.14299768,-0.31397653,0.27184916,-0.20753182,0.16085626,-0.32465556,-0.14680307,-0.096888,0.23061755,0.019100705,0.0046938504,-0.11878937,-0.34411737,-0.28849548,0.2798832,-0.06013624,-0.4212685,0.24071671,-0.1987388,0.04142928,0.09859126,-0.91005,-0.08207439,-0.2845012,0.017890329,0.3608118,-0.09789889,-0.19374748,0.004713929,0.17370093,-0.23579697,0.07363202,-0.2590944,0.11747807,sport
0.06638718,0.4625666,0.017178053,0.10145447,-0.115899526,0.6279382,0.09258532,0.53170246,-0.34015903,0.047789544,-0.31933805,-0.21593864,0.37592772,0.22756003,-0.2897042,-0.3058782,0.09189988,-0.6563702,0.36533523,-0.18659972,0.17735909,0.08178522,0.08963485,0.45693663,0.2854651,0.17677818,0.040007364,0.34135354,0.1508942,-0.21375003,0.34751812,0.43188098,-0.15480094,0.05704538,-0.022386992,-0.16347262,0.40573508,0.081027895,0.19706845,0.038280997,0.28380594,-0.0058530774,0.6395416,-0.09122533,0.037227653,0.07619336,0.15125811,0.25685096,0.3606495,-0.17429289,0.47404882,0.06363398,-0.046352927,0.16667573,0.15914439,-0.29840434,0.12256937,0.5090748,-0.5012374,0.3878138,-0.20235555,0.14053704,-0.6165992,0.17443736,0.3087632,-0.18331903,-0.1835685,-0.37503067,0.28377724,-0.31411865,0.11818012,-0.25259203,-0.122917004,-0.1126173,0.03733903,-0.24751578,0.16803676,-0.15227151,-0.0030453468,-0.3893867,0.21212922,0.12554856,-0.18930236,0.1337332,-0.21707489,0.5659321,0.29510325,-0.7400707,-0.34890753,-0.68901783,-0.08971598,0.23135994,-0.27593577,-0.014241801,-0.16417292,0.161436,0.10064809,0.13422865,-0.21659848,-0.17049621,sport
-0.08886625,0.3858689,-0.08633745,0.19346893,-0.4335445,0.4253557,-0.0233882,0.27272606,0.018381417,-0.1312243,-0.062080152,-0.11869806,0.47019202,0.5363523,-0.30104196,-0.4676789,0.09656335,-0.68344426,0.50977033,0.10107757,-0.038108528,0.15406437,0.14039628,0.28727388,-0.15393919,0.1733019,-0.23791562,0.16334595,-0.23757824,-0.18693057,0.089904785,0.023620311,-0.042698007,0.13770811,-0.07388941,0.06494282,0.39607874,-0.61857045,-0.17737693,0.0246333,0.20834748,0.27111492,0.67371076,-0.09557767,0.019891199,0.23083472,0.25972274,0.36749187,0.38313776,-0.15282492,-0.08434291,-0.13598378,-0.29777658,0.3024535,0.117284335,0.10173885,-0.024139429,0.23916924,-0.77885437,0.5068852,-0.22592977,0.045001086,-0.04250486,0.100496486,0.1823202,-0.42507347,-0.11200906,-0.5495509,-0.18792927,-0.23561072,0.25720266,-0.17931397,-0.00024518179,-0.07538779,0.29232857,-0.26314577,-0.3504922,-0.30591425,-0.43675682,-0.39651054,0.29487848,-0.11370485,-0.30323577,0.3603703,0.049453504,0.20805767,-0.0011588556,-0.68618846,0.22953889,-0.46663186,-0.1331795,0.54731023,0.020454435,-0.564663,-0.11680344,0.22794738,0.19146372,0.18787009,-0.18462308,0.18762743,sport
0.091657124,0.28905746,-0.11106043,0.15655048,-0.32373908,0.40940925,-0.133594,0.47634846,0.106749564,-0.049091727,-0.15735632,0.005659438,0.64084435,0.5726859,-0.27483746,-0.540885,-0.097975194,-0.648364,0.36300918,0.0459471,0.08260647,0.035869807,0.18900694,0.33096707,-0.0817392,0.23026817,-0.21712539,0.33994707,0.100972384,-0.27601403,0.24266066,0.11576873,-0.05107881,0.24435404,-0.15640701,0.114832796,0.22900678,-0.46456474,-0.20662664,0.016572542,0.11742711,0.20192425,0.88887775,-0.22954734,-0.051143657,0.18058355,0.13604371,0.3491943,0.6107381,-0.23107325,-0.10819004,-0.30903786,-0.17668748,0.22341782,0.13736042,0.060576577,0.122769624,0.1230975,-0.66205627,0.35934588,-0.30388913,0.047347784,-0.2637502,0.11114047,0.07261211,-0.46088272,-0.044895146,-0.5998358,-0.17057967,-0.34250873,0.15924738,-0.23169352,-0.11147967,-0.18552199,0.36864918,-0.23345765,-0.24624878,-0.24678534,-0.434257,-0.31291446,0.4980102,-0.2734466,-0.35956967,0.31529206,0.06442821,0.09158539,0.029299853,-0.76793444,0.115453266,-0.2412524,-0.34155247,0.6631042,-0.0074117584,-0.6035671,-0.07207995,0.101076156,0.31233093,0.14661323,-0.073351204,0.16313697,sport
-0.047231525,0.2981104,0.22976242,0.04338014,-0.14205119,0.40212935,-0.107251115,0.6557801,-0.4752617,-0.26047742,-0.5168664,-0.4480956,0.5569678,0.35351837,-0.15534008,-0.41974345,0.116145946,-0.52324647,0.28902367,-0.3487686,0.04794455,-0.038244538,-0.40114138,0.38504156,-0.05051984,-0.024328345,-0.40350145,0.3547388,-0.0036511933,-0.18934086,-0.11304818,0.4154212,-0.3551256,-0.15555036,0.22152488,-0.07150791,0.3031706,0.010933766,0.36171594,-0.17414618,0.0059571005,-0.017621743,0.50884515,-0.117014796,0.21911895,0.25109455,0.36959973,0.36021382,0.42940813,-0.28614113,-0.28737238,-0.2729234,0.23202652,-0.14587264,0.30532733,0.2842601,-0.019171895,0.28415164,-0.13695782,0.31432703,0.09381142,0.09197186,0.008851092,-0.016107272,0.28532964,-0.08078025,-0.13189185,-0.39885235,-0.05944272,-0.17197652,0.37622255,-0.41508415,-0.3004673,0.09735862,-0.38515374,-0.4262695,-0.1373004,-0.076545656,-0.19201022,-0.40770656,0.27130693,0.14643101,-0.10883348,0.047596995,0.11277157,0.24335572,-0.03767689,-0.42411894,0.13177262,-0.22531669,-0.19956224,0.146779,-0.19535436,0.14967215,0.06848291,0.014775218,-0.21957017,0.22195403,-0.025536498,0.17253664,sport
-0.055380594,0.259308,0.17708176,0.16742097,-0.42685896,0.44584063,-0.30823725,0.35879904,-0.06850758,0.075107865,-0.116740264,-0.04111548,0.52627337,0.64719105,-0.109068885,-0.13506633,0.1575623,-0.3962696,0.068903394,0.045354716,0.20950909,0.08149441,0.37005344,0.2893795,0.1909032,0.26995355,-0.21440193,0.5014702,-0.048606254,-0.1767998,0.2439584,0.31246465,-0.15511231,0.18719184,0.0009428337,0.15605721,0.13420536,-0.45092025,-0.1798411,0.15356693,0.3431265,0.44576684,0.88213825,-0.14501195,0.16628718,0.20708229,0.27461493,0.23270118,0.7223047,0.026236963,-0.1969196,-0.3871782,-0.53589416,0.1269565,0.034615234,0.09961872,0.16287902,0.2965763,-0.6983039,0.5419283,-0.25538605,-0.115544744,-0.36696875,0.27233195,0.42018738,-0.43328905,-0.3410452,-0.5028301,0.054049645,-0.3614875,0.23014861,-0.34454286,-0.3194202,-0.14784113,0.40540496,0.05986429,0.11758726,-0.32791188,-0.31074193,-0.27463394,0.23474295,-0.031414326,-0.46340156,0.24634323,-0.050998088,0.04330459,-0.24257404,-0.5733773,0.112228885,-0.5148574,-0.04258565,0.6368821,-0.030932141,-0.31098393,-0.11660135,0.29988748,-0.011445241,0.10562756,-0.29397458,0.21516868,sport
-0.09654378,0.0720845,0.4019259,0.13751175,-0.57363933,0.3953724,-0.13069451,0.120899424,0.026143422,-0.20088556,-0.38473943,-0.19272391,0.52095336,0.579107,-0.21552055,-0.0980215,0.2559112,-0.43880123,0.48593822,0.22005431,-0.15135543,-0.07866145,-0.24806955,0.56902725,-0.31652007,0.13611096,-0.1753261,0.29741624,-0.12938951,-0.5463867,-0.028334918,0.36787146,0.07443314,0.10210905,0.2150226,0.20282334,0.22303478,-0.14307018,0.11816165,-0.14165859,0.28138152,0.43200386,0.88761646,-0.060936622,0.14765583,0.43606555,0.20728382,0.19647501,0.5204053,-0.3809682,0.13456774,0.033436917,-0.43005937,0.11390799,0.051039275,-0.08250473,0.2099225,0.50940335,-0.41605577,0.37592,-0.30299276,-0.15857822,0.03210486,0.17248821,0.31673595,-0.8173886,-0.49788806,-0.50744486,-0.1772508,-0.26249024,0.35282743,-0.29668045,-0.37231964,-0.036552303,0.44407895,-0.2197367,-0.0267938,-0.23552981,-0.32811263,-0.055118036,-0.12359209,0.12007575,-0.3816407,-0.1814891,-0.25939146,-0.03639884,-0.28534013,-0.6945612,0.026428157,-0.5225826,-0.33936793,0.87717706,0.16029069,-0.47815293,0.062062122,0.5411844,0.34131765,-0.10820125,-0.45116735,0.16132753,sport
0.05226769,0.3318876,0.20007542,0.07797312,-0.17439294,0.4700634,-0.09833967,0.6610985,-0.41143185,-0.11013848,-0.6588268,-0.49019334,0.5523277,0.45835894,-0.14481302,-0.39124227,0.08511768,-0.44617704,0.2488927,-0.2698501,-0.025699258,-0.05171208,-0.4127954,0.47253966,-0.044437047,-0.12437991,-0.507319,0.20554005,-0.094018176,-0.29883343,-0.0270156,0.39074764,-0.34734398,0.017102024,0.26250944,-0.16616838,0.36181843,0.042068742,0.36808437,-0.17016888,-0.08102637,-0.033016473,0.46167818,-0.07987848,0.23392212,0.10734373,0.45592704,0.30437708,0.41565874,-0.27271923,-0.27361754,-0.21569654,0.25539497,-0.15628581,0.18465441,0.3358428,0.026277678,0.2380951,-0.21367374,0.34627756,-0.03172718,-0.0141328005,0.09936085,-0.00041783164,0.2695626,-0.0602793,-0.007739639,-0.34796038,-0.057909872,-0.11359557,0.2766652,-0.42831773,-0.3780865,0.13430564,-0.39223114,-0.3014567,-0.16011511,0.03099757,-0.24360743,-0.38383734,0.23400262,0.077051796,-0.08405209,0.0132531095,0.1305511,0.27537504,-0.013024131,-0.43520597,0.2220678,-0.15690862,-0.16143037,0.105468884,-0.12128683,0.12181651,0.14284147,0.038568895,-0.30780947,0.220675,-0.07688171,0.09752043,sport
0.12913829,0.38978922,0.040374335,0.076360896,-0.14739284,0.630808,0.14491424,0.5447457,-0.24611962,0.011792072,-0.33560738,-0.21005195,0.36828887,0.29915744,-0.32560056,-0.33244655,0.08321883,-0.6950431,0.24446696,-0.12351504,0.16972655,0.043983392,0.046656523,0.4650178,0.3439237,0.08240552,0.0691372,0.20908548,0.13957895,-0.20347661,0.32627267,0.34198448,-0.18087575,-0.012859576,0.015975205,-0.03447104,0.29792556,-0.020816365,0.24930957,-0.03897557,0.25246727,-0.12639277,0.5300948,-0.23038131,0.050832678,0.025728635,0.18161027,0.28339672,0.40315577,-0.20412387,0.3316613,-0.06487922,0.08922478,0.16024365,0.1882095,-0.25442794,0.08164601,0.56030077,-0.6187971,0.45719337,-0.30564147,0.08526274,-0.5238844,0.26217502,0.29941455,-0.14848402,-0.12758689,-0.3117572,0.21437919,-0.30836406,0.14998838,-0.25986293,-0.23587236,-0.036487512,0.040723007,-0.24918976,0.18154776,-0.06460629,-0.04413023,-0.36068892,0.2671291,0.19954975,-0.29207677,0.026013633,-0.26285744,0.44299522,0.18725345,-0.6854375,-0.1516812,-0.544154,-0.20919853,0.22789927,-0.2955358,-0.054215543,-0.03442661,0.102477096,0.056798283,0.108676,-0.27244183,-0.22302665,sport
0.101035245,0.34505597,0.16027434,0.20203468,-0.29676476,0.6040849,-0.3040826,0.661265,-0.292841,-0.22695741,-0.37247887,-0.24215731,0.7115061,0.45668143,0.082987405,-0.22348666,0.29096642,-0.3923151,0.55796385,0.060972065,0.15386654,0.31942442,-0.28358743,0.4850552,-0.081215054,0.2453898,0.08951759,0.33447334,0.15168509,-0.3463506,-0.051058542,0.18182763,-0.30068344,0.0536434,0.11300889,-0.21164821,0.33744618,-0.04258564,0.039690536,0.004942628,0.16155373,0.0438316,0.5666757,-0.2678234,-0.16364776,0.06547749,0.23561765,0.38313082,0.14351743,-0.16756745,0.12186226,0.12308226,0.06493338,-0.0068566776,-0.037726987,-0.12557337,0.27257025,0.020541463,-0.12600403,0.25374413,-0.36001185,-0.12605098,-0.27910015,0.0031652292,0.2712188,-0.549926,-0.25657198,-0.5469531,0.13814661,-0.12415047,0.21907967,-0.28779605,-0.21967235,0.010968137,-0.10450067,0.1408338,-0.06138233,0.18028988,-0.0032009676,-0.14406581,0.16613194,0.108733274,-0.25221932,-0.06319537,-0.1139684,0.21870534,-0.09481332,-0.44332328,-0.06066694,-0.36847496,-0.10722877,0.59360194,-0.22932442,0.033916663,-0.05501609,0.40784702,-0.2070121,-0.17547354,-0.047080882,-0.12926444,sport
0.1807343,0.2615046,0.044964388,0.13850035,-0.19551174,0.443391,-0.34921607,0.31393915,-0.115169294,-0.096249744,0.02768144,-0.11530075,0.42570245,0.6744512,-0.44577238,-0.41668582,0.20818765,-0.51289195,0.11301653,0.095136985,-0.0043312027,-0.026380116,0.21516436,0.31627506,-0.17384063,0.27516663,-0.22992288,0.27820224,-0.22350709,-0.22507095,0.23628142,0.08430517,-0.1054659,0.21879284,0.27900845,0.22733289,0.28658986,-0.57393664,-0.17159435,0.016292963,0.2811191,0.4583387,1.0015401,-0.13517746,0.08585011,0.18626697,0.23015384,0.20657165,0.6477451,-0.07311728,0.008837605,-0.38382724,-0.39472637,0.09349569,0.11401403,0.0048813107,0.114492,0.21955067,-0.6218273,0.34493488,-0.16982876,0.008436185,-0.2346479,0.27340642,0.46003756,-0.5418506,-0.44244602,-0.600506,0.019740423,-0.21644013,0.23831484,-0.2867117,-0.067414865,-0.06227856,0.4605421,-0.27316138,-0.07014543,-0.13152416,-0.34192258,-0.115512535,0.17440273,-0.12637787,-0.46687016,0.2924777,-0.27534366,-0.016155766,-0.074539736,-0.7029898,0.17639142,-0.399255,-0.13984482,0.62330574,-0.104414925,-0.5023335,-0.0812651,0.20609158,0.10338838,0.07968513,-0.18623133,0.092534825,sport
0.16330129,0.25485793,0.04850258,0.189309,-0.4260338,0.535482,-0.17891672,0.40113056,-0.044658035,-0.020189026,-0.37301812,-0.22309597,0.5568748,0.68645775,-0.34834105,-0.18834044,0.010756744,-0.5679823,0.2993788,0.14968489,0.088277236,0.14436463,0.4192091,0.29643786,0.024137396,0.12667902,-0.3991965,0.5026101,-0.08631153,-0.31980932,0.25278416,0.31487483,0.027549237,0.13256265,-0.10913166,0.051673055,0.17316228,-0.48302284,0.02919919,-0.0005989895,0.005977055,-0.05033618,0.5783196,-0.03512155,0.1762097,0.09979347,0.2708431,0.1843726,0.3771575,-0.23843089,-0.09058337,-0.24029095,-0.31522244,0.17106904,0.05965606,-0.049404453,0.077713534,0.31027612,-0.16858232,0.5336233,-0.188352,0.044051368,-0.1444819,0.05999707,0.1359993,-0.25175866,-0.1347576,-0.41422865,0.074086726,-0.11784504,0.2170126,-0.25094616,-0.21997708,-0.12092429,0.14316426,-0.034611993,-0.18231416,-0.09847647,-0.38293722,-0.28442124,0.2351185,-0.026612498,-0.42645958,0.22007681,-0.08337362,0.1502847,0.11846717,-0.8079992,-0.017267304,-0.17368396,-0.06234478,0.30280766,-0.27551302,-0.32468557,-0.026516348,0.13174629,-0.16425872,0.12056568,-0.11786339,0.18508728,sport
0.078681156,0.19246998,0.2020397,0.14541613,-0.42421144,0.3736298,-0.3176529,0.27078536,-0.047511846,-0.010581523,-0.03051325,0.012186702,0.50703907,0.6267872,-0.05754005,-0.069904216,0.119041614,-0.440492,0.12624684,0.01734819,0.2348075,0.0475763,0.2365213,0.29812735,0.10557051,0.31527165,-0.26104304,0.48254177,-0.12266879,-0.06964692,0.30187118,0.39080465,-0.23344363,0.19525802,-0.011741851,0.080157556,0.12105031,-0.38272613,-0.19389296,0.14144057,0.24643973,0.48967195,0.86793274,-0.10629746,0.18592784,0.25969943,0.3921733,0.23542024,0.71307933,0.05316625,-0.30571938,-0.45058465,-0.44494638,0.18948747,-0.032201655,0.030256832,0.06239495,0.22403108,-0.72385263,0.5123827,-0.2845992,-0.104405925,-0.36920223,0.2827772,0.3725454,-0.4805249,-0.32211998,-0.5126874,0.0020446235,-0.30815727,0.1595062,-0.28599054,-0.3875361,-0.16057654,0.39356804,0.029075567,0.1760437,-0.38609666,-0.15736072,-0.2381422,0.24586022,-0.092328474,-0.4148109,0.23836952,-0.049816456,0.063645236,-0.2191475,-0.5229052,0.20138086,-0.5409535,-0.019258987,0.6347944,-0.08958185,-0.38076437,-0.113665834,0.2968222,-0.021795781,0.019371726,-0.30491194,0.18244162,sport
-0.03193694,0.2297663,0.07386392,0.17462993,-0.3825259,0.430247,-0.13630584,0.47166267,-0.15183248,-0.1255202,-0.109180056,-0.18269767,0.38808155,0.27315956,-0.0094300555,0.012481303,0.17680433,-0.49632072,0.33132434,-0.038653057,0.17979503,0.106695645,0.23430844,0.17672402,-0.043116,0.20676467,-0.22381362,0.38990387,-0.1215209,-0.1674041,0.15394747,0.15966465,-0.3657775,0.10408247,-0.16175885,-0.027667671,0.18175298,-0.31740898,0.021728178,0.13467523,0.06501449,0.2630592,0.6767855,0.023933433,0.1832381,-0.05066713,0.29801372,0.31905586,0.51608896,-0.05763183,-0.048271503,-0.40957826,-0.15271787,0.09782307,-0.042406816,0.14222915,0.085833274,0.37439764,-0.54675454,0.3698225,-0.29329142,-0.010034181,-0.17349005,0.11327032,0.21485272,-0.29293123,-0.15939157,-0.31817207,-0.010423166,-0.16408014,0.17160481,-0.30982748,-0.1308925,-0.20534624,0.19541442,-0.05644902,0.065601446,-0.23097736,-0.18267475,-0.41019103,0.12810098,-0.14325611,-0.52130216,0.16500735,-0.10900689,-0.025670642,-0.18035696,-0.580476,0.1852804,-0.60433036,-0.0038440449,0.38497466,-0.18602028,-0.28879327,-0.16452882,0.11931087,-0.026875008,-0.025298616,-0.20936227,-0.03628011,sport
0.013547916,0.30528414,0.12376445,0.13566285,-0.1115479,0.5893146,-0.21814789,0.5549154,-0.41712344,-0.14175722,-0.53652513,-0.4835023,0.5724917,0.37736458,-0.20028225,-0.24486646,0.17872664,-0.4372364,0.25501102,-0.31596726,0.008949436,-0.011415109,-0.30489028,0.48117772,-0.037615567,-0.0049305414,-0.43027726,0.28513843,-0.17180091,-0.16443817,-0.1337821,0.22103919,-0.26228964,-0.0009813581,0.23641163,-0.15583976,0.3561411,-0.014348642,0.3442914,-0.1330483,-0.111943424,0.21080935,0.474494,-0.12969452,0.16228572,0.090940274,0.39187887,0.37238106,0.3546107,-0.22865447,-0.2414122,-0.3412465,0.2802296,-0.08648701,-0.0032633236,0.26352736,0.12867527,0.29659128,-0.28175586,0.28461015,0.08385216,-0.04055262,0.19985302,0.039188676,0.32986978,-0.15041503,-0.010595165,-0.43367717,0.012411794,-0.055563804,0.2683291,-0.555409,-0.20947409,0.13306949,-0.24849895,-0.08157285,-0.109080896,0.071777806,-0.23568393,-0.39298177,0.25225934,0.1030171,-0.15050732,-0.004376204,0.114714764,0.142056,-0.092982255,-0.4956763,0.19009393,-0.29603413,-0.19095455,0.21303147,-0.019166924,0.02046454,0.23324741,0.20768912,-0.32618263,0.029126875,-0.23190397,0.2656283,sport
-0.0045141093,0.17277764,0.08060569,0.14046298,-0.23119031,0.3501771,-0.09789673,0.44031477,-0.021786185,0.12106645,-0.020469593,-0.024965629,0.2460789,0.61754626,-0.21732801,-0.28014043,0.11186933,-0.33907598,0.23873658,0.11182587,0.11487732,0.017854262,0.2583999,0.3733586,0.016502509,0.3118053,-0.29136682,0.35824102,-0.034670573,-0.24483292,0.08698168,0.22284168,-0.19220947,0.25875577,-0.050745416,0.07186814,0.19297566,-0.5808427,-0.21782236,0.047388256,0.35894588,0.33000073,0.75753796,-0.048751123,0.12761281,0.20859204,0.1702329,0.26322097,0.26127934,-0.053620208,-0.10941334,-0.17290053,-0.4150282,0.1489609,0.020804018,-0.13426624,-0.0324206,0.22943145,-0.44624966,0.51183116,-0.12485718,-0.12518242,-0.23631874,0.27808356,0.22666524,-0.41086942,-0.27950898,-0.36954725,-0.020799035,-0.24699913,0.19311765,-0.14685452,-0.035416283,-0.14815691,0.41919598,-0.25586817,-0.13053446,-0.08243912,-0.0749703,-0.25921088,0.19212787,-0.05220516,-0.423054,0.22505157,-0.21664862,-0.104111314,-0.11513162,-0.58300626,-0.02748527,-0.4282568,-0.2265742,0.6957407,-0.12891033,-0.3482375,-0.029870162,0.2754892,0.08086739,0.082088456,-0.26745307,0.14243945,sport
-0.07839379,0.18810336,0.052917548,0.14272432,-0.47652972,0.38008198,-0.29331154,0.34936646,0.090782076,-0.14570776,-0.25826183,-0.21119821,0.720222,0.43576866,-0.114294834,-0.17169805,0.31043297,-0.5376388,0.49236408,0.09133641,0.0118262,0.00021773543,-0.17523439,0.38470504,-0.46864927,0.058028087,-0.17873819,0.20741877,-0.08285273,-0.4840667,0.052368477,0.46873108,-0.1052262,0.17732549,0.01948063,0.10383566,0.40299296,0.07601979,0.0015865059,-0.05423453,0.08871378,0.21829677,0.7655286,-0.13376096,-0.1343658,0.17500022,0.28744954,0.33744478,0.39963815,-0.39371523,0.11574632,0.047243692,-0.06279353,0.2667414,0.12004252,0.08316266,0.27509576,0.3923459,-0.45714125,0.20126253,-0.30823758,-0.010742433,-0.2944022,0.12535493,0.19578464,-0.5436535,-0.29704532,-0.48116088,0.027150659,-0.26003024,0.18457052,-0.14636895,0.0683796,-0.19832788,0.19671303,-0.11239227,0.07479813,-0.05440473,-0.27715382,-0.19162188,0.18669395,0.13394761,-0.16477275,0.025467753,-0.14535874,0.13950895,-0.15425357,-0.6166425,0.0445619,-0.46481496,-0.24951467,0.66380847,0.09644933,-0.5083681,0.02608991,0.6556303,0.34190363,0.07441029,-0.44616103,0.023124978,sport
0.015768413,0.2383553,0.17656851,0.13627045,-0.466656,0.49539614,-0.2752427,0.3467027,0.09293579,-0.112009965,0.0726897,-0.054453548,0.52646905,0.6036682,-0.13775454,-0.3106531,-0.01676042,-0.49750128,0.42900136,0.086931445,0.2019846,0.11719138,0.17190495,0.29023597,-0.15272264,0.2964208,-0.26812154,0.46735576,0.10783717,-0.22236605,0.19296882,0.20004041,-0.20611636,0.12865292,-0.0028242904,-0.048033714,0.14689933,-0.48161894,-0.2852203,0.1663752,0.24803635,0.36299273,0.7380589,-0.1680503,0.046284497,0.2327353,0.1821968,0.4513664,0.22730805,-0.14277196,-0.22572996,-0.13770165,-0.48930204,0.16995826,0.072172746,0.085758686,0.07845941,0.112862244,-0.45072147,0.40234715,-0.13912252,-0.08419659,-0.13292088,0.036231887,0.09198737,-0.4149846,-0.44044137,-0.63292974,-0.10740923,-0.24429458,0.25730768,-0.30406708,0.04490746,-0.13419996,0.24387577,-0.14046405,-0.19339946,-0.23048328,-0.41154104,-0.13118511,0.3321933,-0.11041942,-0.41060522,0.12640579,-0.14648177,-0.057087954,-0.24137098,-0.56953603,-0.06009297,-0.30966425,-0.25074247,0.7891015,-0.12345555,-0.4833246,-0.11557869,0.28639457,0.09185188,0.031636838,-0.3290253,0.20093548,sport
0.24083291,0.062909074,-0.15240979,0.10889958,-0.06648375,0.24834828,-0.17216928,0.31534278,0.0040175454,-0.024001705,-0.40027547,-0.17093101,0.43880272,0.6295262,-0.30805805,-0.43389487,0.10136337,-0.78254586,0.5424371,-0.0696005,0.014570182,0.4303869,0.28492677,0.45212358,0.06872849,0.116736,-0.38873252,0.15235487,-0.17853768,-0.35677084,0.2701963,0.04466117,0.15853946,0.20016757,-0.11472981,-0.17215455,0.21379107,-0.43343273,-0.088401675,0.1688686,0.019765928,0.16588297,0.53757226,0.016434332,0.120376356,0.06275479,0.2314677,0.2737225,0.3850996,-0.18240319,-0.20436679,0.042315878,-0.123051226,0.419632,0.042506665,-0.020082343,0.02182482,0.118955426,-0.48940215,0.5239379,-0.2421888,0.09137681,-0.13423707,0.11541373,-0.013682172,-0.22304954,0.02593303,-0.17366622,-0.079209976,-0.27627388,0.12218643,-0.21753414,0.012561758,-0.23434398,0.5465994,-0.26094043,-0.24934256,-0.08357028,-0.33029827,-0.47368935,0.19115183,-0.09251279,-0.18085304,0.323314,-0.18059415,0.40918562,0.18480317,-0.6848532,0.1990642,-0.28251594,-0.27800792,0.57162964,-0.09837898,-0.5269431,0.1466614,0.12420461,0.05205654,0.07786297,-0.07043168,0.16467349,sport
0.10217176,0.22377548,0.2083657,0.13051584,-0.5345526,0.78697693,-0.07583834,0.30681577,0.0123133985,0.16955213,-0.13452388,-0.12823296,0.49883905,0.75455564,-0.2777825,-0.20257187,-0.014519051,-0.65848994,0.115018755,0.20564982,0.017455852,0.09875613,0.4861874,0.34937924,0.15956078,0.073702455,-0.26486555,0.62332845,-0.114485905,-0.28808784,0.34858164,0.27480143,-0.15394373,0.23097008,-0.115783915,0.20230034,0.354171,-0.3546797,0.004729742,-0.024071062,0.13299806,0.006643839,0.7259637,-0.061399687,-0.051117446,0.17593363,0.27862927,0.26773623,0.4693451,-0.22714554,0.16176398,-0.32318974,-0.39805773,0.189002,0.092112266,-0.097669035,0.14153673,0.39650244,-0.194943,0.6486111,-0.11270379,-0.04868091,-0.35076064,0.26988634,0.20569634,-0.27786112,-0.1114607,-0.51759154,0.14870799,-0.2627238,0.28521264,-0.22102278,-0.13374346,-0.06635089,0.24367659,-0.065037034,-0.09300503,-0.21683812,-0.29622635,-0.35969415,0.36630833,-0.034298882,-0.4506929,0.31938374,-0.1736563,0.12860535,0.078192055,-0.8800012,-0.16509134,-0.36406416,-0.08761418,0.48740762,-0.14696349,-0.16503143,-0.12871583,0.13970643,-0.1404274,0.09953214,-0.2441197,0.03289665,sport
0.06849318,0.27774557,-0.0433695,0.14930786,-0.292797,0.35934758,-0.15566908,0.39337167,0.03481064,-0.087440476,-0.17881727,0.004461749,0.55874956,0.5769466,-0.23297264,-0.5190091,-0.1191113,-0.7212192,0.45918664,-0.009242601,0.04741235,0.007970666,0.19313338,0.39994916,-0.06964737,0.13143733,-0.3310498,0.31335288,0.089622445,-0.2793086,0.16820161,0.16190964,-0.119163774,0.18639778,-0.13067868,0.013127899,0.21861352,-0.43559697,-0.12408971,0.0369238,0.04531545,0.18742412,0.831496,-0.08227217,-0.010036684,0.15856412,0.13022299,0.42923814,0.52125865,-0.21224785,-0.19529732,-0.32682136,-0.13313611,0.21637133,0.11636887,0.16436148,0.19909261,0.13173306,-0.51665515,0.4097245,-0.2238672,0.059377406,-0.12022453,0.08261592,0.043323252,-0.43543506,-0.07504528,-0.6116072,-0.11943186,-0.304878,0.13766281,-0.26649705,-0.0213457,-0.23764656,0.28272265,-0.19289275,-0.2261472,-0.22820213,-0.3946881,-0.33959723,0.43064395,-0.18083681,-0.29944944,0.18153891,0.0542797,0.13461757,0.073567994,-0.739762,0.1322468,-0.26095498,-0.2330736,0.547452,-0.019858727,-0.5623899,-0.11373761,0.11770013,0.28900036,0.0725058,-0.025072971,0.27072328,sport
0.083795145,0.2955188,0.07272028,0.1676741,-0.2435091,0.44419894,-0.15351057,0.36955515,-0.041250695,0.05994164,0.021482302,0.030898498,0.4692937,0.7603899,-0.18985493,-0.21425192,-0.024455743,-0.49177855,0.22641945,0.03910179,0.16068535,0.026370259,0.41644165,0.30102435,0.056203295,0.3868869,-0.27443796,0.41772068,-0.018290466,-0.22668833,0.31378815,0.2752472,-0.13062684,0.23819792,0.063498415,0.07596285,0.21254158,-0.6041355,-0.25103962,0.11430994,0.34622014,0.44651067,0.8717856,-0.06578138,0.1034151,0.17363814,0.21743068,0.20867142,0.5890978,-0.064781785,-0.11708173,-0.35178193,-0.41405243,0.19434518,0.18347482,-0.06251063,0.11534095,0.34151968,-0.63204104,0.5424325,-0.195007,-0.038264267,-0.2982955,0.3216181,0.25218922,-0.4732992,-0.35108975,-0.5408045,-0.041136924,-0.37660956,0.15602171,-0.18559872,-0.21243559,-0.21699643,0.2996558,-0.12862977,-0.049678825,-0.23827961,-0.13050349,-0.32380208,0.25562868,-0.07176528,-0.45282757,0.273131,-0.110586934,0.063412845,-0.09482271,-0.6913201,0.067732334,-0.5097008,-0.060150027,0.6703761,-0.10807589,-0.38671756,-0.22120693,0.21865138,0.093799256,0.19369996,-0.23299,0.088349134,sport
-0.0520745,0.043186247,0.17954136,0.215403,-0.30755585,0.34803024,-0.13101812,0.31013644,-0.008015395,-0.05731801,-0.3593901,-0.104135826,0.4069821,0.58680445,-0.15240657,-0.15397534,0.2887678,-0.486103,0.5744923,0.17870702,0.11433941,-0.10937322,-0.1416985,0.5715967,-0.18895184,0.15484764,-0.24064605,0.2914927,-0.08283807,-0.38707832,0.15555243,0.28125352,-0.021822093,0.22557823,0.08851985,-0.16937208,0.20945944,-0.2037757,-0.00397461,0.011930878,0.068743534,0.20147732,0.6852478,0.045695703,-0.018611202,-0.022435246,0.2879918,0.35733172,0.43081114,-0.20695275,-0.1089828,0.071572945,-0.1160624,0.19629526,0.067024544,-0.10526353,0.0013427252,0.35604167,-0.26993242,0.30564293,-0.2839197,-0.10560361,-0.16620813,0.14328508,0.29115233,-0.3558086,-0.22867438,-0.2755054,0.024030607,-0.42480096,0.32605767,-0.28377247,-0.06874501,-0.12566736,0.37860242,-0.09344989,0.025989937,-0.04092976,-0.13300323,-0.15240388,0.09862299,0.051133987,-0.20842974,-0.056359354,-0.2488689,-0.027051661,-0.10825458,-0.49469817,0.13760382,-0.17183374,-0.24825168,0.62087417,0.039612323,-0.30942044,0.041812398,0.3269967,0.010823314,-0.055412058,-0.29342607,0.06048709,sport
-0.1233661,0.1812819,0.35730466,0.032514,-0.61730164,0.4437631,-0.04380526,0.21712597,0.021202017,-0.21327135,-0.3763512,-0.24391606,0.4472676,0.5970268,-0.09688167,-0.07582315,0.28688654,-0.3611543,0.27886784,0.087260686,-0.07141207,-0.024926832,-0.20573686,0.525554,-0.19762988,0.12863576,-0.16716202,0.34675172,-0.025055656,-0.3509006,-0.011715002,0.37672484,0.184908,0.12149841,0.090934314,0.20631759,0.27904722,-0.10551759,0.10305324,-0.08907474,0.16895506,0.3342174,0.8873397,0.07742986,0.006753029,0.32031155,0.2765738,0.32549027,0.50116915,-0.39635587,0.12081345,-0.028414905,-0.21862607,0.07866646,0.01163367,-0.17789003,0.11263975,0.33732426,-0.22980039,0.32315308,-0.24723278,-0.23838857,0.10452847,0.08873073,0.24699329,-0.8134934,-0.28555337,-0.40644774,-0.22134967,-0.35234463,0.38003683,-0.44041085,-0.17744464,0.0006587324,0.48057774,-0.084088914,0.0015408847,-0.20184591,-0.37068453,-0.12488881,-0.022657057,-0.02207399,-0.3830437,-0.18117428,-0.14602727,-0.194711,-0.106516875,-0.77645785,0.11478693,-0.5981148,-0.45854136,0.6816617,0.06937579,-0.43243453,-0.0009637145,0.43968606,0.17843941,-0.11532202,-0.27012506,0.18938516,sport
0.034061924,0.08361818,-0.06983731,-0.094422944,-0.31299302,0.34004548,-0.23714069,0.49043053,0.011321946,0.3847773,-0.56892407,-0.15213558,0.65058255,0.68267304,-0.034829836,-0.36078885,0.034262527,-0.6086762,0.21959415,-0.19996409,0.15028477,-0.009633594,0.11009258,0.5670751,-0.084696636,0.3454637,-0.6523543,0.30579573,-0.034217954,0.0045565693,0.2799073,0.32668453,0.3536184,0.28849405,0.3219378,-0.24440841,0.123453744,-0.1576519,0.04266153,0.13205308,-0.108450845,0.23337519,0.55996174,0.5224112,0.0027678888,0.029413812,0.20763418,0.24420278,0.48785275,-0.23868556,-0.13922253,-0.37958527,0.14826341,-0.041995473,0.19371675,0.19479187,-0.12956044,0.30762056,-0.27946416,0.17450143,-0.07115936,-0.06646858,0.110573895,-0.14874753,0.00202089,-0.5520389,-0.39077464,-0.53810835,-0.13760246,-0.14092213,0.15166962,0.103085436,-0.040239144,-0.5945341,-0.047345735,0.038238406,0.08469608,0.2303045,-0.25123984,-0.30653325,-0.036354445,0.40271813,-0.3402904,0.158775,0.17729792,0.043611206,-0.122495614,-0.7860853,-0.08038586,-0.122430764,0.10410178,0.6447373,-0.36505958,-0.34709996,-0.04775595,0.29880017,-0.16734223,0.031503636,0.010180291,-0.18020773,sport
0.16461582,0.05945191,0.15567467,-0.05297158,-0.2823549,0.046088975,-0.17290603,0.43917593,-0.26801583,0.23857082,-0.31298545,-0.42220703,0.30155492,0.49397302,-0.04788826,-0.7163155,-0.0407947,-0.477423,0.24857993,-0.15263146,0.29942778,0.11701123,-0.08155417,0.45441434,0.18826896,0.102307476,-0.6166527,0.34035352,-0.0067550926,0.014537805,0.11283138,0.06725986,-0.025985982,0.12677364,0.13419831,0.057195812,0.2763063,-0.40840098,0.21548922,0.11318144,-0.15999499,0.29857397,0.43570414,0.5550235,-0.18697493,-0.006341582,0.16973408,0.36488932,0.14409237,-0.24254736,-0.38447213,0.0750494,0.0075443783,0.122116074,0.3070334,0.21479827,-0.061171755,0.48944783,-0.3075775,0.5858276,-0.3209756,-0.09533561,0.086995624,-0.1445743,-0.0056745764,-0.03494813,-0.31910548,-0.13697897,-0.15571524,0.24606286,0.157844,-0.09124903,-0.36755213,-0.28116572,0.021590283,-0.09636322,-0.1474571,0.23513566,-0.04540292,-0.42970964,-0.25272632,0.38737336,-0.33890945,0.08348272,-0.021608649,-0.04087704,-0.22880384,-0.988166,0.030650984,-0.48596528,-0.007827389,0.2625787,-0.367112,-0.2962114,-0.19463326,0.30240953,-0.28952315,-0.13232286,0.10559851,-0.011131253,sport
0.15144984,0.09953785,0.19771925,-0.21323228,-0.08690598,0.3962114,-0.17803745,0.6232397,-0.2610676,0.09360183,-0.45297778,-0.14891699,0.44107342,0.49853283,-0.042603087,-0.36238307,0.12851137,-0.45814028,0.29018056,-0.12022306,-0.023033954,-0.062502965,0.0022210127,0.37699306,0.091458924,0.3172079,-0.26879612,0.63608557,0.10216886,-0.18714231,-0.021472957,0.14002545,-0.28024012,0.16345474,0.22434895,-0.17760152,-0.07206472,0.0017134144,0.3877948,-0.036552567,0.07268032,0.2508927,0.46958813,-0.20985404,-0.08345069,0.31731048,0.24264722,0.3153911,0.33523098,0.006799155,-0.16625927,-0.2568183,0.11246137,-0.114533804,-0.12601858,0.14644356,-0.032810587,0.14786044,-0.19576266,0.43399504,0.010003876,-0.1990313,-0.17279407,-0.19163987,0.28993583,-0.04885683,-0.06167136,-0.17728075,-0.026981415,-0.23369387,-0.004840731,-0.42298922,-0.17189328,0.20273833,0.004979396,-0.22576961,-0.17320304,0.10836225,-0.1273235,-0.3187065,0.04313142,0.0822718,-0.04746439,-0.097936876,-0.21685296,0.045265548,0.009452818,-0.39695156,0.2109498,-0.31684777,-0.3259147,0.30907065,-0.16891743,-0.42182094,0.30104768,0.20974715,-0.18277898,-0.0279262,-0.061749343,-0.0035775495,sport
0.11224559,0.080918655,0.34276813,-0.13233487,-0.26949328,0.5697277,-0.19350299,0.67674744,-0.032125764,0.15679018,-0.45402896,-0.1243444,0.4873565,0.3995235,-0.012420442,-0.34423938,0.003495992,-0.329027,0.3388402,-0.0215172,-0.07862094,-0.07740729,0.012545552,0.39407682,-0.055111457,0.3084539,-0.20515543,0.6203663,0.12100687,-0.17305095,-0.008841688,0.1847871,-0.33486253,0.2597997,0.272708,-0.128307,-0.0360053,0.31161878,0.32427806,0.00756641,0.08654581,0.1268824,0.4110753,-0.12071398,0.19069532,0.2942364,0.23209928,0.37087098,0.27452263,-0.108423844,-0.24362884,-0.22049955,-0.024856811,-0.12566806,-0.18190275,0.38167903,0.026486622,-0.023891052,-0.46665984,0.25391486,-0.04907599,-0.106839485,-0.17363676,-0.09852524,0.3531793,-0.08424702,-0.10750564,-0.31721783,-0.09809812,-0.23762022,-0.111575685,-0.39641914,-0.3496089,0.17701417,0.06772017,-0.3053931,-0.08904771,0.047108904,-0.28211564,-0.42331505,0.19318561,0.10284214,-0.008646203,0.11009106,-0.18452841,0.089821965,0.054952685,-0.39046258,0.17922458,-0.51172364,-0.15997908,0.46249458,-0.2188244,-0.2977792,0.17667283,0.28157333,-0.15786019,-0.15421624,-0.102026485,0.29200968,sport
0.092226036,-0.020960303,0.02062363,0.0055906726,-0.23664685,0.33842844,-0.24778372,0.502192,-0.15871792,0.24104498,-0.46706632,-0.19904017,0.4238948,0.32658958,-0.0044466374,-0.2176164,0.030316269,-0.6368891,0.43492496,-0.19622467,0.18233962,-0.17126547,-0.18274555,0.3257751,-0.0056692394,0.15340897,-0.12105692,0.65286493,0.10948264,-0.034101367,0.06617106,-0.015444299,-0.29333767,-0.0346818,0.2706426,-0.33980826,-0.039417863,0.26183563,0.24568261,0.08460917,0.00025435537,-0.101450354,0.60569584,-0.0507453,0.17369016,0.26274022,0.19574505,0.31469673,0.3222498,0.1930525,-0.14984916,-0.22919667,0.009638647,0.08668029,-0.124084115,0.042695347,-0.0029611252,0.07515201,-0.2901266,0.28144425,-0.10035611,0.038735274,-0.1074138,-0.0020918448,0.15601268,-0.2533735,0.020657966,-0.25155687,0.0047351816,0.082169496,0.1327597,-0.5292826,-0.26350662,-0.008183909,-0.003842038,-0.18983743,-0.061108813,0.16001454,-0.17478667,-0.15883301,0.16009599,0.11914781,-0.1549233,0.022103962,-0.049458552,0.084590055,-0.07841605,-0.3959138,0.040255874,-0.32796195,-0.22084585,0.21534204,0.02755683,-0.51907325,0.48985192,0.23636265,-0.38742167,-0.30088365,-0.04207403,0.15632357,sport
0.45178342,0.39771357,0.06774702,0.07840084,0.02568655,0.21242553,-0.5407675,0.7791666,-0.25090668,0.009616834,-0.06882473,-0.30481687,0.29721868,0.7671281,-0.46521956,-0.36505458,0.080473326,-0.47611097,0.08885943,-0.05848057,-0.19939043,0.13002655,0.07204278,0.28316274,-0.078294076,0.28297183,-0.3327395,0.3728471,-0.12284863,-0.18570727,-0.061888706,0.21687981,-0.34891737,0.19180807,0.08881136,-0.1424046,0.369334,-0.3548869,0.22016215,0.076489374,0.12136712,0.26696417,0.72287464,-0.1664848,-0.06704334,0.23627873,0.429053,0.10179743,0.25290996,-0.19396302,0.0086667985,-0.107274994,0.003375552,-0.011604158,-0.06862906,-0.07722396,-0.06840743,0.033158876,0.09106057,0.7337222,-0.25582346,-0.19953196,-0.15957204,-0.0993179,0.24012098,-0.2825834,-0.44598174,-0.5168296,-0.11737705,-0.047584172,0.05315787,-0.031280104,-0.068039775,-0.20290744,-0.005139995,-0.16083749,-0.3938474,0.28334782,0.10907257,-0.0767511,-0.2551277,-0.037835382,-0.30537763,0.23035365,-0.15122996,0.28647515,-0.008486921,-0.69264686,-0.007359378,-0.51861906,0.043317392,0.3425998,-0.36198786,-0.186346,0.2206074,0.30122602,-0.11422033,0.024474014,-0.18767089,-0.02691751,sport
-0.0073722415,0.2520959,0.20635273,-0.1850988,-0.35906422,0.27851585,-0.47590882,0.67316324,-0.023263602,0.19505666,-0.5004378,-0.27222034,0.4324368,0.4832976,0.093721725,-0.43302357,0.25157464,-0.33740652,0.22782795,-0.21038595,0.14883643,0.17208125,-0.16039155,0.5474841,0.12581618,0.052054275,-0.39799687,0.35561725,-0.10605071,-0.10432717,0.12506926,0.014453512,-0.1307173,0.13510425,0.31132716,-0.06556165,0.19661228,-0.23142043,0.11861723,-0.04147514,-0.2415254,0.22334059,0.55620307,0.13141376,-0.03689494,0.06842192,0.3138698,0.27708274,0.10515037,-0.041121546,-0.23773961,-0.24308836,-0.12577012,-0.12530002,0.06286525,0.40152642,-0.005030839,0.051799875,-0.3347507,0.44392246,-0.22333376,-0.42363134,0.09683742,-0.042887807,0.17898561,-0.25791347,-0.4491365,-0.16557536,-0.22335175,0.07370964,0.11779633,-0.1342552,-0.26518545,-0.27062285,0.0884344,-0.17325228,-0.07697377,0.13590005,-0.3026222,-0.09527111,-0.26328132,0.29260823,-0.4106806,0.0405205,-0.2104745,0.06979032,-0.13635851,-0.699291,0.044938307,-0.3619506,0.18251278,0.47366917,-0.5406706,0.0074066203,-0.0767736,0.14820597,-0.46873745,-0.18130802,0.15338385,0.05020274,sport
0.0066726264,0.046107486,0.019642828,-0.20554313,-0.3235095,0.33645573,-0.13305387,0.51069015,0.026063526,0.4887777,-0.5206139,-0.05665982,0.606026,0.72084403,0.007002004,-0.40454385,-0.060689025,-0.5955685,0.19428265,-0.19136219,0.097781606,-0.042370882,0.123281695,0.52573216,-0.006104063,0.19081128,-0.70933837,0.44104636,-0.006428555,0.02479956,0.3050271,0.23070933,0.30506104,0.33539784,0.29698008,-0.29563993,0.25109297,-0.089098044,0.10250714,0.055789683,-0.068349615,0.06561936,0.6236935,0.42610213,-0.031126508,0.0111027295,0.22893393,0.31903088,0.4807257,-0.30926597,-0.23140739,-0.3632859,0.21123347,-0.06219663,0.2535139,0.2441551,-0.06489607,0.20144522,-0.36976507,0.17715377,-0.11992318,-0.08881634,0.111457914,-0.06911811,0.020350423,-0.44508255,-0.28937316,-0.55865,-0.109567866,-0.10330697,0.22333637,0.08758513,-0.054176778,-0.47815144,-0.15062746,-0.0039934013,0.02639367,0.19373778,-0.18950653,-0.26444784,-0.051394958,0.35325882,-0.40951145,0.15344399,0.17939365,0.05557605,-0.07251068,-0.76517254,-0.101863354,-0.15630458,0.2362254,0.5139654,-0.3408773,-0.29185316,-0.15126395,0.12870097,-0.19238509,-0.0014389718,0.092375904,-0.15602171,sport
0.32859874,0.09794606,0.17156693,-0.064145915,-0.28016537,0.39134043,-0.22806424,0.32161188,-0.15232743,0.07784598,-0.34995377,-0.15061371,0.48111507,0.7734101,0.1728161,-0.42888376,0.00020175445,-0.6458015,0.33905777,0.016522974,0.12366018,0.05750972,0.11999472,0.4592728,-0.06257035,0.11354565,-0.6467599,0.21733578,-0.10198616,-0.06805552,0.47636786,0.2622057,-0.08544339,0.44256756,0.10925421,-0.09199192,0.27997816,-0.42275319,-0.18924022,-0.12004146,-0.20978147,0.24661885,0.8764177,0.23996203,-0.1939335,0.14668697,0.05991236,0.625093,0.3442538,-0.06695995,-0.47751632,-0.26495552,0.053554673,0.09584316,0.21925192,0.2403125,0.11066304,0.50052816,-0.09425957,0.3309482,-0.24423955,-0.07509091,0.045590453,0.09975585,-0.04721882,-0.36366007,-0.43384185,-0.23841335,0.0062445817,-0.061125476,0.01195858,-0.11157061,-0.12250919,-0.10306391,0.09267657,-0.0048840665,-0.072626844,-0.05042524,-0.0894794,-0.2594263,-0.15144928,0.36399662,-0.40118223,0.29703167,-0.029474813,-0.2376087,-0.0021202879,-0.884999,0.004061247,-0.43886,0.118556276,0.5624713,-0.20784195,-0.24567945,-0.124723166,0.36515808,-0.1617585,0.18679503,0.29897082,-0.04985614,sport
0.44855574,0.43358666,0.08543872,0.0367942,-0.0059162746,0.2610317,-0.40640596,0.73270535,-0.09243255,0.023833215,-0.100096144,-0.28316715,0.3522515,0.79454446,-0.30257195,-0.17080943,-0.03836076,-0.51522887,0.10818556,-0.060488608,-0.19044635,0.08434446,0.010290363,0.2826295,-0.061072394,0.3135194,-0.32277372,0.5053285,-0.04943272,-0.24357376,-0.029222917,0.36296418,-0.24257538,0.16879457,0.16903202,-0.12230064,0.22445814,-0.36418626,0.353299,0.062076848,0.08020557,0.1669126,0.71032244,-0.08130011,0.015966827,0.20582469,0.380331,0.12747091,0.26228195,-0.1492844,-0.015123689,-0.019387763,-0.026539702,-0.037242223,-0.0093034385,0.0013041417,-0.07674173,0.05945029,-0.041813906,0.7422404,-0.26949835,-0.2043626,-0.07833368,-0.1661085,0.24301307,-0.25338647,-0.318598,-0.4365122,-0.1387459,-0.10593697,0.09900061,-0.11016564,-0.113547996,-0.21872544,-0.07447668,-0.11385412,-0.2848325,0.1934495,0.015927201,-0.14565948,-0.18093272,0.042233076,-0.2988586,0.17442824,-0.18922585,0.29308325,-0.07493809,-0.85208154,0.10905573,-0.5782798,-0.013269934,0.30595112,-0.41232023,-0.28919327,0.15693133,0.2601685,-0.09208527,0.005367992,-0.19957529,-0.013222203,sport
0.07491602,-0.027784735,0.15586334,-0.21239863,-0.28286046,0.3268465,-0.06439276,0.5072908,0.042284474,0.21589439,-0.47184643,-0.03646801,0.29702386,0.44019768,-0.012505551,-0.20255998,0.22829217,-0.72027874,0.38039982,0.056173682,0.05242649,-0.12535238,-0.44408727,0.20017138,-0.012270713,0.2863304,-0.37807333,0.70309114,0.13922077,-0.1478401,-0.02141138,0.18267356,-0.22603424,-0.07339323,0.38529667,-0.07041069,0.21846104,0.16605763,0.37368396,-0.23363927,-0.16298199,0.0050218985,0.73312527,-0.19053832,0.05456546,0.23165132,0.1257711,-0.047796115,0.15856154,-0.0626082,-0.45195177,-0.20634036,0.1452902,-0.08936613,0.12702021,0.033502746,-0.16856825,0.2698313,-0.47789735,0.16266412,-0.23061588,0.06974676,0.004021646,0.16189015,0.047232322,-0.09551872,-0.33611834,-0.13159837,-0.08233661,0.042985447,0.19793276,-0.505494,-0.5304303,0.185403,-0.076829806,-0.36975726,0.01189586,-0.08273647,-0.20767808,-0.03756524,-0.027563177,0.19788976,-0.10612096,0.031062353,-0.14222492,-0.08518343,-0.058932364,-0.51377475,-0.021853145,-0.514203,-0.30484316,0.1887118,0.012504042,-0.41816664,0.23779857,0.18400937,-0.4280683,-0.018596955,0.21666645,-0.014195877,sport
0.13806896,0.1584114,0.1683313,-0.17074764,-0.31960934,0.256932,0.392877,0.4740011,-0.2087206,-0.3400491,-0.41500947,-0.18250893,0.42769328,0.36977047,-0.096266806,-0.30517596,0.2516244,-0.17424916,0.4146987,-0.10604609,0.22615476,-0.3709208,-0.2727422,0.26745728,-0.08505844,0.40027788,-0.34492135,0.45802388,-0.22676677,-0.24728069,0.27465418,0.11326504,-0.21376944,-0.050685436,0.36988112,-0.32736436,0.28898555,-0.16659006,0.5131265,0.22252837,0.111983724,-0.11350825,0.28169066,-0.13913691,0.43822777,0.21853016,0.20869245,0.31443006,0.043633353,-0.31133547,-0.33555764,-0.47872436,0.306037,-0.056235038,0.4381343,-0.04141455,-0.11715269,0.16514975,-0.6267355,0.02730287,-0.19198216,-0.088596694,-0.29326,0.014508453,0.26857325,0.06438226,-0.024318157,-0.3043863,-0.33562467,-0.17988028,0.014591622,0.0013178665,-0.48407653,0.08110551,-0.24524519,-0.2719284,-0.35253352,0.0173774,-0.18618956,-0.2919354,0.024085829,-0.16911888,-0.5222827,0.010853586,-0.014834724,0.03262869,0.06488242,-0.47326747,-0.07007342,-0.21541396,-0.10016448,-0.21549675,-0.20073715,-0.37820184,-0.07837909,0.22050303,-0.3504449,0.06668374,-0.118195735,-0.270471,sport
0.44499847,0.10345166,0.18503493,-0.100959204,-0.10797758,0.06313394,-0.198017,0.40841293,-0.19792694,0.02172009,-0.09037341,-0.09329553,0.20411062,0.68442255,-0.0067923046,-0.5888793,-0.058960933,-0.5106088,0.21210423,-0.036430962,0.25179836,0.057570573,0.060703136,0.6749819,-0.009327409,0.24021877,-0.7519808,0.21733727,-0.1211701,0.072705545,0.4298024,0.29005235,-0.12727234,0.3716204,0.02613725,-0.22067624,0.31509697,-0.6862888,-0.21969791,0.014395156,0.014567564,0.4056073,0.5877227,0.3855886,-0.0687911,0.08006324,0.10552529,0.6429281,0.027091581,-0.100749195,-0.56841874,-0.17378365,0.09079682,0.21216397,0.1637335,0.110794835,-0.14128493,0.50474006,-0.00942836,0.4730032,-0.14596643,-0.09461949,0.016953362,0.064868376,-0.09046188,-0.22291507,-0.48098177,-0.32970795,-0.10060843,0.18933578,-0.103653476,0.15618828,-0.0784415,-0.2929512,-0.059459697,-0.21045507,-0.16393171,0.06993805,0.15065572,-0.3533782,-0.35665756,0.4485538,-0.34160215,0.3667996,-0.12361963,-0.19896655,-0.077056505,-0.9339185,-0.094853,-0.51614743,0.114957884,0.6454592,-0.40148115,-0.12881671,-0.015473778,0.44840378,-0.06642625,0.120440185,0.15115531,-0.041414298,sport
0.18098383,0.100506335,0.22814311,-0.009306693,-0.4014905,0.09582633,-0.27069616,0.4910545,-0.3103299,0.22627126,-0.2354353,-0.44389203,0.34160885,0.4608072,-0.06560051,-0.7591736,-0.13739921,-0.4446505,0.24653596,-0.12030204,0.27378288,0.15725079,-0.07722593,0.43425453,0.25873914,0.09658091,-0.63169056,0.4000921,0.0059409603,0.06716173,0.04455018,0.0030620783,-0.067035355,0.073441975,0.14096229,0.10483381,0.34123823,-0.31234536,0.2146238,0.09113426,-0.21360926,0.29171288,0.5479315,0.5496776,-0.17742138,0.06758738,0.1497455,0.41500187,0.052728567,-0.25763106,-0.38205048,0.16880965,-0.10826813,0.10894046,0.36456257,0.20668034,-0.040652256,0.5051128,-0.36212644,0.60863096,-0.37239835,-0.083797246,0.13249753,-0.13353415,-0.039593622,-0.10240313,-0.33186477,-0.1518727,-0.095512755,0.2723934,0.13177727,-0.15725832,-0.37128854,-0.30067882,-0.014807368,-0.1738338,-0.12859093,0.22602625,-0.08583475,-0.4194613,-0.26374656,0.39958358,-0.34772712,0.10635628,-0.072375365,-0.0018783393,-0.15642461,-1.1005533,-0.06586314,-0.6012542,0.046560757,0.26816252,-0.35286117,-0.3003102,-0.26896653,0.3286668,-0.37348855,-0.23621339,0.15391812,0.09339795,sport
0.074736625,-0.019255856,-0.11801315,-0.17614664,-0.44887164,0.26837373,-0.115725175,0.3728742,-0.14641368,0.30786732,-0.69897896,-0.19822158,0.425038,0.27664903,0.20191383,-0.3489572,0.17424388,-0.5073789,0.25473335,-0.20584723,0.2778064,-0.08491794,0.089348875,0.45040756,-0.32149592,0.11952786,-0.35914007,0.16720903,-0.008366676,0.10849461,0.34421316,0.24681486,-0.031319667,0.26536584,0.119539805,-0.37495777,0.1330358,-0.111146696,0.088375285,0.330375,-0.25738978,0.013417459,0.5411746,0.48387632,-0.21262696,0.17981789,0.3992882,0.68514454,0.6579834,0.28360936,-0.24113873,-0.4347665,-0.06574494,-0.16185284,0.051839385,0.4492798,0.08862186,0.41407266,-0.4178712,0.27403325,-0.20045257,-0.22792019,-0.08218813,-0.07030984,0.23435493,-0.23834488,-0.32439947,-0.35586852,-0.12029225,-0.067094944,0.03413288,-0.051851433,-0.38009772,-0.033101555,0.022242699,-0.051899053,0.09001636,0.20077644,-0.36531404,-0.11956098,0.115316354,0.14693105,-0.29973224,-0.04747225,0.0498688,-0.3959663,0.02466222,-0.6347502,-0.019717554,-0.08112072,0.24849491,0.24460776,-0.25983393,-0.44354668,0.26723802,0.27074435,-0.50861233,0.28284198,0.075045735,-0.07383144,sport
0.11792183,0.19492179,-0.056390848,-0.05942431,-0.418814,0.15354772,-0.047884196,0.24639873,-0.018723698,0.19731241,-0.68153673,-0.22682373,0.50846267,0.560504,0.017751908,-0.09830509,-0.06095858,-0.72941804,0.39191943,-0.29958245,0.17409536,-0.052543465,0.055603944,0.49821568,-0.08972771,0.41762516,-0.52683395,0.040758368,0.10845657,0.011944601,0.32471043,0.23038074,0.28693974,0.12658668,0.24728672,-0.22595236,0.24948367,-0.26482216,0.021434693,0.25058034,-0.12357161,0.032874078,0.6124119,0.46701327,0.12412648,-0.17854345,0.17668447,0.37476638,0.49231666,-0.1282841,-0.23438953,-0.3612864,0.14528811,-0.045171965,0.24284145,0.23001304,-0.057847295,0.4159167,-0.43389964,0.2542782,-0.18172215,-0.16512668,0.06705624,-0.26540992,0.011443858,-0.40431845,-0.37468827,-0.573773,-0.39020962,0.07388716,0.27948418,-0.062135436,-0.41744953,-0.4181666,0.026637428,0.0013161601,0.038929585,0.091787234,-0.35570514,-0.2770241,-0.022594232,0.32333404,-0.26665977,0.09802134,0.18707666,0.0034399044,-0.2583387,-0.6997864,-0.1354686,-0.15170616,0.0016680968,0.4663813,-0.30698228,-0.44197795,0.003916053,0.3333043,-0.21402732,0.19218832,0.18822046,0.003738732,sport
0.028161595,0.065287925,0.29547387,-0.19464016,-0.29167113,0.11038814,-0.09447053,0.47669345,-0.2383164,0.2615992,-0.2575115,-0.30857697,0.23233683,0.5865635,0.005028774,-0.6813911,-0.015772427,-0.5394306,0.26556936,-0.10890396,0.22445023,0.14875427,-0.017812032,0.49760976,0.17042708,0.19634247,-0.55799556,0.36666554,-0.08069614,0.06262685,-0.045684803,0.102219954,-0.06368557,0.089362055,0.15065771,-0.0010691084,0.23052609,-0.4593698,0.17697881,0.1273809,-0.025876101,0.30040365,0.4121063,0.59520644,-0.16683851,0.032928485,0.17074297,0.35680726,0.12498501,-0.15395504,-0.31107134,-0.0552512,-0.04350379,0.18187042,0.30369782,0.12078365,-0.05814344,0.51936746,-0.36401433,0.6359386,-0.21589833,-0.16328192,0.06013323,-0.20713302,0.13091138,-0.09851909,-0.43462244,-0.26415715,-0.15741356,0.2467941,0.11589582,-0.08101387,-0.38768497,-0.29164958,-0.020726083,-0.038720455,-0.1494532,0.31740692,-0.051370982,-0.44999075,-0.3190483,0.43711123,-0.364104,0.15814263,0.0603626,-0.030994281,-0.23340587,-1.0047194,-0.054134503,-0.52501434,0.043665618,0.24070947,-0.46841702,-0.28705516,-0.30870834,0.2644172,-0.29427722,-0.2065313,0.011049923,-0.0051523466,sport
0.4744216,0.33559766,0.026700726,0.07837309,0.0005262556,0.24721998,-0.53036106,0.7245573,-0.16171643,0.033886254,-0.103822686,-0.3990115,0.3468031,0.78114206,-0.3761943,-0.27010664,0.06499436,-0.49561813,0.09324687,-0.026156548,-0.187302,0.14702825,0.06034068,0.27089843,-0.14537163,0.29556787,-0.273507,0.40371192,-0.12642556,-0.1900033,0.014845513,0.27015167,-0.24561138,0.15626094,0.18858781,-0.15940501,0.3108242,-0.36575568,0.24385571,0.06648136,0.08460898,0.18764184,0.7710799,-0.1055673,-0.10054827,0.19702445,0.37375513,0.074740425,0.35524666,-0.15482992,-0.040596616,-0.075306386,0.05292118,0.037558783,-0.08600105,-0.08157432,-0.027723543,0.12457953,0.016675904,0.7151954,-0.25075737,-0.09808025,-0.07848335,-0.13591261,0.3090884,-0.27567232,-0.39754668,-0.47560593,-0.120569676,-0.056862094,0.11902106,-0.15790911,-0.11458473,-0.22554909,0.006636337,-0.116884276,-0.34491804,0.24617486,0.033701938,-0.02055402,-0.16089511,-0.023727134,-0.30915266,0.19028272,-0.14434601,0.34394312,0.001961576,-0.68970656,0.0682283,-0.55576223,-0.08028299,0.29387644,-0.40603307,-0.25815687,0.2191216,0.2897585,-0.12698297,0.12859875,-0.17749742,0.01966484,sport
0.2700754,0.142285,0.36742526,-0.22668384,-0.13344322,0.4463664,-0.15994716,0.6214607,-0.10023072,0.11331694,-0.37603146,-0.13217923,0.38580054,0.29695493,-0.1084265,-0.33183625,0.12045181,-0.484844,0.26444024,-0.07689023,-0.09750016,-0.1300546,-0.05146577,0.34891924,0.18318939,0.2928681,-0.26367113,0.68950915,-0.017441416,-0.122363925,0.019752957,0.0071591297,-0.19863833,0.09935214,0.2586471,-0.10686211,0.0035716041,0.19050676,0.49226087,-0.012897113,-0.06638674,0.15353882,0.49831933,-0.25425863,0.17173836,0.2003475,0.2612691,0.16711883,0.15111436,-0.13817184,-0.020836914,-0.24510418,0.10784827,-0.21196881,-0.027254237,0.3016574,-0.049930394,-0.051918667,-0.28992984,0.28382114,-0.1289229,-0.1187527,-0.12957704,-0.15033685,0.19215223,0.03033656,-0.12318428,-0.20821488,-0.21219957,-0.090422206,0.041411825,-0.30743814,-0.24668485,0.15646762,-0.0013007779,-0.42599237,-0.072713,0.18710212,-0.10688601,-0.42524755,-0.039704014,0.1657102,-0.06172869,-0.09666553,-0.34763134,0.015163924,-0.06915705,-0.44675523,0.18907467,-0.61344385,-0.1070291,0.40575135,-0.23681764,-0.44627357,0.41332605,0.18701868,-0.13137512,-0.1022409,-0.104557976,0.018299961,sport
0.14972973,0.13274208,0.12139809,0.10972958,-0.22936797,0.16122045,-0.11741564,0.50731874,-0.26888078,0.18961637,-0.5661655,-0.23197308,0.5005047,0.4238104,-0.095267974,-0.3695008,0.09560702,-0.43875712,0.20789237,-0.17088127,0.10957153,-0.052310582,-0.21678121,0.39907524,0.016334483,0.06645209,-0.4054952,0.42921224,-0.01447194,-0.15350097,0.010761761,0.086084,-0.12754564,-0.013741732,0.05847007,-0.08846334,0.17710765,-0.052689686,0.35648888,-0.119190946,-0.14933395,-0.03833858,0.42221496,0.0564669,0.07134726,0.21430784,0.26364848,0.44476908,0.3217759,-0.083381996,-0.17967011,-0.265315,0.17494348,-0.17952602,0.106930174,0.21884225,0.09249229,0.33718464,-0.3928396,0.19100724,-0.19203672,0.0036258413,0.12139876,0.11614956,0.24243467,-0.06557772,0.038757056,-0.37223193,-0.018689329,-0.14355502,0.13733049,-0.51509297,-0.2694698,0.030003766,-0.039768748,-0.0728332,-0.06027181,0.24067052,-0.22133619,-0.2387808,0.08992165,0.04776194,-0.04388719,-0.040003985,-0.06711003,0.30799314,-0.21164021,-0.29176405,0.09255168,-0.24653193,-0.25366634,0.36067224,0.01406755,-0.3210127,0.3882852,0.3526707,-0.28604153,-0.22088535,-0.2779964,0.05570438,sport
-0.06966852,0.21325822,0.3039855,0.036142815,-0.13148934,0.48654276,-0.21134858,0.6768269,-0.5380765,-0.26198363,-0.4954148,-0.36534742,0.5160348,0.34078866,-0.071641006,-0.3390219,0.09996252,-0.51960844,0.4659364,-0.29357016,0.039316475,-0.074592344,-0.2373217,0.4215157,-0.19163848,0.066481456,-0.3295415,0.34834975,-0.12988703,-0.2558042,-0.104178384,0.37876543,-0.45128074,0.00887873,0.29935753,-0.17935821,0.23064812,-0.08982308,0.27362764,-0.12761344,0.023011412,0.29092342,0.43944082,-0.105379604,0.10046901,0.046450883,0.29530752,0.32970497,0.5202098,-0.18208034,-0.23693396,-0.1422072,0.14045455,-0.02729471,-0.028471584,0.17628825,0.13517335,0.41718823,-0.11111115,0.31042895,0.1434959,0.0032240478,0.036976326,-0.0027797255,0.44709533,-0.30648765,-0.10480513,-0.37683386,0.058697674,-0.27364156,0.10730716,-0.50738233,-0.1784994,0.14037012,-0.16438586,-0.17987481,-0.1193787,0.053796507,-0.17241539,-0.38545126,0.11253773,0.1063191,-0.14743751,0.13138692,0.10693741,0.29986823,0.03463945,-0.62908244,0.06593199,-0.19896905,-0.24805103,0.14404267,-0.15817131,0.18280858,0.09801601,0.118150406,-0.113753274,0.033583883,-0.0103650605,0.18888405,sport
0.22024362,0.4372775,0.21652703,0.13413171,-0.3034513,0.26963413,-0.2894627,0.653194,-0.29706973,-0.16335577,-0.31624046,-0.3619277,0.6693105,0.60652596,-0.14932008,-0.22969666,-0.00053950906,-0.313858,0.6023904,-0.24628413,-0.073400155,0.21092469,0.030920042,0.20597814,-0.11145554,0.22539379,-0.31442916,0.14092758,-0.007004159,-0.15667912,0.06622713,0.44510958,-0.3136005,0.07338471,0.32098275,-0.31035554,0.27155897,-0.19767046,0.19607267,0.16483852,0.12741974,0.017074056,0.5732206,-0.20119734,0.03419103,0.069049,0.25350463,0.2528019,0.22554521,-0.18316111,-0.102490574,-0.1899448,0.11460052,0.04721766,-0.09884662,0.05117614,0.2318679,0.25625607,-0.22650947,0.3415366,0.027607266,0.120649695,0.023638435,0.04918108,0.4391925,-0.45687148,-0.18571606,-0.43170106,-0.06609299,-0.28161785,0.069751166,-0.34379286,-0.21159332,-0.13004674,-0.09053377,-0.33417368,-0.2514349,0.008187595,-0.19328985,-0.12541299,-0.07102149,-0.075727984,-0.43712017,-0.10581643,-0.016976565,0.29394668,0.1789931,-0.61742336,-0.012712044,-0.4544632,-0.20439023,0.09929018,-0.35731375,-0.26468974,-0.11002371,0.18739368,-0.091041684,0.110120706,0.03323849,0.042414453,sport
0.07357442,0.062391527,0.10688755,-0.09302177,-0.28545716,0.1827257,-0.2620579,0.5319995,-0.24599515,0.22713405,-0.3238765,-0.4702363,0.24833265,0.62296605,0.012781491,-0.67289484,-0.10363221,-0.5170597,0.20106947,-0.13151312,0.2607359,0.14824621,-0.03801659,0.49166605,0.14035596,0.09980303,-0.5505047,0.330091,0.012952556,0.02582112,0.015878826,0.09057154,-0.17638265,0.0996571,0.13316151,0.053057954,0.258047,-0.38897023,0.16604877,0.09398881,-0.098930925,0.2593447,0.47943795,0.5529396,-0.08270869,-0.0017721055,0.16791603,0.4032675,0.084299855,-0.1918275,-0.3097834,0.060780853,0.0056372522,0.1695236,0.25805467,0.1262767,-0.02827665,0.47558618,-0.3676068,0.503134,-0.25965542,-0.12600423,0.09314172,-0.1964818,-0.019606782,-0.14507309,-0.34059474,-0.2564706,-0.16529816,0.10362604,0.122641735,-0.092152715,-0.33180124,-0.3186103,-0.044636812,-0.07218927,-0.069963515,0.27151576,-0.066676006,-0.41745973,-0.19891621,0.3363957,-0.33885452,0.16187912,-0.053484567,0.046950802,-0.1272851,-0.9349882,-0.03907877,-0.4229176,0.03263828,0.3254617,-0.3762458,-0.13514388,-0.14709002,0.3240703,-0.22852603,-0.17331423,0.15056935,0.10002399,sport
0.48168057,0.31336883,0.05759728,0.103835545,0.0033365614,0.20119178,-0.52597564,0.701656,-0.1596304,0.012415247,-0.11271166,-0.3546789,0.34493837,0.80141366,-0.38206992,-0.3104695,0.03184314,-0.53453195,0.16940346,-0.007644733,-0.1849515,0.11818278,0.03678692,0.24609126,-0.18084705,0.319744,-0.28244713,0.34306034,-0.11848414,-0.18402553,0.070310175,0.2520144,-0.27753878,0.21774556,0.16278335,-0.12668267,0.35359353,-0.41361606,0.22211374,0.05926654,0.13035132,0.19639724,0.77645713,-0.049797047,-0.03499876,0.15067214,0.35554767,0.090426505,0.33765602,-0.15819018,-0.08885406,-0.12247398,0.022004094,0.019830473,-0.033607714,-0.0774847,0.056839056,0.16227548,0.004597626,0.7846379,-0.18593203,-0.042313553,-0.08102335,-0.02763547,0.28467393,-0.30990547,-0.4050454,-0.49736053,-0.13441435,-0.024684187,0.064334944,-0.14286344,-0.19784687,-0.25550345,0.011514642,-0.119995035,-0.36926043,0.2719268,0.055649288,-0.082401074,-0.12321793,-0.08550152,-0.31542802,0.23979591,-0.13339809,0.34975472,0.043385442,-0.7661901,0.10141677,-0.5680615,-0.0035447301,0.2347855,-0.40115958,-0.16829228,0.13743648,0.21862763,-0.08228171,0.150269,-0.1472008,0.017929146,sport
0.031768557,0.37458292,0.22893645,0.015703674,-0.05396526,0.4925502,-0.2957752,0.51379347,-0.42175087,-0.26767215,-0.5812942,-0.38217965,0.6289534,0.42371422,-0.15152723,-0.23026784,0.112567544,-0.5776601,0.47807202,-0.24598584,0.0047428766,0.064184085,-0.1719804,0.5250164,-0.11019799,0.053837124,-0.31900612,0.2174134,-0.19035923,-0.14518549,-0.20056374,0.43101335,-0.39215595,0.037552077,0.16686672,-0.16005944,0.23316021,0.11754421,0.24705477,-0.06208297,-0.005272442,0.26168212,0.52552193,-0.1518457,0.04957387,-0.0013217212,0.37273875,0.28201738,0.46761099,-0.19209412,-0.31226528,-0.16525929,0.025827155,-0.06071728,-0.03037841,0.2451957,0.085810654,0.39483854,-0.11221773,0.34873644,0.204285,0.20413227,0.013850397,-0.09336664,0.4227896,-0.344426,-0.14253482,-0.453191,-0.0726985,-0.12148325,0.1612036,-0.40771472,-0.16233468,-0.02906364,-0.2593971,-0.034940332,-0.2685743,0.10831855,-0.25670284,-0.33692384,-0.004147972,0.030506352,-0.13248469,0.023974443,0.04513841,0.298931,0.06866697,-0.6088746,0.08888771,-0.34354123,-0.31693667,0.16141969,-0.28961757,0.10295205,0.07662577,0.18716404,-0.07664951,0.07307522,-0.011742636,0.18303843,sport
-0.11786652,0.32117206,0.15769102,0.03885986,-0.21341674,0.3837961,-0.0950908,0.7304863,0.027475722,-0.050238393,-0.49789578,-0.26012194,0.33276156,0.39017326,0.014756352,-0.23379618,-0.029786453,-0.32432303,0.18356252,0.0922181,-0.14267214,-0.094710775,-0.26955736,0.23656262,0.12835099,0.48783395,-0.16521582,0.56251127,0.19759493,-0.017459989,-0.2131774,0.24257469,-0.12929776,0.23780993,0.229659,-0.03519017,0.47003078,0.21153022,0.5105969,-0.2346697,-0.11631427,-0.035586517,0.6383203,-0.32051802,0.18855453,0.43862128,0.4185749,0.42279658,-0.008131653,-0.34152848,-0.04451599,0.03593752,-0.06634435,-0.12265564,0.04588945,-0.0074399216,0.08401777,0.14457162,-0.38406283,0.23564577,0.001960231,-0.09832636,-0.12883496,-0.11625353,0.2544131,-0.051661402,-0.34537116,-0.033224404,-0.109894946,-0.2839464,0.25766495,-0.26373678,-0.45877907,0.10146525,-0.028143506,-0.25246236,0.07386304,0.012271683,-0.21140185,-0.22188811,-0.0146863945,0.1416187,0.03959643,-0.03477488,-0.17985511,0.016961781,-0.025729073,-0.39347053,-0.029383007,-0.7137511,-0.21764597,0.4932588,-0.20596848,-0.13479981,0.34724212,0.25088114,-0.28364944,-0.1061303,-0.08672252,-0.08181173,sport
0.056088,0.27233395,0.27982524,-0.026909469,-0.14671275,0.13867015,-0.06868447,0.69890785,-0.42998815,0.18754046,-0.37018067,-0.43239483,0.08798806,0.37019765,-0.121967204,-0.17455588,0.08718652,-0.27993986,0.2557802,-0.15755795,-0.091420025,0.07705662,-0.36541405,0.20445555,-0.10422989,0.19676645,-0.5053186,0.5597289,-0.082514055,-0.13387227,-0.08501914,0.501204,-0.3049397,-0.08210213,0.15445638,0.008407729,0.21412128,0.18340275,0.5332377,-0.25779572,-0.09958362,-0.18875088,0.49474132,-0.087450065,0.22928892,0.28738397,0.44999003,0.075279504,-0.0060308687,-0.08173255,-0.32880557,-0.18433267,0.102272786,-0.14217618,-0.007979619,0.36560157,-0.11795138,0.046424404,-0.13583338,0.14588977,-0.108166106,-0.13511476,0.2806733,-0.26778162,0.112723246,0.008795937,-0.27338746,-0.25288877,-0.06553281,-0.111623615,0.15398413,-0.24522293,-0.22006461,0.17030786,-0.33585164,-0.44273853,-0.29003125,0.1666224,-0.16311008,-0.29211542,-0.18091397,0.14774483,-0.066044986,0.08951344,0.118962936,0.065887004,-0.1265027,-0.4174321,0.099570446,-0.58064735,-0.10107287,-0.006997787,-0.2269828,0.12134127,0.29189867,0.4214726,-0.11141072,0.012384575,-0.08432354,0.12766486,sport
0.094043836,0.11059362,-0.13460676,0.4290869,-0.2744136,0.7261816,-0.1969925,0.46601588,-0.47589672,-0.04255419,-0.024210796,-0.19286963,0.8003803,0.9774107,-0.20025726,-0.260579,-0.094503164,-0.5827417,0.22711825,0.24268621,0.11620509,0.19282386,0.17588022,0.40464932,0.22671892,0.30176523,-0.6654413,0.28785232,0.08516796,-0.42351547,0.20745607,-0.18376662,-0.04746252,0.4977055,0.33990154,-0.19944392,0.34900293,-0.18964502,0.17301123,0.2436688,-0.22169912,0.32198212,0.97825587,0.05705409,-0.14090972,0.27742282,0.012649406,0.15594654,0.1045862,0.04846468,-0.33679757,-0.38566092,0.1237907,-0.5543822,0.23240332,-0.05193725,0.2357913,0.16497207,-0.21524028,0.3651449,-0.34198534,0.39839453,-0.111590944,-0.14668734,0.18826027,-0.320159,-0.49516213,-1.0714121,0.08640468,-0.13333638,-0.097018756,-0.14123785,-0.12009808,-0.52400297,0.011769356,-0.09523056,-0.46141085,0.07650027,0.37771383,-0.21593495,-0.077313125,-0.2426737,-0.5558556,-0.14093108,-0.15310869,0.2600865,0.2164347,-0.35539448,-0.007572727,-0.6723793,0.17481962,0.2501802,-0.108484395,0.1676114,0.13664982,0.16769472,-0.031917494,0.17090142,-0.19098045,-0.041153144,sport
0.06654745,0.1668656,-0.16481054,-0.128542,-0.47940576,0.31530938,-0.11061701,0.3107637,-0.02268339,0.4663713,-0.5158504,-0.27223268,0.5155451,0.56491554,0.08470937,-0.3820105,0.24178828,-0.24102947,0.3375681,-0.13086338,0.13299541,0.016135482,0.20089073,0.44312605,-0.149535,0.14121866,-0.3664759,0.2196714,0.069278546,-0.0063142087,0.13527939,0.39816925,0.12271337,0.2692007,0.21067534,-0.2308265,0.2455204,-0.13936147,0.12181562,0.12423527,-0.028257845,-0.007162308,0.522894,0.37280163,-0.19580339,0.28827304,0.1729451,0.43053764,0.3514226,-0.120584056,0.050975192,-0.23291725,-0.082709715,0.004241645,0.19785106,0.30459225,0.095849924,0.43874764,-0.47130585,0.21941523,-0.15102066,-0.044455685,0.1642385,-0.17788519,-0.013365496,-0.5969024,-0.28706762,-0.42809132,-0.07554926,-0.0002702826,0.21217337,0.04437092,-0.29289716,-0.19060731,0.040491242,-0.0790015,0.05115116,0.24135202,-0.26804975,-0.2808295,-0.10335226,0.40316036,-0.2988993,0.15226482,0.23976605,-0.15211831,-0.01655333,-0.8341089,-0.12997769,-0.3778977,0.0775217,0.62700343,-0.40402895,-0.5271132,-0.19657995,0.38921726,-0.1386922,-0.022659624,0.14491704,-0.017248087,sport
0.11451444,0.4400349,0.19695853,0.16100378,-0.11799557,0.56622404,-0.38004777,0.5785625,-0.18932292,-0.09207952,-0.25591075,-0.2618166,0.625601,0.66214734,-0.08383847,-0.17823905,-0.052678548,-0.3728791,0.36532107,-0.101656124,-0.18569577,0.2793309,0.06316809,0.21758212,-0.04449037,0.1897895,-0.48118666,0.2369206,0.115510605,-0.22936516,0.047944363,0.2796312,-0.3400777,0.2929003,0.2989062,-0.13058141,0.14786214,-0.35323283,0.026556209,0.056249414,0.22276014,0.045114398,0.5725689,-0.2289109,-0.044579096,0.047101725,0.25599346,0.12600242,0.31604975,-0.078123175,-0.3100461,-0.18781945,0.08814417,0.105119765,-0.040378723,-0.05606727,0.17103077,0.23173268,-0.14309202,0.41410735,-0.15203993,0.107244775,-0.08503345,0.06489658,0.18022838,-0.437653,-0.24870215,-0.27781248,-0.022042051,-0.41777828,0.07507662,-0.37366837,-0.2370209,-0.17867671,-0.105753325,-0.09867178,-0.19452527,0.18954901,-0.114580594,-0.24013257,-0.051633548,-0.053291615,-0.335027,0.0014895544,-0.044863954,0.41101074,0.11664325,-0.64327216,0.07144598,-0.46252826,-0.2480995,0.30525202,-0.28222227,-0.21157068,-0.043764383,0.18959923,-0.04034876,0.20900257,0.09739272,-0.014543312,sport
-0.057923835,0.15069942,0.21536346,-0.021645237,-0.20956846,0.42830893,-0.20095058,0.67989665,-0.44059741,-0.1145275,-0.47589898,-0.2590836,0.52173233,0.35190082,0.040182583,-0.22709258,0.18305016,-0.43115208,0.4434499,-0.21467514,0.04839159,0.08615027,-0.30524376,0.43550804,-0.3076551,0.08979173,-0.36338544,0.26414686,-0.1045963,-0.20872463,-0.061277132,0.23955806,-0.361447,0.15359846,0.23689656,-0.2552998,0.1769342,-0.08499838,0.23899497,0.052979283,-0.05711845,0.17071085,0.58643705,-0.106170036,-0.12301472,0.028257238,0.37590963,0.28280452,0.41643798,-0.16573825,-0.11377164,-0.051136147,0.09416581,-0.09036506,-0.17763449,0.19555262,0.17433317,0.18736975,-0.09539278,0.18277624,0.09032057,0.0030962212,-0.0433982,-0.17631567,0.3875233,-0.29589894,-0.08234995,-0.22969909,0.055890344,-0.33801907,0.046042237,-0.4744761,-0.18525043,0.09191113,-0.11148074,-0.102780685,-0.21790592,-0.045152593,-0.21990204,-0.17761558,0.012465007,-0.12622266,-0.27265513,0.035684258,-0.01118303,0.04141858,0.08296247,-0.54480594,0.10064131,-0.33335608,-0.16916719,0.30145836,-0.27514732,-0.0008951693,0.06725294,0.08093176,-0.19404894,-0.052390654,-0.007842549,0.17934422,sport
0.049054705,0.08919955,0.10220492,0.083532184,-0.35180795,0.36919817,-0.058352854,0.41367078,-0.06813797,0.122945875,-0.33286524,-0.14341968,0.38321993,0.3594858,0.0034667838,-0.45955554,-0.1462478,-0.5641836,0.37118444,-0.100305125,0.08158201,-0.19113857,-0.031335797,0.4348646,-0.047171343,-0.046114262,-0.38858986,0.5329834,-0.13955373,-0.13325024,-0.21588318,0.0673704,-0.22827923,0.01483813,0.075928666,-0.2354229,0.27322513,0.10559139,0.36669242,0.02635327,-0.08784619,-0.03194807,0.3756488,0.04339813,0.20051819,0.14444418,0.24585474,0.33266518,0.33931118,-0.04101302,-0.10296983,-0.23817828,0.022300866,-0.16037971,0.049989667,0.42241353,0.11455018,0.31784037,-0.3855728,0.16082236,-0.3555968,0.1644777,0.055007596,-0.08821911,0.111021064,-0.05958634,-0.17021032,-0.12980999,-0.26309362,0.14870065,0.07796544,-0.23280813,-0.108282134,-0.32884756,0.16219896,-0.11945902,-0.017143972,0.1303587,-0.105532944,-0.26843247,0.14855514,0.17865202,-0.18224044,0.04252545,-0.06930636,-0.07830034,-0.09177867,-0.4256697,0.21411265,-0.5321369,-0.045481954,0.057249848,-0.14699431,-0.6101956,0.07211944,0.06731171,-0.25348333,-0.018557021,0.08327533,0.17429346,sport
0.5190456,0.47523624,0.07581539,0.16235887,-0.026032882,0.11687352,-0.40756735,0.7994676,-0.16718431,0.018834375,-0.040523224,-0.38154125,0.40298545,0.7974018,-0.41005477,-0.28318733,-0.022475637,-0.48234633,0.08465986,-0.035976153,-0.13720007,0.08039663,0.032924574,0.18989685,-0.11230368,0.35860887,-0.26579082,0.38117242,-0.013738461,-0.23953383,0.11812354,0.24900682,-0.3247659,0.21380845,0.16019355,-0.04961497,0.35540903,-0.4120532,0.2686545,0.07730515,0.11104455,0.16561858,0.77380526,-0.0851779,-0.045941062,0.19152391,0.38836232,0.05077892,0.31033558,-0.29088193,-0.0463905,-0.072144374,0.07441618,-0.00035230006,0.010640332,-0.12936449,-0.006772591,0.10766046,0.036214475,0.8190788,-0.25039378,-0.07889804,-0.11043722,-0.09491061,0.34731802,-0.2851024,-0.3553918,-0.5485434,-0.14468507,-0.015427959,0.08433585,-0.054195374,-0.15234312,-0.26595193,-0.052914266,-0.13469262,-0.41895506,0.23666541,0.075861774,-0.14091581,-0.1750212,-0.09393771,-0.34147584,0.134707,-0.09794098,0.37596983,-0.073202975,-0.80505645,0.07262201,-0.5942513,-0.040782254,0.21281287,-0.45594966,-0.23030983,0.19880253,0.24487127,-0.013029884,0.22662537,-0.14779337,0.00052534614,sport
0.022548988,0.039114714,0.17236367,-0.008554914,-0.25047237,0.48542565,-0.058199435,0.42905372,0.028158976,0.341258,-0.43577346,-0.054826323,0.3467488,0.4618409,-0.15803818,-0.2845616,0.16079938,-0.69882905,0.12198469,0.006548584,-0.101722725,0.01965947,-0.22092679,0.25792575,0.095186666,0.10140789,-0.39528498,0.6891553,-0.031233288,-0.20440213,-0.02448422,0.046579417,-0.10686161,-0.020694453,0.39751554,-0.110599704,0.20339088,0.23608205,0.36804938,-0.16406505,-0.006789354,-0.15989155,0.5096592,-0.26360574,0.1975265,0.27858025,0.211393,0.09671177,0.059145022,-0.032981325,-0.18684183,-0.1882475,0.16799322,0.0331733,-0.0010755145,0.056463964,0.004495527,0.35057983,-0.4192047,0.27644834,0.04193433,0.039338607,-0.04247855,0.13115054,-0.0044705262,-0.109196395,-0.28453124,-0.26872686,0.01337714,0.08751602,0.20471391,-0.44936213,-0.40975893,0.08192191,-0.05710254,-0.26079032,-0.06477634,-0.020033438,-0.20527123,-0.14643268,0.054750133,0.17815225,-0.13717532,0.05342607,-0.18872103,0.15457839,-0.107034504,-0.48103553,0.014797852,-0.43212444,-0.13398616,0.35250354,-0.04514553,-0.37880486,0.22235358,0.18810444,-0.44973442,-0.29706657,0.008775877,-0.06371084,sport
0.061983764,0.11718532,-0.108463116,0.36173692,-0.16744424,0.6767137,-0.22109392,0.47619516,-0.5673798,-0.022409832,-0.01676392,-0.17696492,0.6936317,0.8246398,-0.19694988,-0.14515106,-0.096883535,-0.6311175,0.21511108,0.1564324,0.037352633,0.26625383,0.11630961,0.41573974,0.1889031,0.26048303,-0.5747444,0.3230301,-0.0031266096,-0.39548603,0.10794597,-0.09056604,-0.10413316,0.5113968,0.3016745,0.016184907,0.39637873,-0.09804303,0.1800438,0.103135996,-0.20099404,0.37986806,1.0029709,0.047877364,-0.23590623,0.30563506,0.036983002,0.17083296,0.066907585,0.045302846,-0.25194216,-0.25582463,0.123374104,-0.54994714,0.1937302,-0.0813144,0.11766684,0.1758455,-0.19441293,0.4000757,-0.21431287,0.3045533,-0.10584709,-0.19345063,0.2099357,-0.3877773,-0.4400764,-0.94145715,0.08277635,-0.20472504,-0.049424026,-0.09980805,-0.07813939,-0.4354912,0.010876928,-0.14116937,-0.33529735,0.06438073,0.43098432,-0.27514613,-0.099659525,-0.16005227,-0.4401867,-0.08888534,-0.1795958,0.27795297,0.15059137,-0.46218872,-0.020199345,-0.753805,0.095717944,0.30283216,-0.15554483,0.14518082,0.004823168,0.22164758,0.04821046,0.20808642,-0.22907187,-0.11779267,sport
-0.0936454,0.09037009,0.22742973,-0.075208545,-0.3502902,0.752094,-0.08402315,0.49547625,-0.35567462,0.4520874,-0.44154695,-0.16691966,0.22305533,0.33777457,-0.19006956,-0.41921583,0.025310423,-0.43205038,0.07874275,-0.06571669,-0.24391776,-0.11559452,-0.09166581,0.17147307,-0.13018598,0.0044535305,-0.51809734,0.72251517,-0.05991567,-0.16137901,-0.07401394,0.25723347,-0.36218902,-0.05444062,0.047295805,-0.17767926,0.36949205,0.15782414,0.192479,-0.25606072,0.008517872,-0.40870982,0.60432166,-0.3460857,0.29793465,0.5609699,0.286263,0.3035532,0.122698076,-0.1858173,-0.13095987,-0.10739334,0.3394863,0.15760268,-0.04132333,0.13649373,0.15048692,0.15590882,-0.2543914,0.18510959,-0.010465133,-0.28878868,-0.20102076,0.036798757,0.21026848,0.012261872,-0.12710536,-0.3517942,0.0021718058,-0.1900648,0.09594147,-0.46696982,-0.21112503,0.31959924,0.00808242,-0.32795933,-0.133077,0.10698469,-0.11519493,-0.32183465,0.05775852,0.08675408,-0.079388164,0.2595449,-0.075975366,0.12879321,-0.101586774,-0.45199448,-0.040083095,-0.49343583,-0.29315403,0.3599373,-0.1934919,-0.21495509,0.123095356,0.44738775,-0.21627788,-0.104105376,-0.24901009,-0.104772724,sport
0.09617487,0.07928408,-0.08700663,-0.14984822,-0.27488282,0.30542916,-0.18853812,0.4252444,-0.040905368,0.43579653,-0.598819,-0.12081384,0.69871557,0.66150385,0.0038269903,-0.34218243,-0.05334602,-0.5971257,0.3722061,-0.34423897,0.19033217,-0.06942343,0.14047325,0.5420838,-0.09547706,0.32298303,-0.53474873,0.32337862,0.0352296,0.0009936098,0.21137542,0.28486118,0.33638322,0.19713525,0.3059579,-0.3165043,0.06145608,-0.21746239,0.042250272,0.17262736,-0.14022648,0.21251029,0.5531823,0.4270609,0.059695072,-0.058546226,0.116159044,0.29433042,0.5497595,-0.25889835,-0.13591182,-0.45368728,0.18099055,0.036666352,0.22025485,0.24678499,-0.08604592,0.26841706,-0.30431095,0.24157915,-0.09010243,-0.090777695,0.17118132,-0.1530138,0.12173122,-0.3990565,-0.37624446,-0.60223424,-0.19683029,-0.12564407,0.12625207,0.034144193,-0.1714283,-0.5817506,-0.011409775,0.045234036,0.008341758,0.24029495,-0.2524847,-0.38854685,-0.061166707,0.41105676,-0.32261857,0.14179645,0.26451817,0.019182714,-0.19380492,-0.7521701,-0.104064345,-0.119532384,0.108566314,0.46438715,-0.45685878,-0.46224028,-0.03429056,0.29159114,-0.15704617,0.09709815,0.090252995,-0.12873119,sport
0.14231116,0.1379033,-0.11141901,-0.06511835,-0.4310046,0.2501862,-0.08188586,0.48886627,0.020014511,0.24718809,-0.6637294,-0.12152852,0.51219714,0.58276904,-0.046753954,-0.13873696,0.15528281,-0.57124656,0.32321241,-0.2775069,0.16341086,-0.09373103,0.19989422,0.41958356,0.045613594,0.29171863,-0.36147177,0.25425026,0.0941262,-0.102733426,0.3328885,0.20470896,0.2572058,0.150477,0.20875505,-0.25460282,0.12792107,-0.24309517,0.12782118,0.20263246,-0.08618339,0.008387753,0.5968705,0.3200773,0.100550674,-0.07673068,0.12304917,0.22384703,0.55088013,-0.3070176,-0.08540208,-0.39197642,0.17549436,-0.09092591,0.24283525,0.21843007,-0.10409949,0.32194528,-0.30431262,0.24261121,-0.20311385,-0.119652115,0.18842763,-0.06293537,0.046708923,-0.40764153,-0.32763928,-0.5101739,-0.28189617,-0.022541441,0.20716195,-0.16629541,-0.29487643,-0.33402696,0.07478548,-0.08781095,-0.027010538,0.0784695,-0.30474007,-0.30851707,-0.14752817,0.30281305,-0.24324942,0.11478561,0.223148,0.08932049,-0.119968705,-0.58684963,-0.041608326,-0.15811934,-0.043175764,0.38844246,-0.3751749,-0.4045691,0.018991694,0.275614,-0.1921034,0.18468563,0.06834908,-0.017705007,sport
-0.04542526,0.1008035,-0.19052334,0.31214663,-0.047761764,0.6174182,-0.33398008,0.47264665,-0.49473724,0.019358216,0.18914041,-0.1861862,0.756346,0.7284285,-0.21876827,-0.057420727,-0.1436561,-0.6406466,0.3099563,-0.011422663,0.12082166,0.20560293,0.01962943,0.43449116,0.1850492,0.048312157,-0.43803096,0.2580854,0.06939618,-0.3840275,0.0037176807,-0.13160785,-0.10830208,0.48919907,0.422892,0.023305934,0.380791,-0.16138725,0.118734956,0.13406928,-0.029119745,0.47332126,0.9829632,-0.015640207,-0.0897083,0.22389905,0.20838064,0.19562104,0.06943802,-0.10013584,-0.21997969,-0.16948104,0.1999925,-0.30868,0.19491813,-0.04462616,0.01453886,0.14549965,-0.45137998,0.38929015,-0.2002675,0.14229508,-0.06500398,-0.1789153,0.24316189,-0.42589897,-0.34171745,-0.8284548,-0.0404418,-0.28480658,-0.02257647,-0.098114274,-0.20653655,-0.55506206,-0.013770428,-0.03797011,-0.30604348,0.0066378014,0.49514037,-0.2578751,-0.040745687,-0.01504658,-0.41624737,-0.18835396,-0.11537247,0.48680392,0.14616288,-0.45396364,0.0856656,-0.6814734,-0.10416155,0.41234103,-0.40925455,0.067310095,-0.029517386,0.29610437,0.079782456,0.21154094,-0.21469544,-0.09692282,sport
0.03156035,0.2816366,0.28632337,0.13767864,-0.20966156,0.43891293,-0.076889746,0.5133249,-0.25797692,-0.14325811,-0.6528153,-0.28950098,0.50948554,0.64424515,-0.11105699,-0.33031204,0.24645697,-0.33971924,0.19752103,-0.28524894,-0.04591228,-0.011673798,-0.22839431,0.5469785,0.15744177,0.04318865,-0.48879552,0.3283642,-0.14997268,-0.17533253,0.08019838,0.07282682,-0.2283892,0.03973185,0.3391666,-0.09865819,0.18710446,0.25816917,0.42189878,-0.051128317,-0.12834078,0.037423924,0.46055627,-0.11580251,0.012756841,0.30736917,0.6083999,0.4275472,0.3341008,0.0036650107,-0.51543856,-0.43156138,0.3886088,-0.0034775606,0.07681923,0.028451977,-0.020613065,0.17935674,-0.38645744,0.04472827,-0.10393761,-0.18222006,0.10868782,-0.141293,0.16301133,-0.20635697,0.10520331,-0.16705672,-0.044447288,-0.24480988,0.1629327,-0.5399441,-0.2955335,0.11744515,-0.0038183155,-0.041140866,-0.057357796,0.13735327,-0.3428998,-0.11935962,0.14732248,0.056298025,0.008447144,0.102944635,0.048973415,0.2917435,-0.12550108,-0.30209282,0.17874306,-0.067857146,-0.19708116,0.3153752,-0.047217324,-0.15872872,0.32963473,0.21666208,-0.40396908,-0.29774272,-0.122308284,0.009205942,sport
0.053204753,0.31236732,0.1552435,-0.006124307,-0.19216318,0.282116,-0.1885172,0.31375,-0.23216061,0.12931,-0.22225165,-0.20623569,0.4705504,0.5086355,-0.178752,-0.2830068,0.22228326,-0.4545159,0.44668776,-0.021697221,-0.24775778,0.24070257,0.0692562,0.36612403,0.1105923,0.09658067,-0.43646723,0.012617886,0.051694617,-0.111091554,0.013294926,0.4086345,-0.24261719,0.041980408,0.118538044,-0.084404595,0.4247196,-0.19827706,0.23080397,0.2517294,0.18506518,0.037847545,0.4855465,0.29565394,-0.1666249,-0.15376736,0.1582991,0.0039451057,0.35622048,-0.12294254,0.00517476,-0.16654664,-0.12306492,0.20744568,-0.11823938,0.34134436,0.35946366,0.54154766,-0.4584275,0.23862979,-0.29679015,0.282491,0.14668508,-0.020731328,0.21215408,-0.5562514,-0.38905048,-0.5249996,-0.3460346,-0.006894267,0.4796371,-0.2874698,-0.050458115,-0.2547025,-0.07914726,-0.15198119,-0.3130729,0.08380844,-0.21030886,-0.041847218,-0.21909238,0.17672934,-0.33249697,0.059773922,-0.08912471,0.15574946,0.15102974,-0.73629266,0.011133046,-0.619358,-0.08177122,0.35153753,-0.54541475,-0.43281826,-0.23312806,0.4508199,-0.15473515,0.21783768,-0.07075228,0.0155070145,sport
0.053129375,0.13254732,0.09251557,0.1990833,-0.09875352,0.57383555,-0.3289706,0.5874513,-0.50234324,0.02994676,-0.055444594,-0.14055814,0.7230408,0.79572546,-0.19405518,-0.021517687,0.006903546,-0.6131902,0.2503414,0.037247077,-0.046559103,0.123282745,0.063887335,0.3221492,0.23691487,0.20874925,-0.31211394,0.1989149,-0.00156245,-0.25208396,0.025260922,0.03483128,-0.18384805,0.2971182,0.2668917,0.061634354,0.37893954,-0.084642634,0.25728056,-0.0067131803,-0.11193389,0.24484372,0.98192805,-0.08981934,-0.33673182,0.23118444,0.119645916,0.2556009,0.010881041,-0.18185773,-0.062722825,-0.15567403,0.009948251,-0.23342821,0.11043517,-0.027544815,0.14935955,0.10595691,-0.17716461,0.44615674,-0.16136757,0.282763,-0.061744556,-0.14674404,0.21708584,-0.39916408,-0.27139595,-0.69728315,-0.0613403,-0.076559454,0.058612347,-0.24594282,-0.11727949,-0.39008147,0.011465431,-0.07679298,-0.34024006,0.10940539,0.30921715,-0.27970394,-0.22215745,-0.13051556,-0.26018742,-0.087437354,-0.148032,0.2421702,0.11246407,-0.6031267,-0.022386104,-0.7828421,-0.15479454,0.40490693,-0.333595,0.0102885235,-0.0036931478,0.30579984,0.13532475,0.32953292,-0.07395483,-0.05075116,sport
0.18686666,0.015819186,0.24171682,-0.25258264,-0.18266244,0.3726739,-0.2006108,0.43588966,-0.13486746,0.5037553,-0.6428707,-0.18713395,0.4402972,0.40172,-0.0068182442,-0.18726034,0.07078948,-0.5996318,0.25650162,-0.13669616,-0.10874517,-0.16825083,-0.20907415,0.26443985,0.11253504,0.07954255,-0.45875743,0.6856832,-0.052760947,-0.20879911,0.1372509,0.13879986,-0.29021055,-0.01474752,0.4073409,-0.17234026,0.16897473,0.16987655,0.46187246,-0.15136041,-0.12602112,-0.028582927,0.59306484,-0.19976628,0.111088105,0.27267483,0.31050715,0.12193456,0.29011148,0.007515757,-0.22193547,-0.16696997,0.2879078,-0.054953653,0.09013459,0.11426435,0.19410884,0.12379145,-0.2863552,0.2891776,-0.104154035,0.06274075,-0.024030134,0.017939784,0.07071414,-0.0627663,0.037752423,-0.13597536,0.012691054,-0.104862906,0.14022501,-0.5745653,-0.5635066,0.13209407,-0.12798928,-0.2624871,-0.14860499,0.13725007,-0.134554,-0.3365302,0.101672724,0.20665626,-0.083344646,-0.032964874,-0.051054917,0.093782954,-0.10324442,-0.5693396,-0.025695039,-0.34406146,-0.06475696,0.17705724,0.12102325,-0.3913567,0.39778182,0.17579395,-0.5437822,-0.017080255,-0.010389427,0.08470024,sport
0.528179,0.43136787,0.16793916,0.15937284,-0.0022423482,0.23000853,-0.43768713,0.7662215,-0.17973699,-0.02367047,-0.0073108766,-0.3204847,0.40956748,0.86434966,-0.3468545,-0.21577601,-0.063160606,-0.49235353,0.06720832,-0.045554534,-0.17319812,0.04007289,0.06365642,0.24440366,-0.03254352,0.36304784,-0.3166602,0.42914647,-0.020669524,-0.27985865,0.07434836,0.30025887,-0.29466584,0.19932564,0.17477363,-0.05532553,0.2736173,-0.4170435,0.23912156,0.12553358,0.10988454,0.16096383,0.71964407,-0.042612385,-0.05703989,0.10273023,0.3496327,0.15122294,0.3336667,-0.21991576,-0.02533795,-0.16536371,-0.02280089,-0.03238442,0.06886291,-0.08658769,0.028649025,0.120383434,0.022470847,0.7431884,-0.2744279,-0.037872683,-0.088849306,-0.08870134,0.2563937,-0.39691988,-0.2638232,-0.50915587,-0.089291476,-0.016644461,0.10878314,-0.17451218,-0.15150158,-0.26612929,-0.067138076,-0.110024944,-0.2766918,0.20969342,-0.017952023,-0.18257402,-0.16089466,-0.06880703,-0.3151149,0.15666832,-0.10741679,0.3193411,-0.09272496,-0.918086,0.12721576,-0.6240148,0.023329746,0.24211699,-0.3454864,-0.22814056,0.17821817,0.26465732,-0.030641077,0.10126708,-0.15250821,-0.06789645,sport
0.14817446,0.095595755,0.13811146,0.10272393,-0.19303605,0.21780322,-0.05175726,0.51338637,-0.23379172,0.15974228,-0.5666928,-0.20150049,0.42054814,0.47517356,-0.1440483,-0.3153189,0.1601734,-0.52206475,0.19752291,-0.23662362,0.08914884,-0.037739396,-0.14975089,0.4379259,0.08738154,0.06150962,-0.416819,0.43179482,-0.10270835,-0.13100755,0.061475847,0.03352777,-0.1303449,-0.018645149,0.15394183,-0.23504294,0.14175579,0.032137,0.3054229,-0.09971003,-0.17852083,-0.06561414,0.41548768,0.07766319,0.10061554,0.30467263,0.36486974,0.38176402,0.31980294,0.0032069641,-0.25654927,-0.29290584,0.09886966,-0.060575787,0.1351049,0.091041036,0.15400787,0.34779307,-0.33251962,0.21026242,-0.068840526,-0.019868976,0.08933333,0.1597489,0.10600485,-0.061236825,0.08404277,-0.29143828,0.05964881,-0.24191423,0.091272905,-0.43690228,-0.19962199,0.06519381,0.035067923,-0.11377585,-0.093496986,0.18189484,-0.2767391,-0.12496421,0.06362647,0.117706075,0.02121208,0.032316204,-0.06482872,0.20569104,-0.17169905,-0.31441548,0.019284394,-0.22249302,-0.18214387,0.40964916,0.08766389,-0.32507297,0.462614,0.28932604,-0.39289877,-0.30969918,-0.25822958,0.03445677,sport
0.19445361,0.13360508,-0.076645724,-0.22049785,-0.118456244,0.32427496,-0.07674703,0.60676,-0.12189468,0.14505097,-0.5996639,-0.23643208,0.3284531,0.39100027,-0.1558461,-0.284252,0.20679593,-0.25702962,0.16141777,-0.26357016,0.17371023,-0.066906266,-0.1562816,0.38670725,0.06290432,0.23506421,-0.38443696,0.40252864,-0.027145835,-0.12749144,0.015900562,0.080873944,0.080860384,0.14930259,0.20642371,-0.26525208,0.27484468,0.016241293,0.3616251,0.0541637,-0.08135185,-0.013666367,0.4698419,0.10077254,0.04509174,0.3785389,0.22250035,0.15196307,0.38130516,-0.25500983,-0.14080845,-0.21875812,0.2291336,-0.16457105,0.2758838,0.15409182,0.025040489,0.15908162,-0.26113498,0.20746566,-0.20211032,-0.15387085,0.036542594,-0.05716583,-0.16319531,-0.16240798,-0.12201649,-0.27762005,-0.4231568,-0.11730206,0.14939047,-0.16774772,-0.26236922,-0.0032263452,-0.08847705,-0.1601071,-0.13261662,0.16376081,-0.073587425,-0.1962428,-0.15612614,0.101464376,-0.2571297,-0.016223434,0.009732995,-0.08913959,-0.033652484,-0.6065798,-0.024371611,-0.27222982,-0.046878044,0.2559753,-0.26294538,-0.3324606,0.27384093,0.14882296,-0.43663236,0.08302523,0.08307312,-0.15371667,sport
0.07509462,0.09933591,-0.14296946,-0.15012376,-0.32843545,0.18447208,-0.29882255,0.49806058,-0.059249263,0.35891268,-0.6210014,-0.09694335,0.6699173,0.6945979,-0.1385371,-0.3317649,0.013223081,-0.4828632,0.19705415,-0.29209825,0.08775936,-0.010750771,0.20802483,0.4742893,-0.026205696,0.3227513,-0.48209253,0.37194282,0.07833673,-0.06297875,0.23232014,0.16980268,0.3729497,0.2287849,0.27643237,-0.35827544,0.11835022,-0.3137192,0.019919695,0.15658285,-0.046145607,0.24146105,0.6246232,0.415,0.06289964,-0.025110563,-0.002185849,0.25190753,0.6086746,-0.40479115,0.04399207,-0.40518907,0.016686127,-0.019383106,0.2467756,0.19008228,-0.07499453,0.27320704,-0.30905572,0.24427198,-0.11287346,0.011147057,0.042744875,-0.05386947,-0.013336555,-0.49897486,-0.30429107,-0.61579555,-0.08293204,-0.19014671,0.13796347,-0.09821367,-0.19097824,-0.54193956,-0.03465643,-0.08894687,0.022567105,0.071189,-0.30721262,-0.44133273,0.059711296,0.37506714,-0.25019574,0.2616393,0.19937877,0.20955707,-0.050505243,-0.7760521,-0.17094535,-0.1945121,0.07767964,0.5534119,-0.34388068,-0.48992714,0.052808415,0.3888962,-0.10116618,0.21552643,-0.00960267,-0.13803662,sport
0.021427024,0.13673422,0.24604616,-0.18700388,0.00023349616,0.40442055,0.18624198,0.25678068,-0.19036043,-0.16458043,-0.41722956,-0.2924812,0.29058155,0.5883354,-0.14090274,-0.45411792,0.36828488,-0.29638466,0.07780575,-0.23163001,-0.017125882,-0.15038347,-0.2892869,0.6969224,-0.025369663,0.17303835,-0.62937164,0.39968255,-0.2835903,-0.06264002,-0.42747504,0.1343911,-0.38715604,-0.2615463,0.19814745,-0.52478564,0.5542621,-0.22467752,0.31109452,0.11432798,0.08895724,0.24478976,0.47557226,-0.10603501,0.103920564,0.2996195,0.09378216,0.64240634,0.469206,-0.14148378,-0.0518767,-0.18807067,0.3143407,-0.38871834,0.22120468,-0.052021973,-0.0706159,0.45714515,-0.72086656,0.04113252,-0.33054745,-0.28967607,-0.5644203,-0.035166256,0.30955622,0.14146724,-0.13199046,-0.35248733,-0.2654785,-0.05351249,0.4027424,-0.49274564,-0.20620398,-0.07428549,-0.0032889605,0.12406454,-0.10792823,-0.00863371,0.13959347,-0.48708302,-0.14576682,-0.23840316,-0.32718295,-0.075354815,0.047984462,0.04397526,-0.2780805,-0.26905572,0.100467145,0.25799745,-0.25269407,0.12132027,0.0078057847,-0.47789603,0.30355653,0.024365012,-0.5176535,0.015771031,-0.2723628,0.033450328,finance
0.18441035,0.19193965,0.3228835,-0.16466269,-0.02789526,0.3412826,0.18410724,0.1610014,-0.2150032,-0.199511,-0.44782522,-0.24584886,0.33653852,0.56768006,-0.18182729,-0.36990795,0.3293366,-0.3567708,0.05091647,-0.23231016,0.03196633,-0.13116358,-0.3329224,0.70552236,-0.04754043,0.17235067,-0.47694603,0.28901055,-0.23655048,-0.035260685,-0.4023009,0.11680988,-0.33882624,-0.12221521,0.17883198,-0.4672223,0.5585785,-0.09122731,0.3890507,0.022051377,0.1355998,0.21146907,0.5597486,-0.117668934,0.05881153,0.2663357,0.1428177,0.5356901,0.49563032,-0.1745474,-0.048077513,-0.17275798,0.273045,-0.31763497,0.28682584,0.036833927,-0.10371702,0.49439088,-0.7543503,0.039045658,-0.36980313,-0.18031418,-0.55086076,-0.073911816,0.24073893,0.13668984,-0.021496603,-0.35831732,-0.28423193,-0.05257939,0.46337703,-0.42967448,-0.19936407,-0.082956746,2.5756503e-05,0.12410548,-0.15096278,-0.016212234,0.112286516,-0.54440784,-0.15907297,-0.27693173,-0.35125685,-0.050183244,-0.06558025,0.033875108,-0.33005145,-0.21716218,0.24448955,0.06386915,-0.2258982,0.18128692,-0.035502806,-0.50257313,0.25437573,0.02884335,-0.50654006,0.016584523,-0.32800198,0.042845104,finance
0.26958498,0.0108329225,0.05584516,-0.096214645,-0.44218415,0.4742168,0.22723721,0.3553812,-0.090838626,-0.1275325,-0.4464988,-0.4551466,0.55368793,0.3535381,-0.28006253,-0.31041855,0.47038656,-0.5662421,-0.12089984,-0.079474196,0.053439893,0.047259293,-0.1810207,0.50329053,0.24922799,0.18411319,-0.29661334,0.3812359,-0.1800874,-0.13280956,-0.1806274,0.29793656,-0.20228899,-0.06615511,0.24712297,-0.15843007,0.21284762,-0.13864648,0.3694867,-0.004854959,-0.043157984,0.103873044,-0.06079737,-0.18003696,-0.20552233,0.38094604,0.5271242,0.45025226,0.30157983,-0.1256308,-0.1735503,-0.1194617,0.29291815,-0.23989885,0.015579632,0.28527156,-0.21793099,0.23992324,-0.5207016,0.34710187,-0.15193358,-0.12015675,-0.24688889,-0.13736403,0.18503344,0.038597595,-0.13189472,-0.14138754,-0.0810986,-0.14980423,0.1555023,-0.30761868,-0.36300573,0.03223304,-0.03559718,0.10852762,-0.0007405287,-0.18734758,0.05887236,-0.23213266,0.1844544,0.03508627,-0.5469956,-0.067340486,0.06034544,0.44364008,-0.1729352,-0.19915123,0.260002,-0.26570597,-0.19805439,0.3986641,-0.13685861,-0.18241115,0.17743845,0.16966279,-0.39938247,-0.094775334,-0.32013673,0.03151585,finance
-0.06720659,0.23014449,-0.15126596,0.2728496,-0.35045993,0.6627484,-0.26843083,0.41175583,0.17799398,-0.26809248,-0.31442186,-0.66531235,0.84368503,0.37362805,-0.4441563,-0.43706378,0.44202325,-0.43635643,0.10813937,-0.3555701,0.3258781,-0.07112621,-0.22970532,0.7282773,0.3024986,0.07826994,-0.24432558,0.5412546,-0.29633275,0.53137434,-0.30893484,-0.340131,0.33291852,-0.082195304,-0.036529716,0.25249222,0.70179814,-0.28721675,0.30598792,-0.19104291,0.08692281,0.6456065,0.13152535,-0.32308847,0.14771688,0.50612634,0.40385434,0.2928287,0.31931463,-0.11771302,0.034326877,-0.22271717,0.2666803,-0.18204597,0.08639761,-0.10398908,0.043021232,0.5760559,-0.5313557,0.303961,-0.0020677121,-0.058674812,0.011667063,-0.010361417,0.007550468,-0.23232538,-0.11115958,-0.3401234,-0.5348705,0.124750555,0.46557376,-0.9005547,-0.2922347,-0.109593205,-0.07694171,-0.07083512,0.18304886,-0.34148878,-0.05874871,-0.15033437,0.07414271,0.053357124,-0.74290603,-0.050907433,0.35509306,-0.23231435,-0.16391124,-0.40653372,0.38687843,-0.28174138,-0.67765063,0.21556053,-0.27491167,-0.17953753,0.2520345,0.45499584,-0.45881024,0.0031294576,-0.43015844,0.1706911,finance
-0.11577267,0.5411623,0.22793865,0.21896113,-0.4388731,0.26882213,0.4706509,0.28664473,-0.6542843,-0.39070255,-0.65848625,-0.22303323,0.00046085616,0.35347402,-0.25834337,-0.3768574,0.32525876,-0.2971601,0.64967036,-0.016211094,0.120913476,-0.069665976,-0.10866973,0.25127676,0.10786273,0.41788188,-0.27143955,0.30476043,0.09182015,-0.10025316,-0.2149139,0.21214366,-0.10203633,0.038000856,0.1474202,-0.14650612,0.29142332,-0.50404114,0.5301411,0.3138826,-0.06246402,-0.109778516,0.36008257,0.0122558465,0.05464803,0.4737544,0.19987592,0.065432526,0.40095145,-0.4109761,0.08732233,-0.5799119,0.0949241,-0.1623452,0.18747588,0.2043573,-0.2226155,0.54500824,-0.33910504,0.04220106,-0.33330548,-0.10903224,-0.16186707,-0.26246378,0.3038971,-0.028601522,-0.058662847,-0.272533,-0.58502483,-0.25703436,0.06554432,-0.086052164,-0.31015253,0.072659425,-0.28106463,-0.61042523,-0.14247377,-0.34065834,-0.033019636,-0.072939985,-0.10665299,-0.06489651,-0.48385692,0.09939563,-0.11660537,-0.12411694,-0.22869591,-0.39661562,-0.057887107,-0.44126388,-0.11701741,0.13175134,-0.35554683,-0.32726002,0.060703084,-0.0014423323,-0.16385128,0.14066438,-0.15041241,-0.31500232,finance
0.14918447,0.17536159,0.26338753,-0.33551323,0.024253815,0.30457532,0.1992999,0.2812816,-0.31966838,-0.032207735,-0.6187148,-0.29622713,0.30375057,0.46153226,-0.16665229,-0.44856575,0.2748789,-0.28783643,-0.035046704,-0.23814353,0.059737176,-0.20075724,-0.34129983,0.66169137,0.10031477,0.17594329,-0.6168506,0.31839204,-0.091322154,-0.116024435,-0.43172988,0.03545243,-0.46040118,0.034618083,0.16240777,-0.47213048,0.35278288,-0.14121497,0.4542727,0.17920767,0.19619077,0.24760026,0.5344584,-0.10970891,-0.045076407,0.2864009,0.020614639,0.47067088,0.71799845,-0.012427711,-0.16831705,-0.036667936,0.29267132,-0.2772662,0.16507031,-0.05608421,-0.14951181,0.4605941,-0.5816292,0.05531611,-0.25503802,-0.15746006,-0.5023046,-0.10674813,0.49513462,0.18285131,-0.08284628,-0.18152179,-0.375771,-0.22301546,0.3738471,-0.40792006,-0.18360312,0.0375155,-0.061575536,0.12386419,-0.27488318,0.09414037,0.038872592,-0.5071702,-0.15306719,-0.058699783,-0.38921586,-0.064319864,-0.09373256,0.051797293,-0.3772713,-0.29291824,0.22929686,0.167886,-0.29044145,0.20523587,-0.04814762,-0.4769661,0.32176408,0.08291776,-0.39310086,0.104863256,-0.3472559,0.06407965,finance
0.051414113,0.1866708,0.476768,-0.118168436,0.06428871,0.28685972,0.25951815,0.32877827,-0.27228597,-0.05717909,-0.56168485,-0.20713583,0.33407092,0.543187,-0.2417472,-0.42122096,0.30600375,-0.2785579,0.047713514,-0.15944839,0.04323047,-0.18763287,-0.4139258,0.5574913,-0.17019346,0.22782761,-0.6202172,0.37631762,-0.18385911,-0.18533269,-0.31146908,0.03625637,-0.50351566,-0.100591846,0.22128037,-0.4094188,0.6999826,-0.042204,0.23320618,-0.009096503,0.12812287,0.11118614,0.58483857,-0.054760575,0.006321882,0.19028783,0.2179247,0.5651489,0.42652488,-0.043214303,-0.11514486,-0.10045779,0.39058477,-0.35854852,0.28461942,0.042717103,-0.099882096,0.17922935,-0.74243766,0.08235636,-0.3606486,-0.22964154,-0.63711786,-0.0526855,0.48164833,0.113975435,-0.122220166,-0.37299356,-0.29538643,-0.09333408,0.55361277,-0.39611274,-0.2530999,-0.042377517,0.017387807,0.07604798,-0.12714688,0.17970195,0.11885393,-0.4729271,-0.10308893,-0.22882465,-0.44177836,-0.008483727,-0.11503332,0.097210854,-0.32457012,-0.25085887,0.19477342,0.25066617,-0.24154893,0.03676608,-0.18684421,-0.49368802,0.27734047,0.012331871,-0.33380994,-0.09525384,-0.31295684,0.0021254895,finance
0.13483062,0.12352895,0.35945955,-0.28732008,0.06684439,0.21666093,0.1767183,0.28006467,-0.33020654,-0.14396721,-0.5657335,-0.28820777,0.36419037,0.46435925,-0.19632033,-0.47724614,0.28696457,-0.31496793,-0.020808287,-0.22953625,0.18363592,-0.22863738,-0.374177,0.6917649,-0.020822128,0.21174979,-0.57901126,0.2789659,-0.13108489,-0.26131472,-0.26610672,-0.009695683,-0.47520992,0.09436008,0.2511637,-0.46110865,0.5107762,-0.03808629,0.3970075,0.19197057,0.150608,0.22940022,0.67709666,-0.029650595,-0.08637675,0.21683717,0.15326208,0.46299323,0.6121256,-0.037263285,-0.23038368,-0.026875408,0.3060576,-0.3132285,0.24758449,0.03628086,-0.17620121,0.3334401,-0.5800916,-0.0008985602,-0.37255684,-0.08328114,-0.656167,-0.21567503,0.49611095,0.20469981,-0.16033576,-0.25667152,-0.4453043,-0.14380422,0.42641947,-0.4336311,-0.27117884,-0.10815588,-0.01430031,0.160695,-0.104740314,0.10528679,0.03432898,-0.41638508,-0.12629437,-0.13678308,-0.5285445,-0.015578871,-0.13112332,0.14156838,-0.38473532,-0.2838879,0.20867082,0.28980482,-0.27373204,0.17181124,-0.047008257,-0.56448096,0.36879426,-0.01958874,-0.2928861,0.06638784,-0.31494153,0.04966447,finance
0.3522349,-0.17354406,0.1442663,-0.36000654,-0.039294764,0.41473866,-0.05112255,0.4842129,-0.12506533,-0.043121032,-0.49236155,-0.3041584,0.32679144,0.20673364,-0.19777551,-0.62172914,0.25592092,-0.399656,-0.052154664,-0.33694008,0.009512515,-0.1621065,-0.045554772,0.7177216,-0.111179344,-0.013710398,-0.67700803,0.22674793,-0.4866952,-0.05044883,0.13621238,0.14389493,-0.1399189,0.002276156,0.41593,-0.38128272,0.5118932,-0.348492,0.27445024,-0.033792585,-0.04109361,0.30072668,0.4293478,-0.19480968,-0.0042055026,0.13958746,0.34335545,0.5677986,0.4338803,0.17684585,0.010118712,-0.5775923,0.40372458,-0.5627689,0.004846766,-0.39578304,0.103476666,0.29809907,-0.34339333,0.15086399,-0.05666053,-0.24499488,-0.5263926,0.074134715,0.26718065,0.1832954,-0.11055905,-0.3364037,-0.36643058,0.25407723,0.040959753,-0.2546532,-0.23051228,0.106001504,-0.011110648,-0.34837258,-0.093893126,0.16483703,0.3924635,-0.25770104,0.28030458,-0.19029446,-0.0591602,0.048310544,-0.30117723,-0.22768693,-0.037183158,-0.61006135,0.055642847,0.1556068,-0.43935534,0.35637134,-0.28261733,-0.4162631,0.057527814,0.021429664,-0.30323517,0.13102156,-0.2558297,-0.1950027,finance
0.21617241,0.16289712,-0.204771,-0.21022707,-0.07088737,0.14375265,0.056113075,0.06547453,-0.073137626,-0.122292586,-0.2811852,-0.052596897,0.16895838,0.5688838,-0.18934475,-0.4430848,0.2671419,-0.6265203,0.17671435,-0.008170814,0.18820569,0.21248524,-0.3498716,0.7890914,-0.08836313,0.08433954,-0.39261904,0.5927846,-0.026532961,0.32894534,-0.6590679,0.3617678,-0.15441942,-0.07695081,-0.05691706,-0.5890263,0.43351585,-0.21152289,0.60706085,0.09143401,-0.17558467,-0.008649579,0.37207946,-0.26106262,0.21395992,0.40725383,0.29282683,0.6198705,0.58516616,-0.17841777,-0.21620136,-0.17934139,0.19697946,-0.034823474,0.34454578,0.04923768,-0.2589276,0.48911798,-0.5739418,0.24205588,-0.2271527,-0.32794514,-0.20626041,-0.029303052,0.11721803,0.18400037,0.076556586,-0.5846607,-0.27062485,-0.22950208,0.19948237,-0.36713493,-0.13830906,0.16119243,-0.076138504,0.0059431847,-0.05565211,-0.2710059,0.070425406,-0.40275165,-0.025252843,-0.15147759,-0.16600324,-0.2046582,-0.06371954,0.122961916,-0.07981961,-0.25423938,-0.21926357,0.13534193,-0.42974818,0.19998749,-0.24430515,-0.43667728,0.16632846,0.14234431,-0.70186263,-0.115115896,0.022867884,0.074876666,finance
0.5026484,-0.23431434,0.28265578,-0.084477834,-0.22287917,0.28731918,0.19800255,0.4453321,-0.3454289,-0.13455376,-0.537628,0.073714554,0.43144158,0.18912883,-0.3077916,-0.209154,0.14974292,-0.61051345,-0.12283209,-0.06734529,0.2949043,-0.14659607,-0.053148083,0.6207421,0.05515601,0.25313908,-0.51545435,0.45193112,-0.18506959,0.0032759919,0.12489682,0.13294756,0.096368715,-0.38262215,0.36014614,-0.3698889,0.30119085,-0.3274529,0.2967225,-0.16789787,-0.172125,-0.07957896,0.23602867,-0.26058006,0.07855742,0.53243685,0.5218919,0.4645391,0.25834623,-0.0827977,-0.21066657,-0.43704286,0.33672857,-0.19147009,0.24894199,-0.1906069,-0.2411087,0.12646435,-0.40668926,0.032202464,-0.5530257,-0.11072411,-0.6506256,0.16754006,0.16588227,-0.014954104,-0.19213906,-0.2852425,-0.1497131,0.16339001,0.20147802,-0.26972976,-0.44732288,0.16961126,0.2829393,-0.08844224,-0.09469162,0.14885011,0.033137288,0.064031355,0.023715992,-0.24629152,-0.5288243,-0.21667202,-0.06835306,0.20979431,-0.012536132,-0.3497565,0.11787459,-0.18305664,-0.42360702,0.052454762,-0.15373366,-0.38674653,0.030045655,0.124891564,-0.27788487,0.16777107,-0.059507173,0.014179206,finance
0.23309289,-0.18311878,0.12814417,-0.11761449,-0.09920743,0.26974997,-0.015036844,0.3530067,-0.17930256,-0.30059844,-0.4413344,-0.16145596,0.045231912,0.40928313,0.083122864,-0.55275285,0.33480275,-0.3601343,-0.06838513,-0.35457262,0.056955963,-0.07019577,-0.23189051,0.85516834,-0.0074927574,-0.08913807,-0.693401,-0.019480625,-0.41728655,0.025479872,-0.2864881,0.20360701,-0.0887766,-0.086371765,0.28271666,-0.27996758,0.5473427,-0.3307937,0.12864725,0.20624417,0.08313983,0.26214853,0.42105427,0.06412633,0.16831513,0.06637949,0.5163198,0.54510885,0.43824148,0.04671157,-0.076172985,-0.3695478,0.41442403,-0.44655272,-0.0051049367,-0.3234451,-0.06511359,0.45639926,-0.5645744,0.0799831,-0.43129706,-0.30406368,-0.43829745,-0.120004825,0.13456443,-0.034081265,-0.35818186,-0.39627412,-0.27315772,-0.0012789044,0.39000705,-0.2966287,-0.40788582,-0.15925318,-0.05920482,-0.27344215,-0.050593287,0.12515348,0.05117357,-0.10399394,-0.08498782,-0.41543087,-0.06613727,-0.12120682,-0.1722887,-0.17160457,0.12455615,-0.4418221,0.1413483,0.25019825,-0.154087,0.42479,-0.043821316,-0.46336943,0.23141262,0.040251918,-0.59921175,-0.2029069,-0.062815994,0.018208604,finance
0.37508345,-0.099271156,0.009987721,-0.23449512,0.051595535,0.2303755,-0.06646749,0.40624252,-0.21596679,-0.19737765,-0.34578243,-0.45300087,0.3864759,0.15068534,-0.20897107,-0.49935657,0.24402781,-0.37047893,0.061928842,-0.21347985,0.17709865,-0.18756935,-0.14748183,0.7955792,-0.07978987,0.04146331,-0.60474485,0.30710617,-0.4655075,-0.039260417,0.023386296,0.13499352,-0.120884895,0.048957434,0.3838795,-0.23021376,0.49534264,-0.29814175,0.30300882,-0.042383373,-0.11129456,0.2905053,0.40519246,-0.094733134,-0.0050871503,0.18472232,0.40902874,0.4583898,0.46910554,0.052727826,-0.132464,-0.5324795,0.50420535,-0.46173543,0.011109618,-0.35818782,0.07044397,0.3413579,-0.37798077,0.13678908,-0.08144233,-0.20744608,-0.43222716,-0.09453067,0.19530104,0.021220205,-0.068158194,-0.37840587,-0.29890475,0.19855508,0.083570786,-0.37161118,-0.3185278,0.051933713,-0.03574104,-0.25304282,-0.056683764,0.02229907,0.2717048,-0.1740017,0.2595537,-0.20211421,-0.10650051,-0.022914583,-0.12856157,-0.1309846,0.08693835,-0.5389647,0.09795054,0.15239488,-0.41097555,0.24748975,-0.32532766,-0.500724,0.05212506,0.051919665,-0.34222117,0.106402196,-0.2947585,-0.074377045,finance
0.33758843,0.29699358,0.1917584,0.26115477,-0.40638524,0.2625823,-0.027181484,0.7827955,0.03251915,-0.13085608,-0.039893698,-0.08374016,0.2910787,0.34970734,-0.33446586,-0.039282784,0.07017649,-0.06187002,0.39453304,-0.40152588,4.1496838e-05,0.21051005,0.100273795,0.2805171,-0.21870057,0.27406213,-0.22083859,0.109604105,-0.2093457,-0.24246714,0.26917925,0.30505207,-0.18012905,0.03354856,0.41209844,-0.25222054,0.20645674,0.043045163,-0.036671437,0.3293885,0.27500308,0.029473871,0.44035023,-0.077217974,0.14388108,-0.02185864,0.3811319,0.2742021,-0.05463912,-0.21180433,0.06361368,-0.05989766,0.10120074,-0.11209151,-0.14007518,-0.09083135,0.075502604,-0.003024584,-0.38422304,0.05048716,0.19256583,-0.05104795,-0.22566563,0.041000884,0.3175065,-0.41610527,-0.22808266,-0.2927165,-0.05528103,-0.2704972,-0.003078024,-0.36269772,-0.2214868,-0.23553365,0.21068344,-0.50448346,0.006443047,-0.35532343,-0.1361088,-0.08008517,-0.21014282,-0.32492858,-0.54841965,-0.2945292,-0.20067099,0.11756815,0.060015455,-0.20879775,0.029146535,-0.45003402,-0.15890153,0.26714724,-0.4847935,-0.44017032,-0.1387265,0.24504177,-0.25224805,-0.039661955,0.0053841816,0.057110593,finance
0.28514582,0.052647468,0.09135997,-0.117143355,-0.09791365,0.32244593,0.29633814,0.4309882,-0.16080102,0.22195601,-0.38339528,-0.3692221,0.41483957,0.19051415,-0.20298421,-0.4061059,0.25334266,-0.6563437,0.12577592,0.0736617,-0.15913801,0.0776547,-0.030731846,0.81272453,-0.16218512,0.063349254,-0.8007529,0.43033737,-0.48831072,-0.40112785,-0.054197017,0.010406603,-0.36609578,0.086647294,0.09534416,-0.20704912,0.54230565,-0.18187533,0.34525484,-0.16326988,0.16722357,-0.018811395,0.18894067,-0.029626064,0.15703411,-0.12302973,0.37629747,0.5589527,0.38162437,0.097758666,0.09854968,-0.5995356,0.53342766,-0.40894327,-0.23693633,-0.11090968,-0.001557374,0.39109418,-0.50956327,-0.08101088,-0.09325058,0.061937593,-0.26594037,0.13277794,0.41891646,-0.33560643,0.0025817705,-0.38774678,-0.29466563,0.19709936,0.16509542,-0.20348926,-0.07771087,0.17084081,0.042250838,-0.43283656,0.056185387,-0.08177987,0.1334196,-0.27831823,0.028638378,-0.18877359,-0.12359422,-0.1045219,-0.32951662,0.12750134,0.14858532,-0.27933484,0.21608983,-0.018504668,-0.23010328,0.5432849,-0.13468795,-0.465992,-0.14941855,-0.0033765761,-0.34142596,-0.222221,-0.2981682,-0.19138804,finance
0.25758114,-0.112408,0.18372549,-0.26410297,-0.2544309,0.40493792,0.10038636,0.4880092,0.06562016,-0.0071323956,-0.35702008,-0.2828675,0.024747595,0.31017652,-0.05723816,-0.3760481,0.38606495,-0.6176258,0.12158507,-0.09755477,0.18896435,0.008696855,-0.115930974,0.60346365,0.27327675,0.12171027,-0.3522793,0.26651964,-0.07703494,-0.16531938,-0.044815436,0.06691389,0.04471545,0.19413984,0.016970322,-0.17567837,0.11707815,-0.21448569,0.064268425,0.014298259,-0.24559861,0.10512394,0.70769316,0.053542517,0.10327198,0.4857641,0.18420249,0.3731209,0.10410832,-0.3674889,-0.21044135,-0.018070215,-0.02407346,-0.23862486,0.3816566,0.26965895,0.037803087,0.031502564,-0.14251436,0.24923795,-0.2928857,-0.105786,0.18455766,0.0066111377,-0.14971207,-0.4323935,0.049875293,-0.13150458,-0.470915,-0.02580315,0.031113798,-0.44400015,-0.12444388,0.027517254,0.23465441,-0.27749488,-0.2682727,0.20400776,0.16186522,-0.22372082,-0.21673691,-0.08626696,-0.29379562,-0.42158878,-0.39535415,-0.119125426,0.2817703,-0.47116846,0.052254055,-0.38835803,-0.39451224,0.16063397,-0.09916057,-0.61594576,0.5458264,0.34396273,-0.014205784,-0.08781863,-0.02394009,0.50161904,finance
0.033354245,0.0016898323,0.26350254,-0.0011242438,-0.31097648,0.47775126,0.16212437,0.6041333,0.1654167,-0.061458234,-0.35275158,-0.34745768,-0.018085862,0.36764994,-0.11119135,-0.4675209,0.2547687,-0.64557874,0.37605396,-0.30823514,0.2943694,-0.14007492,-0.22679013,0.39677468,0.26024488,0.23412761,-0.45341608,0.26171464,-0.165782,-0.08728492,0.16752851,0.07168004,-0.061609495,0.17350969,0.21641819,-0.32186487,0.338322,0.07146178,0.03190894,-0.06982222,-0.06804649,0.012446765,0.5878777,-0.017736178,0.2466319,0.4188109,0.25666758,0.40499744,0.12029358,-0.27862918,-0.128774,-0.0043914514,0.030465582,-0.10685456,0.13703041,0.0030515578,-0.17249335,0.10722132,-0.27944496,0.07148634,-0.0071242917,0.008064791,0.048217155,-0.012102265,0.09374841,-0.2808385,-0.03963454,-0.22143364,-0.68835235,-0.041313685,0.028788203,-0.4161221,0.011955938,-0.123538755,0.21870159,-0.28211528,-0.22646362,0.09174724,0.24934381,-0.31111774,-0.11264691,-0.030909773,-0.22857623,-0.23152234,-0.31075814,-0.25793192,0.07679665,-0.40788633,-0.014367361,-0.25040582,-0.41000676,0.15315132,-0.19600783,-0.45541945,0.44767275,0.048245322,-0.04205559,-0.054152686,0.15929559,0.19549522,finance
0.16625337,-0.13822836,0.3092542,-0.24090177,-0.192631,0.47085187,0.24678525,0.33042064,0.21468921,-0.46014404,-0.24457294,-0.18649817,0.27083755,0.3368282,0.10067295,-0.2545094,0.37124044,-0.37358266,0.19131188,-0.08493772,0.07499615,-0.03506152,-0.1726515,0.5523472,-0.22585762,0.12263657,-0.15386079,0.34307048,-0.4010407,-0.16388991,-0.047874566,-0.0053053587,-0.19307211,0.11683179,0.23152226,-0.25192943,0.35967913,-0.123030856,0.36267763,-0.07352301,0.30895978,0.12185428,0.5487173,-0.10431641,0.15811715,0.24934158,0.21473266,0.44649884,0.23584168,-0.34755167,0.012575934,-0.13805678,-0.019043854,-0.23049699,0.33046785,0.07955951,-0.12980255,0.35981098,-0.4544235,0.08767535,-0.24995467,-0.2526941,-0.15878725,0.10303541,0.053460043,-0.08456323,-0.09752269,-0.22127567,-0.47479582,0.0004278716,0.21079141,-0.10067956,-0.18463583,-0.16362028,0.036002964,-0.1791812,-0.38532177,0.13798739,0.15997781,-0.3905741,0.06386835,-0.06940014,-0.18377374,0.00088775833,-0.07680963,-0.026009904,-0.12715712,-0.25094792,0.18629763,-0.22133777,-0.15707973,0.31784868,-0.08904507,-0.43631563,0.29900324,0.12757142,-0.3202698,-0.01402265,-0.37951043,-0.05682368,finance
0.0053110053,0.012430989,0.12773186,0.26340246,-0.2239718,0.62801605,0.11154027,0.5760079,0.3947661,0.122150615,-0.28917477,-0.4525807,0.17743531,0.1825908,-0.16149203,-0.39462975,0.5235745,-0.76567906,0.32433212,-0.029031783,0.3357152,-0.14643927,-0.21208048,0.5307382,0.23863465,0.2847683,-0.27504352,0.5974413,-0.14189956,-0.16348833,0.35031626,-0.025494082,-0.14996321,0.13441834,0.33869597,-0.3234927,0.23542243,-0.07343412,0.11015405,-0.064590275,-0.039407063,0.10024578,0.30037436,-0.20705353,0.2777263,0.44866553,0.26842505,0.5959825,0.20770463,-0.08461014,-0.15999657,-0.20000643,-0.04422765,-0.020230806,0.005183673,0.13955761,-0.15765798,0.15840223,-0.4152244,0.17019194,-0.17991884,0.09478929,-0.07773304,-0.017340705,-0.02600144,-0.21169981,-0.058981758,-0.14851074,-0.71714985,0.21638541,0.11349695,-0.37800652,-0.10040629,-0.28399113,0.10591144,-0.052080095,-0.11274711,0.077468075,0.29822955,-0.323466,-0.0139884455,-0.10067089,-0.13430285,-0.113538794,-0.22725482,-0.28658113,0.06463587,-0.25452918,0.13654748,-0.019161666,-0.15897723,0.086906396,-0.26268932,-0.5156615,0.46160072,0.04321599,-0.19089413,0.044144627,-0.22727887,0.26976573,finance
-0.06254684,-0.21455953,0.12032509,-0.09776088,-0.32153046,0.35777068,0.11720554,0.5586275,0.08815287,-0.1701442,-0.25810403,-0.2965884,0.020070998,0.24391477,-0.14794089,-0.25335363,0.3316758,-0.63106126,0.26017258,-0.2621616,0.110973015,-0.04542229,-0.21505086,0.40926728,-0.003067482,0.18747771,-0.44114473,0.34653914,-0.30092627,-0.1443579,-0.14220206,-0.10276612,0.0982986,0.2312992,0.24783026,-0.13241418,0.28400165,-0.20482162,0.06310298,-0.1217769,-0.055815283,0.23093721,0.67797744,0.027423825,0.36288098,0.48411927,0.11639574,0.40519634,0.16646385,-0.1309928,-0.17132927,-0.024888858,-0.0070475084,-0.18112147,0.10866256,0.04669563,-0.114691116,0.19957322,-0.26582947,0.2870432,-0.1423822,-0.09973306,0.18449976,0.1019694,0.029920986,-0.5457595,-0.11608252,-0.25157315,-0.5063977,-0.066414505,0.038809046,-0.31073654,0.17035805,-0.08682173,0.3480854,-0.26915362,-0.26386955,0.2368294,0.09310812,-0.22968997,-0.12757242,-0.0223263,-0.3753771,-0.08253474,-0.17150366,-0.21732979,0.114157245,-0.40494382,0.08193065,-0.3916038,-0.36787564,0.18076819,-0.045649156,-0.6203584,0.39534792,0.3178774,-0.014401362,0.009558115,-0.066002555,0.48156413,finance
-0.0334459,-0.18475349,0.257765,-0.11399462,-0.34145093,0.56946874,0.16894273,0.36137903,0.095686875,-0.06333328,-0.37063646,-0.27784172,-0.12646146,0.30972442,-0.040751547,-0.25590226,0.3309618,-0.82377094,0.34279537,-0.15106037,-0.024351833,0.026270686,-0.09852606,0.44373322,0.1292825,0.092769526,-0.36569655,0.30124286,-0.29311365,-0.15526871,0.004878786,-0.007595747,-0.020329602,0.16919675,0.2727915,-0.15221754,0.21973681,-0.08616782,0.0012609791,-0.06985981,-0.14750756,0.027403634,0.5647162,-0.037588194,0.2099001,0.45789218,0.13146888,0.4607529,0.12089819,-0.07716966,-0.17483878,-0.18328036,-0.060853757,-0.19900352,0.16117978,0.1549742,-0.04104412,0.27466932,-0.37503827,0.20158458,0.06525791,0.036630593,0.055908173,0.06843422,0.006705669,-0.45528236,-0.11447759,-0.14905249,-0.45050323,-0.0522774,0.051946968,-0.2814542,0.07152582,-0.09942905,0.2950142,-0.45263475,-0.16636693,-0.008363217,0.06979711,-0.23624839,-0.17508748,-0.029008836,-0.33492836,-0.24858047,-0.3736739,-0.19838038,0.059526864,-0.27402657,-0.042284276,-0.24930783,-0.40204504,0.3712609,-0.0759475,-0.53477526,0.40211236,0.1056108,-0.016431771,-0.050871514,-0.106634185,0.39866018,finance
-0.076737136,-0.00881105,0.114252076,-0.00950136,-0.14068288,0.74831575,0.10877501,0.170452,0.11651519,-0.109944075,-0.4174436,-0.18243092,0.2975075,0.15102862,-0.036911286,-0.37889373,0.6177921,-0.81885505,0.16252443,-0.250535,0.09956522,0.16457856,-0.0031238513,0.6556246,-0.034356147,0.13182111,-0.39634788,0.56324536,-0.31206,-0.39980948,-0.040010724,-0.0023632136,-0.02147388,0.2058121,0.16043834,-0.10738027,0.18899445,-0.16147622,-0.017180754,-0.023069264,-0.31647122,0.23096922,0.61588573,-0.10913111,-0.0680964,0.6790592,0.083946586,0.53592414,0.1883148,0.18067203,-0.22758964,-0.1605038,0.21595949,-0.48184416,0.14101145,0.3533257,-0.06388312,0.22573733,-0.22197813,0.231198,-0.17121963,-0.049658284,-0.022596039,0.104708426,-0.15023366,-0.2434127,-0.030932784,-0.1309331,-0.6134426,0.22011256,0.29246905,-0.39519715,0.15080269,-0.0092171095,0.46227694,-0.11300339,0.14128458,-0.031559568,0.3124698,-0.20792656,-0.18960506,0.08919212,-0.64279735,-0.24381866,-0.50774497,-0.18650998,-0.027548693,-0.14574657,0.32611296,-0.039102502,-0.44235846,0.25447446,-0.387906,-0.7504108,0.41022578,0.16042061,0.06684298,-0.06264294,-0.19023958,0.29594553,finance
-0.061240196,-0.03512306,0.18780039,-0.10090249,-0.2676489,0.5806926,0.14805804,0.24707562,0.06891684,-0.19039145,-0.46927008,-0.2176575,0.17395411,0.14835054,-0.09065271,-0.32956746,0.44233096,-0.64223397,0.26928088,-0.15403324,0.053012986,0.041239526,-0.10326436,0.68544936,-0.007829332,0.17679079,-0.48465103,0.4289032,-0.2504479,-0.34160662,-0.21857393,0.0031589374,0.08689251,0.19253163,0.19459471,-0.13025416,0.26891664,-0.18388626,-0.0469147,-0.10193858,-0.19323741,0.22956312,0.6871652,-0.04299023,0.033798527,0.7088135,0.084735975,0.5188555,0.12094929,-0.110222705,-0.11295003,-0.10441118,0.063527934,-0.30781335,0.24022135,0.22248578,-0.010307974,0.233584,-0.15669008,0.22746569,-0.17673011,-0.10361941,-0.022759384,0.16982591,-0.06198659,-0.42692578,-0.08367071,-0.22683683,-0.5889643,0.02549803,0.23238692,-0.3066143,0.14749894,0.008773732,0.41527823,-0.31807762,-0.017225765,0.09925445,0.2517002,-0.1877977,-0.23273546,0.09159934,-0.554775,-0.2759001,-0.41332242,-0.3144561,0.021120297,-0.31584844,0.19281602,-0.30334586,-0.50565207,0.2596885,-0.13150983,-0.6527126,0.34736636,0.21455982,0.0789061,-0.09964177,-0.13137467,0.33343858,finance
0.12548234,-0.0199645,0.11442864,0.018401692,-0.35893157,0.55546916,0.12162298,0.3007055,0.06892946,-0.023121472,-0.400458,-0.1800658,-0.0017068089,0.354577,-0.30153406,-0.2908253,0.32473135,-0.69412655,0.34960967,-0.03143974,-0.05142733,0.021937134,0.0996586,0.53422916,0.15753269,0.060736742,-0.58051753,0.392104,-0.26885766,-0.10663228,-0.021608062,0.039948683,0.18230155,0.22523394,0.24988274,-0.09288804,0.27969694,-0.12788714,0.046093713,-0.15405066,-0.34556314,0.028508894,0.6089081,-0.02622366,0.08372971,0.4908284,0.19999254,0.47438985,-0.041429564,-0.23979272,-0.19859064,-0.19552875,0.0025382626,-0.1800999,0.27584133,0.1860026,-0.12494468,0.32626253,-0.36747584,0.1839537,-0.03305349,0.12041753,0.21519883,0.0994552,-0.089232564,-0.24737902,0.04865567,-0.27881974,-0.24720328,0.17895482,0.1609762,-0.35023344,0.075386316,-0.1854145,0.31974387,-0.30561367,-0.019219877,0.14647277,-0.037787918,-0.30850908,-0.32275975,-0.08136653,-0.24922384,-0.29664475,-0.22924852,-0.06643105,0.11227517,-0.3814729,-0.01195134,-0.3209951,-0.2862725,0.12901346,-0.0081691155,-0.65561026,0.33875668,0.09013788,-0.025443612,0.17441598,0.07835227,0.25649968,finance
0.14717686,0.10862618,0.28756407,-0.18766116,0.08058455,0.31398097,0.17891726,0.26822993,-0.2434683,-0.20905414,-0.4228766,-0.27681416,0.39196235,0.46973217,-0.13526481,-0.41588074,0.37279978,-0.36091942,0.021151494,-0.255317,0.10877607,-0.16781287,-0.3186435,0.7028854,-0.009715026,0.18164787,-0.5463978,0.37472808,-0.19339927,-0.20592088,-0.34911463,0.029464643,-0.406899,-0.05677095,0.23637784,-0.4619673,0.5363933,-0.04926334,0.36261928,0.10953626,0.117687434,0.17424135,0.6231439,-0.07332678,0.00506352,0.24508744,0.11784632,0.4804796,0.56789285,-0.06233015,-0.1782776,-0.037390303,0.32994837,-0.35398236,0.27385414,0.009796745,-0.16608223,0.31070724,-0.6645484,0.021933382,-0.42613134,-0.14999492,-0.6297815,-0.12437232,0.38532683,0.18863097,-0.16408981,-0.27075443,-0.35618556,-0.08668528,0.42765793,-0.39285365,-0.18817292,-0.10746934,-0.0075402446,0.15775351,-0.18760201,0.0044888696,0.16231379,-0.3972658,-0.12236338,-0.27152032,-0.51353025,-0.0016987949,-0.1146073,0.07783898,-0.32610154,-0.28140193,0.19631386,0.28341776,-0.18258856,0.13013895,-0.06438035,-0.5698786,0.3720092,0.022648966,-0.34094274,0.0684342,-0.3237533,0.04186326,finance
0.1205261,0.12910886,0.4459027,-0.15183838,0.014440857,0.23714297,0.10488764,0.4093624,-0.26430178,-0.06041101,-0.5918633,-0.14523776,0.3104392,0.5080951,-0.14138223,-0.43248928,0.31109107,-0.28117892,0.08467022,-0.08550087,-0.018896038,-0.12588608,-0.3693182,0.6155789,-0.092692584,0.1701271,-0.6088624,0.26988834,-0.20763218,-0.3273165,-0.19600382,0.041206863,-0.5074532,-0.09220412,0.2635754,-0.3909864,0.61023796,-0.028453482,0.24182922,0.04059455,0.13800384,0.14475855,0.53589225,0.008818974,-0.02357717,0.15531722,0.43274698,0.50668186,0.35631877,-0.043314587,0.00675631,-0.224515,0.31409928,-0.3715897,0.20564517,0.07568563,-0.0030722457,0.08214967,-0.6384677,0.05815348,-0.28241536,-0.27686474,-0.60163826,-0.030789906,0.41293547,0.08861976,-0.16777465,-0.3191154,-0.30983868,-0.07681739,0.4419119,-0.3444048,-0.275079,-0.06026975,0.057003282,-0.16122559,-0.010671857,0.1579079,0.13954766,-0.37883672,-0.19368982,-0.2534673,-0.27917677,-0.067809016,-0.21887542,0.07911706,-0.21435279,-0.22870809,0.23130429,0.22020653,-0.26148707,0.1048783,-0.12235925,-0.40278766,0.24559267,0.004337169,-0.32604355,-0.17816035,-0.19893396,-0.13293543,finance
0.27852252,-0.115904935,0.04084858,-0.14629042,-0.1104198,0.2623637,0.10006283,0.30230576,-0.28304976,-0.09196775,-0.3844615,-0.392811,0.27322504,0.42118958,-0.055950645,-0.4847121,0.28939527,-0.42906705,-0.0005301246,-0.16559575,-0.018008787,-0.011520818,-0.22071937,0.7997382,-0.10401026,0.19683947,-0.5625514,0.21470006,-0.3304961,0.019839676,-0.19282827,0.18029214,-0.17243005,-0.1399998,0.34594554,-0.40028378,0.5405522,-0.34114107,0.29977265,-0.04564092,-0.013393421,0.1372096,0.4060226,0.073581636,-0.023797987,0.07164723,0.57696384,0.55330604,0.41245073,-0.09600306,0.032574236,-0.4351443,0.63896513,-0.30720773,0.1723206,-0.28257534,-0.067942835,0.41432837,-0.54462415,0.23924817,-0.2028624,-0.2787242,-0.5503849,-0.09514411,0.30631322,-0.022612745,-0.08781875,-0.33645564,-0.14494947,-0.019282782,0.25196895,-0.2725335,-0.37239882,0.015725309,0.054074325,-0.1098114,-0.10982982,-0.05051729,0.1369121,-0.11708023,0.12469792,-0.39585423,0.01712012,-0.10308216,-0.04709583,-0.09790141,0.107165374,-0.3381058,0.19293562,0.16052455,-0.50066507,0.33362365,-0.07405501,-0.57901245,0.12215821,-0.10432033,-0.33905253,0.06000997,-0.34341908,-0.20391342,finance
0.25691822,0.1608487,0.25929403,0.029960532,-0.60770273,0.32280865,0.1499891,0.6301422,0.061815694,0.22914737,-0.766832,0.13568996,0.22135372,0.5540696,-0.27791685,-0.27664906,0.21431282,-0.34881553,0.23756355,-0.47446692,0.059161287,-0.0088172415,-0.13251972,0.6382721,0.0012655143,0.017750604,-0.8130226,-0.10273888,-0.16707993,-0.3351315,0.012936671,0.020814972,-0.14781092,-0.08385848,0.09134325,-0.41149464,0.5376884,-0.40555522,0.31699315,0.13873498,0.11476481,0.07917423,0.24711236,0.16379999,-0.16105388,0.09619581,0.1028543,0.45698982,0.07875714,-0.013461445,-0.18368347,-0.3351201,0.4503321,-0.21576616,0.026893158,-0.020897489,-0.12286246,0.05316444,-0.41574576,0.14973669,-0.047021173,-0.22541547,-0.36247465,0.11303604,0.4284922,-0.27315953,-0.1439669,-0.53330004,-0.40313917,-0.17267548,0.19048919,-0.3579901,-0.033826675,-0.0054219337,0.30534804,-0.54243577,-0.048610106,0.047684778,-0.0031739727,-0.016325071,-0.2211956,-0.16381456,-0.28107938,-0.18429506,-0.3483995,0.19204414,0.122170515,-0.21279822,-0.02666916,-0.058102366,-0.34964606,0.094569564,0.12887654,-0.4644574,0.01745322,0.049808897,-0.27049956,-0.3714991,-0.16835196,-0.14193565,finance
0.27515364,0.098601714,-0.082249925,-0.11481248,-0.12133996,0.36933947,0.39086577,0.53830874,-0.100477815,0.15076718,-0.53710073,-0.29626688,0.30684167,0.25536737,-0.24934134,-0.37372178,0.2469409,-0.51012844,0.22522005,-0.07415092,-0.03677081,0.016890261,-0.1268495,0.75414264,-0.031221425,0.16293117,-0.6846246,0.27799404,-0.40001,-0.45502436,0.049463432,-0.025067974,-0.28077984,0.084270895,0.09542189,-0.22784685,0.4170502,-0.17103349,0.2815385,0.011891963,0.05463399,0.06725565,0.23591349,-0.030535595,0.21371762,-0.040157948,0.34757048,0.4888153,0.28316244,0.088313475,-0.030193957,-0.58114403,0.52281886,-0.3372829,-0.18574043,-0.07404936,-0.04872779,0.19673076,-0.51368785,0.04654042,-0.12321822,0.017663512,-0.23741789,0.10785796,0.27546757,-0.36820894,0.07948158,-0.30304816,-0.3963684,0.090482466,-0.08547814,-0.2597851,-0.10672734,0.1312908,0.17678866,-0.41963425,0.03466546,-0.012145164,0.022441175,-0.20180443,0.0038464859,-0.24269843,-0.18151137,-0.17792828,-0.34880996,0.10969999,0.15210846,-0.31057253,0.15151067,-0.1159557,-0.33684167,0.4736755,-0.10555201,-0.50636137,0.019671537,-0.029638512,-0.35781735,-0.31101075,-0.15928024,-0.20129043,finance
0.090628155,0.26560283,0.3775691,0.059307463,-0.07278324,0.4912944,-0.13268255,0.32596645,-0.3043554,-0.16681848,-0.49632502,-0.44814035,0.67859143,0.38489246,-0.38610774,-0.32713598,0.11944851,-0.40622172,0.09960225,-0.31746352,0.00035583033,-0.06447307,-0.39055228,0.6414124,0.02842153,-0.0039812154,-0.4170896,0.22132337,-0.11367816,-0.11835058,-0.33753818,0.16551878,-0.31035972,-0.14641835,0.17026,-0.1627652,0.45211694,0.07628054,0.3844698,-0.08318539,-0.058969174,0.27324656,0.35224125,-0.2992444,0.13594744,0.24254969,0.4644895,0.5263608,0.38514647,-0.13399747,-0.27601013,-0.31402457,0.25742492,-0.16161889,0.17151052,0.30235717,0.014614683,0.35603362,-0.5144366,0.31834728,0.0020104947,-0.22815222,-0.03135275,-0.101928316,0.27577117,0.0006083083,-0.019313889,-0.37425092,-0.1116256,-0.08422455,0.4373642,-0.56100905,-0.1946337,-0.03490691,-0.02634338,0.0077823373,0.08470632,0.11026719,-0.2842658,-0.40114668,0.21734346,0.17457381,-0.40663546,-0.011743477,0.015697911,0.23071904,-0.1967832,-0.36602804,0.35191864,-0.1460038,-0.30795008,0.11571866,-0.0963938,-0.123160966,0.20919058,0.2651875,-0.2352091,-0.08635808,-0.28441274,0.24703552,finance
0.3489295,-0.0035721264,0.13050936,-0.09938509,-0.24119286,0.089424685,0.15757407,0.6676838,-0.20895508,-0.07574498,-0.520573,-0.14844528,0.4605656,0.40452164,-0.24381445,-0.31707832,0.16661017,-0.29371133,-0.17672026,0.105861716,0.12326373,0.15814266,-0.28204188,0.60140747,0.34941807,0.23765568,-0.20927198,0.2955621,-0.04533592,-0.11865529,-0.08742696,-0.11832823,-0.040521078,0.0456465,0.14618886,0.0065861293,0.23782498,-0.15372531,0.38190886,0.13850272,0.16815123,0.120061934,0.29761407,0.013019567,-0.31813163,0.5614113,0.4139801,0.67512995,0.25861585,0.024657128,-0.06632084,-0.11448075,0.36743507,-0.1097997,-0.1282503,-0.17429018,-0.105925955,0.48404843,-0.29624414,0.5359573,-0.11945999,-0.1891011,-0.3099655,-0.10980043,0.15815179,-0.20104009,0.0561505,-0.38895375,-0.32285845,0.11965732,0.1904716,-0.25841355,-0.25977674,0.08432825,-0.007696632,-0.1639955,-0.17428224,-0.09738306,-0.24170497,-0.13354042,-0.13923429,-0.13860305,-0.2531977,-0.1917825,-0.0016011881,0.27673155,-0.3052605,-0.40591794,0.32260925,-0.08441886,-0.50321513,0.1838882,-0.19636923,-0.24823728,0.30533525,0.2516915,-0.44026184,0.12602895,-0.37996247,-0.15110928,finance
-0.1802788,-0.032312907,-0.14918499,0.07693035,-0.19364755,0.24252659,0.1278754,0.10937425,-0.18452196,-0.24646936,-0.41535494,-0.36854842,0.42552826,0.3550231,-0.24448764,-0.2271505,0.57750547,-0.47975227,0.017111735,-0.14762874,-0.0038215886,-0.022520393,-0.1191124,0.7759545,-0.038712304,0.11872151,-0.25713015,0.44072506,-0.22543614,-0.0071807504,-0.25485086,-0.094572775,0.11074279,0.18085113,0.3977189,-0.34337452,0.5531151,-0.36831743,0.5714598,0.17892982,0.12882656,0.28980508,0.4176096,-0.101211935,0.123993,0.084877215,0.29952034,0.5753218,0.2309542,-0.066198565,-0.16111709,-0.37152743,0.15007192,-0.12962036,0.10970369,-0.044793826,-0.07445322,0.6640512,-0.38659558,0.26432738,0.10004728,0.09356259,-0.30383372,0.11643626,0.28330293,0.039215412,-0.048191514,-0.409945,-0.1472031,0.17616116,0.15211752,-0.39944378,-0.3342609,-0.10884114,0.07486541,0.05917889,0.060513705,-0.08188722,-0.041884705,0.012623342,0.063318744,-0.2635766,-0.29806632,-0.022797184,0.16536121,0.14091727,-0.3506275,-0.44533464,-0.0590314,-0.1727742,-0.5733958,0.4272219,0.16102813,-0.5233068,0.2171275,0.018429976,-0.3243305,0.081849486,-0.40137827,-0.14699854,finance
0.4927392,-0.039731983,0.116779394,0.19047584,-0.23114786,0.27058858,0.18088295,0.49806872,-0.3284063,0.20279588,-0.6731722,0.25993693,0.48782805,0.49209386,-0.32683414,-0.13233875,0.32890034,-0.40168008,0.044646014,0.06639844,0.1862151,0.28484008,-0.31191105,0.62717825,-0.07203946,0.20007327,-0.50723195,0.28121018,-0.12832575,-0.27342296,-0.12140842,-0.21116902,-0.21841392,-0.1681296,0.04886885,-0.3447308,0.39342296,-0.17216094,0.33144483,0.15248527,0.123610646,0.0063969144,0.13380459,0.023529977,-0.39177835,0.25360775,0.4468358,0.39110568,0.37168142,-0.037669584,0.053528212,-0.34062582,0.2632575,-0.143092,0.070681326,0.028876258,0.1305136,0.32749018,-0.25720567,0.6216809,-0.3001755,-0.17807922,-0.49731869,0.18121652,0.25278687,-0.18704239,0.08436621,-0.5588665,-0.3372712,-0.036818698,0.26059124,-0.1686829,-0.3099618,0.13524179,0.22976191,-0.34481248,-0.03626704,0.18909723,0.20977923,-0.24680512,-0.018942863,-0.16275258,-0.10819881,-0.023297295,-0.2590059,0.11951396,-0.20219241,-0.060821433,0.37766019,-0.02675278,-0.41277087,0.32094026,-0.11688615,-0.29075027,0.09949777,0.20214383,-0.40459993,-0.030841814,-0.2984161,-0.1485219,finance
-0.03620771,0.022126101,0.2159319,-0.01026022,-0.25412196,0.3934024,0.3911659,0.3674414,-0.51315093,0.060974177,-0.37331948,0.038033154,0.17509352,0.21523213,-0.025649505,-0.25852272,0.29188773,-0.5480764,0.01452438,-0.32273182,0.23107494,-0.07744125,-0.18808149,0.32737064,0.18367447,-0.010140845,-0.22493443,0.14565994,-0.15262777,-0.21789421,-0.0042110314,-0.014311045,-0.12620278,-0.08792651,0.28172466,-0.12187744,0.19078621,0.0029355576,0.13664344,0.09263192,-0.0049581183,-0.3906523,0.52099985,-0.14219533,0.17887093,0.30099526,0.09384262,0.050607305,0.27278915,-0.22780752,0.06781717,-0.43729237,0.46049437,0.117046155,0.31283808,-0.16386445,-0.061080057,0.4147385,-0.22539972,0.21129996,-0.049286697,-0.05353301,-0.18372625,0.08091894,-0.0025558474,0.13789652,-0.077143066,-0.33878067,-0.34595045,0.11876119,-0.06615241,-0.27913383,-0.2581625,0.29850322,-0.09721955,-0.64707375,-0.18325043,0.16986504,0.55423987,-0.18639588,0.049936168,0.1939334,-0.50788254,0.042849623,-0.15271786,-0.16195774,-0.4192028,-0.43252808,-0.100600526,-0.042091485,-0.5791025,0.14137053,-0.43739855,0.008322959,0.02341443,-0.004256079,-0.12508549,0.2462907,0.079079516,-0.27461484,finance
0.28734913,0.15653977,-0.059103135,-0.053270523,-0.2695315,0.22103493,0.21760802,0.41209295,-0.27356276,-0.32264072,-0.36860052,-0.3346004,0.45521423,0.21004416,-0.40479067,-0.44623622,0.24517228,-0.2774323,0.3301331,-0.15580265,0.34367532,-0.29619047,-0.25351143,0.63815,0.2192733,0.2222215,-0.24602354,0.40921858,-0.36439466,0.056014422,0.119242,0.045431968,0.08679409,-0.070789285,0.3078293,-0.049759693,0.29375374,-0.26587614,0.4125879,-0.0625038,-0.07580936,0.0720178,0.19193402,-0.2155047,0.25734392,0.5884289,0.31396064,0.42686185,0.2703666,-0.050320603,-0.20254415,-0.4010359,0.2523655,-0.26290905,0.21808846,-0.11633319,-0.0832553,0.3707871,-0.46993524,0.053907137,-0.14201322,0.020015152,-0.22056173,0.055999685,0.067171164,-0.04768123,-0.10966998,-0.38165095,-0.44525513,0.08564496,0.057968948,-0.3519487,-0.649671,0.10819164,-0.009105386,-0.3465096,-0.0059166905,-0.27409393,-0.16905703,-0.18019897,0.10245245,-0.019408958,-0.5468628,-0.12199328,0.09964801,-0.034703217,0.07086844,-0.3258102,0.18324015,-0.13688408,-0.32751372,0.0030842565,-0.29104716,-0.27301365,-0.014918643,0.2310191,-0.4711545,0.14127068,-0.16099696,0.038292155,finance
0.24527049,0.08171305,0.0887686,-0.15906225,-0.052706957,0.42324555,0.2415672,0.3814461,-0.2536088,-0.062366344,-0.61662716,-0.17596602,0.30189905,0.36890796,-0.16190428,-0.2850414,0.37713268,-0.45490986,0.061897866,-0.16744684,0.089382485,-0.18869291,-0.23747301,0.56634945,0.009514979,0.28242207,-0.37781093,0.30688575,-0.07268791,-0.23246725,0.116278775,0.07124553,-0.28514153,0.067299396,0.30944127,-0.17592512,0.4610006,-0.113120236,0.45435444,0.14254521,-0.20914866,-0.044151746,0.25280684,0.045773406,-0.15507537,0.12457199,0.42896917,0.28366178,0.32777435,0.06573269,-0.29990822,-0.3122673,0.45354924,-0.25259635,0.29792827,0.067225926,-0.13331623,0.1482049,-0.47240308,0.4561645,0.019607339,-0.20227161,-0.3832148,0.11835197,0.16261953,0.09449547,0.044877052,-0.13901033,-0.18668611,-0.12289698,0.21082546,-0.18077302,-0.105493136,0.00935245,0.057468798,-0.040473048,0.2040627,0.34475005,0.25262776,-0.28888458,0.016425408,-0.10358007,-0.2791162,-0.12916271,-0.19187213,0.045393262,-0.12414818,-0.2486589,0.065635495,0.04496718,-0.47062346,0.168283,-0.34305236,-0.48427856,0.24408641,0.10856132,-0.25221923,-0.023070097,-0.28973335,-0.20664498,finance
0.18087359,-0.008650717,-0.12026504,0.046250913,-0.24195436,0.38498014,0.14394039,0.40234876,-0.33963233,-0.29179138,-0.41908205,-0.22927706,0.2964604,0.08286468,-0.2753941,-0.1971821,0.2831661,-0.6458423,0.12406732,-0.36829463,0.19168463,-0.086920194,-0.0031056905,0.88896275,0.35152546,0.011840718,-0.45518696,0.4412128,-0.2850433,-0.1396233,-0.106127776,0.05919222,-0.019470738,-0.06562079,0.42705098,-0.2418467,0.44585887,-0.3812739,0.43162185,-0.0069666253,-0.053208858,0.059401903,0.37438384,-0.17246765,-0.03353664,0.5026075,0.09741633,0.55064535,0.20621759,0.097164065,-0.16127059,-0.14414088,0.1767745,-0.18347608,-0.074491456,-0.027620982,-0.121535495,0.11157108,-0.49647725,0.05248976,-0.41084903,-0.03576025,-0.3119379,0.026044808,0.34806755,0.016286274,-0.10579665,-0.16781066,-0.1893161,-0.12894906,0.21966834,-0.32400686,-0.24411151,-0.06479351,-0.026702981,-0.09948201,0.015366599,-0.0045393202,0.10879136,-0.12241779,-0.013421309,-0.1711354,-0.56855017,-0.15500501,-0.11569587,0.14014949,0.017403051,-0.079684556,0.016141405,-0.14560983,-0.28494224,0.2858565,0.08779481,-0.5691868,0.17448168,0.027756512,-0.3353706,0.01235161,-0.07780591,-0.02398167,finance
-0.10765963,0.03884997,-0.207005,-0.11366684,-0.28419864,0.22258195,0.2566408,0.1269683,-0.39861766,-0.3128441,-0.49019462,-0.3611165,0.3041181,0.41123128,-0.18266511,-0.23436436,0.488869,-0.5345731,-0.0033495782,-0.121255316,0.06686497,-0.09027479,-0.15167424,0.5854399,-0.12808108,0.05894478,-0.37365246,0.42979848,-0.169554,-0.06076173,-0.09131833,0.041445382,0.20036913,0.13296227,0.49054897,-0.20497458,0.5481369,-0.36600235,0.5627232,0.3103136,0.07258208,0.10886092,0.49909803,-0.03083652,0.09018176,0.24082606,0.22364087,0.5927655,0.24425049,-0.10132171,-0.15430573,-0.530752,0.28841853,-0.1627629,0.25792113,0.09726866,-0.13617936,0.5159322,-0.42755875,0.2297723,0.12777385,-0.008622916,-0.3065206,-0.05595094,0.24561305,0.122944295,-0.04887584,-0.24700469,-0.21487021,0.110897124,-0.045753602,-0.19565336,-0.3423515,-0.11295381,0.15589312,-0.027669078,0.147124,-0.017351411,-0.14889905,-0.03674622,0.011246644,-0.19750273,-0.42012876,0.035851672,0.17853208,0.13393214,-0.24231169,-0.43316272,0.04500848,-0.053002756,-0.51588035,0.42901772,0.20123708,-0.6090255,0.36547154,-0.026009751,-0.27619234,0.079758085,-0.4039436,-0.1418548,finance
0.19061014,0.100720726,0.3510441,-0.40895337,-0.302945,0.49423966,0.31048247,0.40802446,0.0517224,-0.40678096,-0.61756706,-0.32156953,0.41804764,0.67269295,0.010570638,-0.25683805,-0.025565464,-0.43419063,0.26883152,-0.26274133,0.39670882,-0.26140913,-0.167738,0.61021394,-0.025779525,0.4368396,-0.3209393,0.18218683,-0.11938848,0.22455226,0.3269565,0.12166248,-0.38885778,0.11478121,0.30284214,-0.3838148,0.5238657,0.11314069,-0.069692895,-0.11333751,-0.10216473,0.14303097,0.5374297,0.08720599,0.05627563,0.033918202,0.5671118,0.6681013,0.2883312,-0.17654528,-0.16374509,-0.20892091,0.29814357,-0.18117075,0.2475691,0.11257768,-0.3674278,-0.058263347,-0.63491863,0.00019098647,-0.37624997,-0.42789334,-0.51861596,-0.251713,0.4403373,-0.0090949265,-0.31759056,-0.49275202,-0.38899493,0.0985343,-0.10153664,-0.22286798,-0.46099114,-0.10400444,0.04168728,0.2881339,-0.34720254,-0.13566183,0.024535362,-0.25081033,0.28160024,-0.2691144,-0.1209463,-0.24491227,-0.42444983,0.37891987,-0.11679512,-0.15786913,0.02374667,0.056010682,-0.36050826,0.4009966,-0.1378172,-0.3191051,0.34683454,-0.080816306,-0.39079615,-0.104866326,0.18624845,-0.3367646,finance
0.09343897,0.096650116,0.058284495,0.019829476,-0.2763052,0.2820265,0.20946926,0.30511174,-0.24167572,-0.1317988,-0.2933396,-0.22078641,0.23120154,0.36494112,-0.16362278,-0.2613631,0.25119057,-0.22377297,0.3194434,-0.08860259,0.20716083,-0.12657855,-0.3370879,0.52966917,-0.2248595,0.0768592,-0.3205106,0.23799704,-0.1474871,-0.12799402,-0.1768043,0.14767487,-0.18636152,0.16047426,0.18849929,-0.41699687,0.32277137,-0.16375488,0.4667966,0.10339966,-0.050595492,-0.062485512,0.45446455,0.058089003,0.15987171,0.37643525,0.27114952,0.57311064,0.24668597,-0.17211884,-0.15351954,-0.3614718,0.22064574,-0.056852154,0.21898687,0.07116893,-0.15982367,0.38964465,-0.38054007,0.16119385,-0.26103854,-0.13192,-0.0952381,0.06539379,0.14822479,-0.0027307118,0.0022966226,-0.41006288,-0.13265866,-0.07036778,0.22887568,-0.30475304,-0.32346958,0.10232224,-0.009974872,-0.09848742,-0.15124047,0.06592872,-0.10158299,-0.34968483,0.15666482,-0.08757993,-0.26152468,-0.1292318,0.03807464,-0.00012735097,0.021319978,-0.20148121,0.16349204,-0.052291013,-0.23471165,0.10358152,-0.14073387,-0.31737718,0.050265193,0.25456226,-0.45803818,0.07304603,-0.27395502,0.08475538,finance
0.19040328,-0.0042497087,0.2520598,-0.23954627,-0.2947746,0.25142854,0.22942522,0.6314103,-0.17204121,-0.02360488,-0.43699616,-0.2752091,0.42782128,0.27293134,-0.14285365,-0.3719907,0.053651705,-0.29922822,-0.28598902,0.16263154,0.15465695,0.041165996,-0.30862278,0.48951665,0.20559283,0.17181197,-0.31177667,0.3264345,0.059470654,-0.23596051,-0.2973462,0.0051526576,-0.20986913,0.00883149,0.071950905,-0.110571355,0.33464122,-0.0040269657,0.26364645,0.0864515,0.29091805,-0.068844445,0.39695165,0.13666631,-0.36779022,0.6417616,0.53099036,0.78509295,0.43368548,-0.123447664,0.00963252,-0.081438474,0.40493834,-0.12238381,-0.22269277,-0.26160356,-0.318047,0.50446486,-0.34827822,0.610515,-0.009273565,-0.1921656,-0.4348413,-0.048401576,0.2552692,-0.11601142,0.07929954,-0.32845563,-0.21076001,0.18932569,0.2454184,-0.31150833,-0.10080608,0.09830947,-0.11332828,-0.15763772,-0.23258194,0.018943718,-0.15823334,-0.31260595,0.015902495,-0.16532612,-0.26282516,-0.28393847,-0.15772264,0.3171064,-0.20426556,-0.36411494,0.2716805,-0.09107187,-0.56560457,0.14927761,-0.10744335,-0.33904567,0.24986567,0.2136314,-0.18078846,-0.005334267,-0.3066472,-0.14483051,finance
0.2578922,-0.098943226,0.21463054,0.035662215,-0.47475377,0.38593426,0.12233134,0.55867666,-0.0005816045,-0.050035905,-0.7276873,0.019933354,0.13771118,0.36660644,-0.22100198,-0.24435349,0.41895652,-0.30027598,0.11167952,-0.22990786,0.26023307,0.044684727,-0.37062734,0.5074333,-0.061938487,0.14463004,-0.54453367,0.00422745,-0.09309393,-0.32802507,0.05089589,0.13104619,-0.22520417,0.099632256,0.09000778,-0.50694895,0.28479928,-0.02201861,0.12695527,0.29971844,0.042966686,0.19967666,0.3731064,-0.097715765,0.015821291,0.24082746,0.3669576,0.427917,0.22155437,-0.2234913,-0.16401316,-0.37564117,0.17584173,-0.079602696,0.24574442,0.020444868,-0.0064713038,0.36956674,-0.3199208,0.29025468,-0.07074555,-0.2369326,-0.3976978,0.13510732,0.23554619,-0.0768981,-0.13419126,-0.3593324,-0.4663776,-0.107498586,-0.009213946,-0.30326894,-0.2495384,0.019468162,0.21108346,-0.22733395,0.0893237,0.21936451,0.06597743,0.09110181,-0.13644655,-0.15178357,-0.31476557,-0.2124159,-0.34625122,0.10641227,-0.026440142,-0.21342362,-0.07441554,0.04448179,-0.30805224,0.17215818,0.0067007267,-0.285946,0.30682272,-0.058512773,-0.39765018,-0.23523138,-0.11055375,-0.090181015,finance
-0.15251864,0.4186893,-0.03654761,-0.16626073,-0.18917365,0.12717679,0.25671643,0.30972362,-0.2156998,0.15168586,-0.45669836,0.052618522,-0.11918905,0.7343515,-0.24085376,-0.21410775,0.14624576,-0.53506476,0.19993019,0.056956377,0.04735241,-0.04624434,-0.4364178,0.59048325,-0.23566544,0.11563286,-0.4738209,0.32829115,0.1383623,0.19203387,0.02260417,0.24413677,-0.30698964,0.19622582,0.20177487,-0.16517185,0.48102972,-0.33237347,0.5875957,-0.018827239,0.013972633,-0.15835376,0.58291095,-0.17363273,0.4504859,0.15837477,0.25186422,0.58130616,0.11894886,-0.08752458,-0.42339894,-0.62166095,0.2884762,-0.28142703,0.49271244,0.061364017,-0.6728721,0.18354732,-0.6424835,0.13209127,-0.1824669,0.026240911,-0.33019134,-0.060042676,0.03323401,0.056115273,0.009762067,-0.5404013,-0.0971027,-0.018029632,0.2325422,-0.3114764,-0.3181681,0.11940395,0.07128306,-0.48283446,0.15970801,0.1202866,-0.083745144,-0.52940106,0.124882,0.25514144,-0.050890617,-0.21457471,0.02004953,0.11195554,0.20315866,-0.63191324,-0.152284,-0.19707866,-0.21939121,-0.19347629,-0.22341941,-0.24811892,-0.17841493,0.44007444,-0.292223,0.039875142,-0.1243851,0.1465376,finance
0.26956216,0.22456436,-0.08950153,-0.04640206,-0.34287992,0.44957802,0.19725518,0.37421796,-0.1521865,0.00528322,-0.8527807,0.11020931,-0.09936094,0.49385107,-0.26782894,-0.043873377,0.29199758,-0.3800991,0.24560745,-0.18836541,0.08520731,0.017862208,-0.15884656,0.677007,0.11704423,0.22660093,-0.68174464,0.35896236,-0.16631527,-0.173147,0.112497725,0.1405917,-0.2877864,-0.16315553,0.046700902,-0.38903397,0.438435,-0.23277095,0.22326234,0.15852828,-0.06671761,0.22098109,0.3226344,-0.07486875,-0.105239235,0.23425928,0.33281317,0.4682628,0.33646607,0.15816624,-0.17549817,-0.24017054,0.24601746,-0.38134897,0.20607504,-0.07627649,-0.28947458,0.24537747,-0.58336055,0.42039958,-0.15604791,-0.4047759,-0.22174142,0.05888626,0.05046081,-0.22043855,-0.10586979,-0.3863816,-0.4230466,-0.23978443,0.3484824,-0.23730172,-0.0022600135,0.25569224,0.1744381,-0.17749973,0.12164281,0.039912373,0.12734175,-0.21105328,-0.23554614,-0.14953488,-0.036240973,-0.36962444,-0.17938901,-0.0438165,-0.002548688,-0.25547022,-0.051550306,-0.11380272,-0.33165586,0.0059691966,-0.25189587,-0.4637013,0.12077661,0.13781089,-0.45903596,-0.24178882,-0.038201354,-0.073857926,finance
-0.28134578,0.17266536,0.19262663,0.23038276,0.022586552,0.66616416,0.04922739,0.14543141,0.09032784,-0.4813784,-0.5712457,-0.3174216,0.18531105,-0.0367109,-0.40653834,-0.08609786,0.5052061,-0.5941578,0.11470929,-0.10511304,-0.13782166,0.42980283,-0.14555483,0.5800175,-0.05663963,0.3589276,-0.33704656,0.71954685,-0.44238216,-0.049124364,-0.23793028,-0.20886357,-0.022430038,0.032888938,0.37535542,-0.116745874,0.45027632,-0.03649741,0.43627632,0.06436798,-0.106859826,-0.0208643,0.5738869,-0.22689557,-0.016071256,0.46953544,0.18685058,0.5104054,-0.10905377,-0.11400658,-0.17833391,-0.103842445,0.2860447,-0.26599118,0.14596193,0.03924003,-0.48792696,0.21608795,-0.73647416,0.42869955,-0.4501278,-0.032714136,-0.468169,0.0776026,0.08670342,0.20128891,-0.004819182,-0.44721675,-0.13681516,-0.09429289,0.39683825,-0.26668945,-0.24842893,-0.0011638672,-0.29466596,-0.12898591,-0.116020404,-0.23700368,-0.042253003,-0.27272597,0.14868028,-0.09238074,-0.52055055,0.04034249,-0.34620565,0.28168055,-0.35724634,-0.31796995,0.10380922,-0.1407953,-0.18895118,0.1932986,-0.09720482,-0.6385379,0.013710191,0.23665836,-0.28085038,-0.116789654,-0.47831035,-0.009517733,finance
0.20987058,-0.05402064,-0.22859737,-0.11915986,-0.31967026,0.3941098,0.087526545,0.5154575,-0.08762257,-0.1628043,-0.3057349,-0.09105371,0.39361364,0.4064666,-0.15092595,-0.27999353,0.13454282,-0.46336353,0.12007409,-0.07305773,0.34222817,-0.10391565,-0.3231273,0.47529212,0.097291656,0.056343008,-0.22475663,0.35009417,-0.15322006,0.06985631,0.0029706024,-0.11667203,0.049417056,-0.062419455,0.17616814,-0.10734298,0.1792763,-0.32271096,0.31516263,0.23639025,0.17896754,0.11684711,0.27815208,-0.116139725,-0.04526739,0.4154871,0.360493,0.46757814,0.42365298,-0.11671986,0.040455375,-0.30549482,0.27991128,-0.2755894,0.20745525,0.13129768,-0.070007674,0.47310185,-0.2776408,0.2102109,-0.4181188,0.11253211,-0.12543033,-0.12513329,-0.006338365,-0.18676107,-0.13186918,-0.1498373,-0.3939241,-0.052561015,0.08550142,-0.28429642,-0.41416103,-0.2749449,0.034520887,-0.15909699,-0.0689877,0.0639477,0.0025564427,0.060951155,0.032748543,-0.05647545,-0.4677844,-0.09067029,0.048187576,0.09801904,-0.0381782,-0.29124826,0.12795506,-0.15845092,-0.28148714,0.443196,-0.1513664,-0.29368785,0.096744135,0.15842225,-0.4588726,0.011114009,-0.36606506,0.07393113,finance
-0.27393508,0.25411567,0.1816861,0.18852226,-0.0343506,0.59906304,0.18815689,0.25070283,-0.09159616,-0.38160485,-0.5317975,-0.31685093,0.15913045,-0.03039335,-0.4103427,-0.11998075,0.39555204,-0.6195262,0.12173765,-0.024406582,-0.21170554,0.22638932,-0.22757867,0.53803617,0.027467512,0.17461753,-0.36347318,0.7599255,-0.37055,-0.04416841,-0.21130371,-0.11407824,0.0075029843,0.005278821,0.39869937,-0.1555289,0.5326247,-0.04974015,0.4738792,0.038435254,-0.0748509,0.0009092622,0.51652443,-0.21412659,0.083730176,0.40682888,0.22991565,0.54369456,0.003594454,-0.1841625,-0.05747374,-0.22385648,0.38017,-0.26063442,0.2625028,0.001634094,-0.47205102,0.29766726,-0.7089422,0.40248176,-0.3662111,-0.041032687,-0.43744576,0.060976595,0.14096497,0.25032818,-0.009118177,-0.35986796,-0.14001025,-0.15257265,0.3496883,-0.2978595,-0.2929293,0.031127153,-0.25376296,-0.17337075,-0.046228502,-0.30618763,-0.051198207,-0.28769282,0.11775521,-0.093539506,-0.44447327,-0.025957722,-0.28934848,0.29137167,-0.2518229,-0.33279613,0.089775175,-0.101186946,-0.2098208,0.16746965,-0.13140924,-0.5617904,0.025757683,0.15839528,-0.29308397,0.00081368047,-0.41684482,-0.19371086,finance
0.31433752,-0.014144528,-0.03887203,-0.16750158,-0.10013284,0.2745916,0.042848166,0.16181359,-0.12789682,-0.2418482,-0.38866615,-0.35861745,0.3708577,0.53033787,-0.11373966,-0.5015115,0.40488628,-0.44029543,-0.015317022,-0.2755522,0.09956257,-0.009805656,-0.15795651,0.8101084,0.05965866,0.051807262,-0.5241601,0.32785445,-0.41727406,0.21569993,-0.36748028,0.25575683,-0.17126714,-0.20575337,0.21650128,-0.47236523,0.6292707,-0.28208348,0.38366354,-0.05274651,0.10847934,0.13186884,0.33159566,-0.0585903,0.18239333,0.1100547,0.41058347,0.5883806,0.5331838,-0.076806895,-0.06665498,-0.42638,0.5235211,-0.32410738,0.273234,-0.1795804,-0.036685955,0.33322752,-0.50578177,0.13647048,-0.21661454,-0.20669667,-0.41464353,-0.14470357,0.19412678,0.13445248,-0.11174102,-0.35215566,-0.14449048,-0.019153439,0.234225,-0.27765578,-0.34577635,-0.05392827,0.089675814,-0.24327986,-0.06661629,-0.13369709,0.019888869,-0.29947233,-0.013679653,-0.34288478,-0.0073938873,-0.07159116,-0.0019801466,-0.042561594,0.000461418,-0.3968069,0.12747595,0.20781521,-0.4071047,0.3987761,0.03381574,-0.55614,0.30966005,-0.14635216,-0.38821396,0.0367919,-0.19653563,-0.16124,finance
-0.040291287,0.15772195,-0.17515402,-0.07323899,-0.12636079,0.26548758,0.018774327,0.60947967,0.03661993,0.028505873,-0.26574957,-0.3222916,0.5031268,0.4323551,0.0672607,-0.5313646,0.38562945,-0.47817373,0.021775156,-0.30795988,0.31338164,-0.1235598,-0.23772539,0.6496408,0.089943066,0.1935173,-0.4429122,0.5440155,-0.115784764,-0.27863476,0.0762165,-0.046925586,0.029648788,-0.10780078,0.29839912,-0.37704137,0.35101482,-0.07923885,0.33356598,-0.0049857367,0.17440295,-0.09858098,0.6079878,-0.054141857,0.040568836,0.46464518,0.24840936,0.39033553,0.0743925,0.009640371,-0.23044752,0.13377748,0.18116777,-0.62794155,-0.0028603703,0.17946744,-0.24155761,0.3681928,-0.47779238,-0.11527156,-0.52997065,-0.055667102,-0.0668822,-0.3966778,0.0018611257,-0.06023814,-0.3078013,-0.39311206,-0.19106215,0.032685637,0.29229,-0.5455081,-0.12533703,-0.3241968,-0.21609172,0.19624844,-0.05633079,0.13922888,0.3131718,0.027322246,0.0698988,-0.12073227,-0.3804526,0.1505225,0.055517223,0.23869956,-0.26085785,-0.18492472,0.3047915,0.007657507,-0.1935613,0.45802122,-0.21243836,-0.3269377,0.058748584,0.2888878,-0.49064374,-0.2704749,-0.3768168,-0.08779756,finance
0.28287768,0.12745747,0.28867885,-0.14714733,-0.1139422,0.09050031,0.19725281,0.47248626,-0.113750644,-0.2660772,-0.7081978,-0.17073347,0.3317044,0.08046045,-0.3283244,-0.237541,0.52961046,-0.43625486,-0.013706639,0.25152802,0.26047337,-0.13451889,-0.46282595,0.43329963,0.038719557,0.010352968,-0.7318224,0.52760744,-0.16056958,-0.35005113,0.058282956,0.07232538,-0.12782535,0.16658016,0.34800556,-0.17573565,0.08662708,-0.16738859,0.49034786,-0.051989425,-0.24121277,0.045701962,0.41902044,-0.16789892,0.0076930886,0.30786112,0.46959448,0.3680241,0.34227943,-0.26081857,-0.14863628,-0.28979057,0.50266343,-0.08383636,0.19432172,0.1111745,-0.2089375,0.45280057,-0.31208053,0.014422005,-0.17925839,-0.3025215,-0.55451,0.14062662,0.14025444,0.19541128,-0.1799499,-0.31045842,-0.23920703,0.1387058,-0.16108042,-0.2645188,-0.41668147,0.5323506,-0.20496531,-0.16135998,-0.12319316,-0.02419845,-0.14470136,-0.16264632,-0.027007487,-0.25899637,-0.2824604,0.15586546,-0.20163801,-0.065817475,0.026607154,-0.38170844,-0.08675291,-0.26848936,-0.2273444,-0.1361808,-0.26315403,-0.5511,0.05902031,-0.01791038,-0.29824126,-0.05870989,-0.32187077,-0.24395049,finance
0.12978193,0.3580838,0.062380753,-0.16767733,-0.36875564,0.32022133,0.12865648,0.23181039,-0.121802494,0.08015132,-0.7097962,0.014053544,-0.24212965,0.39979783,-0.05946426,-0.16021189,0.28766873,-0.35169828,0.37890518,-0.13042237,-0.006450336,0.18320781,-0.10411952,0.74647415,0.2766722,-0.0055685323,-0.5340391,0.2705164,0.014247142,-0.08870344,-0.033316504,0.20075804,-0.35261536,-0.018779907,0.029235607,-0.20041691,0.3428792,-0.04057561,0.19400865,0.19072102,0.0665457,0.23864236,0.4808913,0.03396661,-0.08975709,0.12947325,0.36197168,0.29476374,0.31257233,0.0885215,-0.17406899,-0.22681467,0.20128454,-0.27937305,0.1995807,-0.094366245,-0.52365696,0.4235457,-0.6762862,0.3708104,-0.06669511,-0.31874385,-0.10365161,0.0693832,-0.01385456,-0.17340983,-0.30307746,-0.4311818,-0.31630415,-0.36107165,0.28374153,-0.24450748,-0.041870147,0.10664287,0.08277147,-0.39299476,0.11272543,-0.036411125,-0.044416085,-0.26850376,-0.43076146,-0.050265457,0.1644172,-0.634325,-0.18592827,0.17485683,0.07602951,-0.39066592,-0.313537,-0.24312414,-0.33285445,0.051477976,-0.3238802,-0.41600144,0.2396621,0.2607351,-0.27489996,-0.32608944,0.04924967,-0.29012716,finance
-0.055340204,0.5477884,-0.05407209,0.03843337,-0.41164017,0.49069646,0.4798458,0.36496317,-0.2794843,-0.3391448,-0.444946,-0.21574391,0.14319973,0.41004333,-0.07239509,-0.23822305,0.28940123,-0.38344973,0.49713138,-0.03028196,0.21804564,-0.22319739,-0.2619683,0.23473938,0.14995068,0.37343383,-0.41253287,0.18182123,-0.0926277,-0.048934877,0.19743131,0.13346449,-0.18740825,0.12474162,0.38732442,-0.07509003,0.3186046,-0.47407073,0.389291,0.19964144,0.026721047,-0.029286338,0.24854599,0.0046136915,-0.013646553,0.37058955,0.50263584,0.14869273,0.31004083,-0.2028715,-0.24254829,-0.48976082,0.24367552,-0.12443149,0.35998663,-0.018773993,-0.45276785,0.13663009,-0.41185054,0.008239003,-0.31059802,0.13962685,-0.2177377,-0.25580835,0.21496317,-0.07488224,-9.190945e-05,-0.3214232,-0.4392345,-0.0084748715,-0.06263406,-0.2647481,-0.412146,0.054337453,-0.13968776,-0.26484302,-0.13276424,-0.1372527,-0.16342363,-0.17359322,-0.064594775,-0.0024646076,-0.2278641,-0.064820334,-0.055393107,0.090557516,-0.13001049,-0.555381,0.056297198,-0.23103818,-0.34858587,0.06475577,-0.26719025,-0.37243634,0.10091682,0.1755402,-0.221822,0.035363257,0.12752853,-0.35335124,finance
0.31242833,0.23760073,0.28282332,-0.26731452,-0.26358798,0.28651902,0.14254443,0.3294578,-0.20921862,-0.20026396,-0.44556093,-0.17134176,0.20945176,0.4360959,-0.22545399,-0.5392061,0.10113204,-0.37484685,0.24325712,-0.14331341,0.25646397,-0.4832419,-0.24813631,0.27755946,-0.1284126,0.15169719,-0.55904156,0.13622026,-0.30700573,-0.2520021,0.30526477,0.13371268,-0.1173043,-0.04919297,0.4198775,-0.196657,0.37228218,0.0024020893,0.27862003,-0.011478246,-0.30777776,-0.13023113,0.602492,-0.10166381,0.33768204,0.3745321,0.39180222,0.4462484,0.19087705,-0.34064606,-0.23143427,-0.35168353,0.3546265,-0.16226035,0.31540692,-0.084721565,0.07880604,0.12842755,-0.3900629,0.025682602,-0.22970724,-0.16356017,-0.3908635,0.11184343,0.330244,-0.04039371,-0.09813862,-0.28628147,-0.37408152,0.16369984,-0.021551955,-0.2595074,-0.29239824,0.14747508,-0.089619756,-0.22320454,-0.19779527,0.028308406,-0.1326718,-0.28561768,0.15217683,-0.1225776,-0.1615928,0.033322684,-0.06604217,-0.20195934,0.022299048,-0.550536,0.09033402,-0.13477856,-0.087592706,-0.27823415,-0.20643423,-0.6273823,0.08900605,0.095449015,-0.32411885,0.08995823,-0.21673164,-0.22623943,finance
0.12203622,0.031046813,-0.275869,-0.14172156,-0.15035863,0.31068715,0.29258037,0.43495157,-0.2505898,-0.34641302,-0.21099009,-0.3763278,0.22282214,0.25084338,-0.23008753,-0.5845907,0.10432238,-0.40826547,0.020603392,-0.3360244,0.29002756,-0.08642205,-0.52507865,0.5558645,-0.18395035,0.29433838,-0.6726906,0.14303598,-0.3406336,-0.12790644,-0.1874704,0.09383271,-0.24070437,0.05405875,0.10780184,-0.20804153,0.40123004,0.017126078,0.5070578,-0.22793041,-0.029597312,-0.039189924,0.1838637,0.15086429,0.2646113,0.45818624,0.54632336,0.45304617,0.32271403,-0.08590085,-0.29448652,-0.082598545,0.18389988,0.10886595,-0.029425876,0.1507943,-0.11642186,0.21414839,-0.6511597,0.0012776271,-0.30930704,0.30208907,-0.22758749,0.21265855,0.29838032,-0.13702267,-0.16499567,-0.34670243,-0.25323328,0.12389034,-0.08338177,-0.016855977,0.08759366,0.27338135,-0.008640136,-0.08260972,0.013850147,-0.0072195726,-0.12004609,-0.4083085,-0.11219995,-0.19189093,-0.49690396,0.18198234,-0.46509835,-0.23926236,-0.16455148,-0.2383928,0.31576908,-0.23389459,-0.4785443,0.35436067,0.019110879,-0.6094051,0.117148526,0.22868854,-0.19956063,-0.09655841,-0.047641598,-0.21432787,finance
0.20108138,-0.0045610927,0.0986172,0.1451836,-0.28454322,0.39388525,0.062342923,0.73993206,-0.012717738,-0.1216841,-0.6317189,0.0053084823,0.18439376,0.18247603,-0.29316965,-0.1767803,0.26973352,-0.20490003,0.22260521,-0.2774072,0.026716225,0.022905566,-0.13655259,0.6332723,0.15529767,0.06401888,-0.505615,0.2030349,-0.003023889,-0.32511473,0.11883573,0.1172179,-0.038801424,0.090728715,0.24648939,-0.5295077,0.22066346,-0.030527992,0.010391901,0.26404002,-0.13803639,0.13519803,0.36586058,-0.03410928,0.080358386,0.35688582,0.42280716,0.56247,0.04039273,0.122194394,-0.09900815,-0.35833248,0.121766336,-0.13126151,0.15458949,0.0041830996,-0.06605133,0.29528987,-0.33225024,0.36380118,-0.10902811,-0.30828357,-0.28316146,0.30250508,0.08625555,-0.03898843,-0.08038336,-0.3221456,-0.35991442,-0.044582352,-0.03776254,-0.34290767,-0.26327604,-0.0029426124,0.009968391,-0.3903059,0.12233845,0.0879573,0.038038034,0.010755432,-0.07862183,-0.23052384,-0.14168975,-0.13156846,-0.3626278,0.041966725,0.13495085,-0.33176434,0.017027557,-0.055978727,-0.19451405,0.20229699,0.0052230186,-0.24719208,0.2651855,-0.02443286,-0.56830305,-0.09520213,-0.0073545086,-0.24957626,finance
0.17540318,0.1715139,0.012989371,0.023716677,-0.43754235,0.34171945,0.18475994,0.14865941,0.031068636,-0.18856831,-0.59363216,-0.28571704,0.343037,0.30159977,-0.20598464,-0.21205978,0.45680037,-0.52715325,0.27928284,-0.00016426275,0.15251873,0.072701596,-0.22964248,0.59882087,0.32186988,0.10873154,-0.4761029,0.09025882,-0.03625106,-0.09003227,-0.13632531,0.114908665,0.18784653,0.026259415,0.0825702,0.003945399,0.23751913,-0.3056041,0.4126192,0.17026912,-0.11833104,0.21723653,0.22127979,-0.024138564,-0.17430875,0.15462947,0.13604914,0.5212095,0.17765673,-0.04573588,0.041636076,-0.24604028,0.3104597,-0.11817281,0.14390613,0.28929803,-0.063159734,0.3352639,-0.3937503,0.3957708,-0.38265544,-0.015368073,-0.01406051,-0.2610123,0.14484978,-0.0055472627,-0.22421493,-0.3775356,-0.36696878,-0.037206635,0.14901567,-0.3307125,-0.091103025,-0.10382708,-0.080804884,-0.1333304,0.09414633,-0.15077013,0.16351557,-0.32185388,-0.05398738,0.011752899,-0.45167753,-0.08741523,-0.23053692,0.05186588,-0.043779496,-0.370402,0.12710491,-0.32926658,-0.21859168,0.20418112,-0.30146697,-0.46031246,0.06587091,0.21335693,-0.24044557,-0.025225217,-0.12612796,-0.16204177,finance
-0.1550429,0.078662634,-0.19584063,0.3082131,-0.15132257,0.26236656,0.17994529,0.2339128,-0.2457322,-0.4136161,-0.45580348,-0.36359623,0.17483598,0.112801835,-0.29612744,-0.19871633,0.4236502,-0.28492016,0.026851607,0.08422392,0.0087932395,0.10640215,-0.06544511,0.5998535,0.18717283,0.36823598,-0.39871618,0.40462047,-0.045516897,-0.22046338,-0.098677985,0.22897944,0.2194741,0.036200173,0.18336314,-0.042977385,0.16202113,-0.31127644,0.56529284,0.12868652,-0.1764033,-0.057239335,0.5962751,0.16797705,0.1970462,0.34364235,0.27490735,0.6020694,0.03859684,-0.112963185,-0.28598216,-0.3184651,0.021925507,0.059111856,0.0457388,0.25086066,-0.3514958,0.28341568,-0.53104097,0.3287413,-0.7002983,0.049931847,-0.07151962,0.09248717,0.31764287,-0.14556074,0.024126852,-0.17884992,-0.1109701,-0.086651705,0.24790756,-0.18720415,-0.30855626,-0.12650616,-0.1648666,-0.10971683,-0.14081533,-0.3949855,0.03904662,-0.11351374,-0.11076397,-0.087517194,-0.63306123,-0.07458926,-0.38010746,0.09685117,-0.27509275,-0.29285598,0.09310701,-0.37816098,-0.20435631,0.25835785,-0.15940586,-0.5173675,0.4432791,0.15046722,-0.35309592,0.3249892,-0.1127576,-0.43531868,finance
0.10549077,-0.025987236,0.035153344,0.022890216,-0.2403093,0.41740245,0.12304862,0.3064211,-0.0758851,-0.06396244,-0.3609842,-0.3719766,0.08237056,0.52974355,-0.123700514,-0.20925653,0.26765904,-0.5268242,0.36871228,-0.22694592,0.09620875,0.01059927,0.107381135,0.40822446,0.20177928,0.2860409,-0.30673325,0.36368573,-0.12702665,-0.30311203,-0.17456451,0.13277666,-0.020566285,0.10534387,0.3033933,-0.11288839,0.16136692,-0.33323917,0.22298186,0.007741095,-0.21635963,0.10562281,0.5237879,-0.23244546,-0.048212785,0.5574477,0.09131763,0.5287334,0.18605572,0.10844325,-0.2174712,-0.3180358,-0.024817603,-0.23356314,0.0640304,-0.029828856,-0.16694963,0.1508066,-0.4076084,0.27794358,0.022574559,-0.019202288,-0.10601587,-0.03354003,0.1263907,-0.03704887,-0.084819406,-0.30009425,-0.39363202,0.0007916673,-0.06404532,-0.35735002,-0.061539132,0.039307695,0.37419233,-0.2623409,0.008693106,0.054822966,0.19662495,-0.30286512,0.069164544,0.060882512,-0.1842601,-0.21462539,-0.19472273,-0.119902834,0.014574223,-0.2767756,0.021170085,-0.27890453,-0.2981502,0.18588713,-0.22852549,-0.5054593,0.2149147,-0.010040933,0.040651612,-0.020660847,0.02594926,0.09092342,finance
0.4663281,-0.17294066,-0.07146981,-0.09581461,-0.031158786,0.3262897,0.18097366,0.47821155,-0.26875493,-0.09234491,-0.71434385,-0.2831407,0.2135002,0.4537341,-0.15560988,-0.22624919,0.17912215,-0.5275884,0.08070959,-0.25476643,-0.025842471,-0.11450626,-0.19474357,0.695297,0.44555855,0.28575435,-0.5124152,0.39100543,-0.04230833,-0.30340603,-0.008642259,-0.016969252,-0.14583302,-0.015486589,0.29442966,-0.24023873,0.14654195,-0.19456525,0.35970542,0.03665661,-0.17647035,-0.004158668,0.5119345,-0.22381058,0.15493481,0.27319428,0.21688786,0.49291098,0.41582397,-0.012209766,-0.29574582,-0.4453836,0.4747446,-0.19059666,0.07536513,-0.080768146,-0.2765156,0.10525089,-0.34494975,0.19494425,-0.2865517,-0.42015946,-0.23199652,-0.15375209,0.18029894,-0.07929141,0.028986527,-0.24991973,-0.24591963,-0.21285765,-0.09588192,-0.3698226,-0.15560873,0.17292398,0.15040492,-0.2211831,-0.01334976,-0.009609405,0.0616352,-0.2787707,-0.006135696,-0.10022789,-0.060419958,-0.0041194577,-0.11244312,0.032350108,0.0010755655,-0.34725147,0.14343357,0.15726297,-0.36672992,0.04584831,0.08837615,-0.6045642,0.37259793,0.022571769,-0.22407185,0.046351086,-0.08600281,-0.25458756,finance
0.29678103,0.29504484,0.011712864,-0.14733061,-0.1453855,0.37155035,0.09588629,0.50140494,-0.10554405,-0.09879986,-0.6619779,-0.17034079,0.4835619,0.48271212,-0.2592187,-0.28072697,0.40357637,-0.38443515,0.20611899,-0.28444824,0.2866997,-0.07780193,-0.13636091,0.739575,0.19357151,0.39200297,-0.38127565,0.2629394,0.023058157,-0.12896717,0.24221411,-0.15176994,0.051793877,-0.12787017,0.43576837,-0.21070823,0.11445062,-0.18483782,0.11608197,-0.12730904,-0.43149984,0.11724424,0.27261454,-0.25266236,0.036646858,0.47706252,0.21717188,0.4617223,0.3424702,-0.059735447,-0.26977292,-0.43459657,0.53338015,-0.2160243,0.16584174,0.102637224,0.07741241,0.016546344,-0.46395624,0.18972895,-0.42043874,-0.21575299,-0.3632703,-0.16323923,0.016132664,-0.015429826,-0.043869473,-0.35706457,-0.257191,0.24264865,-0.06411908,-0.41188928,-0.20346874,-0.014017247,-0.0046667242,-0.01744386,-0.026743473,0.06007814,-0.04202735,-0.23666745,-0.22743182,-0.26741913,-0.24637988,-0.20776106,-0.30935255,0.10132134,0.017544145,-0.3156956,0.21072958,-0.052519765,-0.24989307,0.11231782,-0.040981997,-0.46937552,0.24686857,0.23649056,-0.3449429,-0.061263997,0.09845868,0.029771144,finance
-0.1535635,0.4066498,-0.08866733,-0.096621655,-0.14099443,0.1785736,0.24587055,0.2602777,-0.20090489,0.16528887,-0.4874042,0.030659154,-0.0831111,0.7612066,-0.24336657,-0.18456855,0.18619303,-0.47551098,0.20767689,0.11472639,0.08439439,-0.12,-0.47503933,0.5414843,-0.22629094,0.16006291,-0.39224556,0.42980132,0.15853629,0.16205016,-0.06625941,0.28395662,-0.34306252,0.15280633,0.23475458,-0.20048559,0.353197,-0.30658317,0.5753751,0.018981269,-0.10973159,-0.0037023374,0.5529158,-0.20913282,0.4422297,0.32834566,0.17311761,0.6578574,0.11627355,0.03969282,-0.5284472,-0.6967899,0.21512587,-0.23226987,0.41842228,0.06987908,-0.616606,0.17667755,-0.69235504,0.14692236,-0.21334477,-0.07361595,-0.303571,-0.15731792,0.07375302,0.11836603,0.042881187,-0.58315986,-0.04846006,0.035143618,0.182019,-0.42083117,-0.35451892,0.19900176,0.026912905,-0.3042946,0.15761986,0.071930945,-0.18587649,-0.4592517,0.10994166,0.2504729,-0.10479768,-0.14207448,-0.03819519,0.109373644,0.19135156,-0.6169385,-0.014205212,-0.11609282,-0.22933765,-0.18682422,-0.23152219,-0.25782058,-0.12843092,0.38066983,-0.41646224,0.017592862,-0.08665928,0.14053035,finance
0.3228166,0.06361655,-0.24629061,-0.27687234,-0.046213385,0.5921735,-0.13323313,0.29780862,0.13477169,-0.007054398,-0.3453125,-0.33110154,0.3906218,0.60349566,-0.4242722,-0.49959564,0.561565,-0.5284992,-0.3058999,-0.008204169,0.002911979,0.1553486,-0.041020557,0.67179155,0.1575838,0.018290574,-0.6274497,0.46094596,-0.46877876,0.25600037,-0.15578867,-0.015426143,0.055917818,-0.31844074,-0.16696595,-0.37557745,0.16451189,-0.62887466,0.5239083,0.3633983,0.25793746,0.43598047,0.3208277,-0.39129332,-0.2699384,0.33804992,0.23485887,0.50404996,0.3727324,-0.15929013,0.3488014,-0.35294443,0.036274116,-0.18096383,0.0611818,0.05814111,-0.12274828,0.3862876,-0.15163156,0.4863711,-0.4861925,0.1425954,-0.18634973,-0.27030995,0.39512324,0.1451552,-0.1565396,-0.014091877,-0.27919564,-0.16283758,0.31216833,-0.37026352,-0.0014500882,-0.06816609,-0.09526912,0.20117533,-0.29977676,-0.0786249,0.2598961,-0.09724245,0.26174667,0.31514317,-0.5429194,0.05796014,-0.05483603,0.13624248,-0.113383,-0.5150494,0.34746674,-0.20912138,-0.18487716,0.4182036,-0.017337037,-0.43173218,0.06789938,0.3666079,-0.7062421,0.32379273,-0.334471,-0.00036052172,finance
0.13416256,0.106706366,-0.06462201,0.1491957,-0.38422245,0.39087158,-0.23644048,0.5975688,-0.022427011,-0.14844283,-0.36811423,0.0009879166,0.5669299,0.37790838,-0.2953539,-0.29915252,0.2051996,-0.3692701,-0.044502348,-0.0843675,0.41592297,0.14966403,-0.15054397,0.69901425,0.05071417,0.17384684,-0.49382514,0.4281439,-0.28413627,0.17915866,-0.22798437,-0.30121684,-0.06222298,0.026909895,0.0036134494,-0.33396012,0.3031477,-0.6009129,0.19175793,0.45775986,0.055302326,0.39777258,0.23298061,-0.47022453,-0.10482281,0.42798355,0.4704862,0.5807326,0.42195392,-0.19047342,0.112184346,-0.34667325,-0.021405704,-0.20353109,0.2212129,0.093913235,0.07432757,0.4227531,-0.38039246,0.4659765,-0.32227787,0.09238478,-0.33595258,-0.015345736,0.2449589,-0.33223557,0.021097397,-0.063080736,-0.30806422,-0.09833155,0.37843627,-0.29697382,-0.22053748,-0.08844866,0.015365891,-0.094356015,-0.0054131923,-0.032323007,-0.20987758,-0.045015827,0.11682531,0.15749453,-0.50567317,-0.11241749,-0.26723382,-0.027036216,0.009946251,-0.6204863,0.27192533,-0.08544674,-0.17084637,0.19283907,-0.021131612,-0.11384024,-0.1005802,-0.031928662,-0.6963575,-0.05548997,0.0432859,0.22496825,finance
0.332292,0.071919315,0.188965,-0.2518354,0.16360752,0.31019112,0.08186989,0.5934292,-0.20118552,-0.1923856,-0.35035142,-0.059727963,0.22279713,0.2988618,-0.4010718,-0.1836292,0.1149003,-0.45906305,0.14998,-0.05654946,0.24287798,-0.38059264,-0.26841658,0.5533751,-0.045165736,0.1279891,-0.40758917,0.5749509,-0.036389902,0.0011165314,0.14970894,0.084534995,0.155009,-0.32324713,0.29343632,-0.48701623,0.28424788,-0.037227277,0.062358305,-0.06922094,-0.3815407,0.13682115,0.59231365,-0.29156384,0.34656495,0.502403,0.2522028,0.4441434,0.13019583,-0.024557391,-0.10389565,-0.4875818,0.2933972,-0.019751273,0.53464043,-0.10512606,-0.013504007,0.036248043,-0.39219353,-0.065692134,-0.44935897,-0.13880062,-0.6549297,0.21217138,0.06677375,0.120743506,-0.3642361,-0.24318695,-0.35696724,0.33931136,0.019409847,-0.26010004,-0.3415885,0.027745994,0.018990938,-0.15230587,0.08265081,-0.07690366,-0.00981491,-0.14801902,0.18699132,-0.09116113,-0.36064923,-0.15036967,-0.18256098,-0.06937824,0.0031691217,-0.62535226,-0.047514558,-0.2945912,-0.37503922,0.19494955,-0.29003736,-0.3103132,0.38159314,0.15222809,-0.45139998,0.26125786,0.060325757,-0.00814302,finance
0.35977843,0.20101538,-0.056384254,-0.1010828,-0.025458211,0.14157154,-0.41222152,0.40670958,0.14181869,-0.33998555,-0.3161851,-0.37163565,0.38567123,0.20245233,-0.3106713,-0.14053436,0.31775385,-0.36669332,-0.06517447,-0.13550133,0.24395458,0.099276885,0.072935626,0.62222373,-0.0061679212,0.30892333,-0.26244918,0.5260229,-0.6048643,0.16805787,-0.08333869,-0.26142755,0.00340316,0.12440987,0.12313223,0.027181515,0.3615809,-0.19669536,-0.093721665,-0.012785797,0.094319224,0.30868053,0.35411337,-0.28763705,0.16626526,0.33550125,0.34485888,0.43368012,0.30974644,0.019632276,0.33011883,-0.08408375,0.27155232,-0.32387,-0.021515338,-0.25579882,-0.07169895,0.3519016,-0.4170785,0.20703068,-0.17152129,-0.1607732,-0.21499932,-0.19763711,-0.12429812,-0.20858249,-0.3614293,-0.46134934,-0.39386034,0.04259313,0.40377864,-0.33388028,-0.12958157,0.005308202,-0.15228185,-0.24396841,0.08368434,-0.42541885,-0.1906281,-0.14285839,-0.088074476,0.005576721,-0.56246674,0.13597004,0.014382452,-0.0037942857,-0.24221273,-0.4147237,0.37433162,-0.04834031,-0.07763143,0.33706382,-0.6181143,-0.053561043,0.0047977166,0.16682144,-0.58010167,-0.301064,-0.14710362,0.025114154,finance
0.34272134,0.17307018,-0.076716945,0.21293834,-0.3333238,0.47682795,0.026163632,0.53547555,0.044076,-0.23919469,-0.36935747,-0.048843507,0.18683085,0.25158814,-0.3004421,-0.14811702,0.3444834,-0.39110738,0.10781456,-0.18061917,0.43229422,0.091495425,-0.32266107,0.6897858,0.07521178,0.15752141,-0.41243127,0.50398475,-0.2374197,0.12481278,-0.1415243,-0.02790202,-0.13851157,-0.07779257,0.09972754,-0.44891372,0.34861645,-0.2661091,0.18900792,0.18412925,-0.06361761,0.2999936,0.046367336,-0.25140375,0.031872433,0.44093087,0.46376762,0.46976885,0.31161612,0.0029958608,-0.2007526,-0.131256,0.07632736,-0.13907793,0.19989733,0.12060961,-0.13258712,0.3060304,-0.4675595,0.4095566,-0.2765893,-0.17777114,-0.15674122,0.030588085,0.11142971,-0.14790961,-0.17295164,-0.25577387,-0.36359325,-0.21155696,0.24579147,-0.27690548,-0.20188867,-0.040092856,-0.024594815,-0.087502204,-0.010148693,0.007266466,0.039566647,-0.024009438,-0.21159558,-0.07714634,-0.4105043,-0.15008904,-0.28495798,0.05884994,-0.013359481,-0.2817203,0.043913685,-0.10164009,-0.16818894,0.2762367,-0.30394337,-0.21209438,0.2689457,0.14979297,-0.5178283,-0.24266793,-0.11527802,0.016532306,finance
0.40643278,0.15201409,0.05254426,0.09146908,0.15599108,0.28915465,-0.07768876,0.24845538,-0.17372763,-0.45599094,-0.36933193,-0.20190167,0.5994427,0.09321877,-0.20300247,-0.36050877,0.24209112,-0.23376426,-0.0197738,0.09870795,0.34625375,-0.27927464,-0.0023465864,0.53735936,-0.1336567,0.17508683,-0.6130049,0.41236326,-0.18595225,-0.0036493412,0.23949078,0.0741023,-0.13884248,-0.14673126,0.44882548,-0.3553637,0.2951143,-0.063763745,-0.054520406,0.14256658,-0.32660297,0.038225524,0.4499363,-0.15159644,0.239578,0.36183622,0.43489698,0.3268072,0.3280392,-0.115897834,-0.39741707,-0.32014844,0.3294853,-0.15902035,0.27750176,-0.11167291,-0.027791142,0.14981511,-0.55359524,0.1824893,-0.4026129,-0.24252318,-0.38956538,-0.11711323,0.12899835,-0.058902368,-0.31532818,-0.13720083,-0.20322555,0.38929507,0.21023418,-0.25521496,-0.4041198,-0.05888913,-0.0837089,0.0743631,-0.009405386,-0.0009627107,0.25868493,0.26036286,0.12781206,-0.10505279,-0.47628078,0.13472249,-0.021807225,0.12546216,-0.13172981,-0.336379,-0.0592973,-0.0193226,-0.25561148,-0.029375343,-0.4872017,-0.44124532,0.08062463,0.08250456,-0.5027617,0.12019937,-5.390495e-05,0.09358916,finance
-0.051359657,0.2934377,0.052247047,0.12459788,-0.25918654,0.25772953,0.2906959,0.32175773,-0.17806867,0.041527465,-0.46990827,-0.093616165,0.22156687,0.5111952,-0.43136355,-0.31424338,0.3494745,-0.2526519,0.2182166,0.015638916,0.06811387,-0.14992635,-0.4746065,0.69933283,-0.15558907,0.16260311,-0.5832012,0.14528413,0.06128962,-0.0924452,-0.14942625,0.028723747,-0.2974071,0.23261699,0.2614118,-0.25835595,0.3514802,-0.16741431,0.5346246,0.006449737,-0.05642153,-0.21679226,0.4495388,0.034165446,0.33930504,0.3556436,0.2675787,0.5022277,0.13976732,-0.13709578,-0.33516106,-0.3527655,0.3867786,-0.20768996,0.21533552,0.09183259,-0.23211662,0.17440997,-0.5181338,0.17457378,-0.06935851,-0.05740884,-0.2531971,0.0615685,0.30003855,0.01668793,0.07999859,-0.5281663,-0.08845138,0.06396025,0.18461242,-0.41109803,-0.33610237,0.19784257,-0.07842692,-0.49075493,0.025592294,0.17382771,-0.03846368,-0.42134473,0.12788154,0.030490907,-0.13064359,-0.17928918,-0.15934594,0.06889513,0.11101913,-0.07221174,0.034811523,-0.26866463,-0.16848277,-0.10934882,0.07044444,-0.45677677,-0.16896488,0.36115375,-0.3558393,0.07755587,-0.35203347,-0.009076062,finance
0.18173556,0.02278779,0.10619982,-0.3890091,0.015269684,0.22564498,0.2611711,0.3290733,-0.33651403,-0.2993257,-0.4167437,-0.16024026,0.45405793,0.41108268,0.015422077,-0.4036512,0.14771676,-0.6001171,0.08190281,-0.028404396,0.42478785,-0.37438518,-0.33945936,0.41246954,-0.18956922,0.23078257,-0.43254706,0.26112506,-0.10339205,-0.22916707,0.14150481,0.123447336,-0.2350095,0.06757824,0.4771558,-0.060730338,0.31489715,-0.022950444,0.42010382,-1.581078e-05,-0.095389575,0.044601575,0.72555155,0.04987857,0.14688727,0.33281758,0.5437095,0.46739566,0.34846404,-0.2521546,-0.21127595,-0.2066934,0.3648943,-0.36005077,0.25154915,-0.07316997,-0.057120632,0.11430558,-0.33059633,0.12497515,-0.3354698,-0.13394183,-0.3462291,-0.33449203,0.31478706,-0.19415039,-0.16144502,-0.066453025,-0.30185825,0.090393364,-0.012647285,-0.35783675,-0.34020084,-0.13062061,0.15187216,0.16888167,-0.059384067,0.21726042,0.12878393,-0.02229035,0.17444362,-0.1673005,-0.2090476,0.09907143,0.017579872,0.042786967,-0.10152727,-0.36090112,0.18999077,0.28271362,-0.41200492,0.19836262,-0.059444763,-0.6924892,0.14457679,-0.047753874,-0.23941782,0.16464148,-0.39552528,0.052934,finance
0.33799174,0.29170555,-0.2996444,0.17011602,-0.23207225,0.22983463,0.28514162,0.7185931,0.13735974,-0.039603632,-0.65603876,-0.35595644,0.40685564,0.15184869,-0.2576395,-0.29636124,0.17481208,-0.5520877,0.09001585,0.15571274,-0.058371108,0.11127621,-0.29733157,0.56242764,0.008555323,0.25654176,-0.10115171,0.42240742,-0.15673922,-0.057017073,-0.1870117,0.09637641,-0.2044281,0.22085293,0.1977338,-0.10252385,0.46258363,-0.18576732,0.22158289,-0.07213269,-0.19539554,0.13829517,0.23435684,0.05510708,-0.1192409,0.0011802239,0.15229324,0.6894037,0.18736221,0.022038098,-0.2230191,-0.2539653,0.30316517,-0.33932316,0.18125427,-0.029743828,-0.28625795,0.32214296,-0.6500588,0.48148414,-0.27441958,-0.15553851,-0.12823533,-0.12450726,0.43160927,0.05948149,0.06579061,-0.6025807,-0.42340004,0.09059743,0.05430877,-0.28261772,-0.23272252,-0.07995297,-0.066125214,-0.1328473,-0.13996592,-0.12442932,-0.11887425,-0.048387848,0.10590036,-0.26031896,-0.21865708,0.07830352,0.0019516668,0.13294847,-0.19739816,-0.2720501,0.22011554,0.0017802677,-0.60249406,0.19434063,-0.38012195,-0.59966093,-0.07271847,-0.18425699,-0.34643543,0.060193647,-0.24604645,-0.29602763,finance
0.14995286,0.18899074,-0.14598097,0.026849154,-0.24659196,0.26124686,0.124699,0.42540312,-0.059365187,-0.102003194,-0.3957998,-0.28135633,0.42978048,-0.17262052,-0.26255673,-0.37911496,0.21916386,-0.47237313,0.07283584,0.022168413,0.43943858,-0.16902424,-0.30784127,0.8064973,0.06419945,0.18109256,-0.6312771,0.18908857,-0.01714866,-0.056748748,-0.1508201,-0.13571125,-0.07797409,0.12735312,0.40854126,-0.010586041,0.18614419,-0.24084902,0.21372156,-0.08613424,-0.08469347,0.15758596,0.34541684,-0.12487951,0.09089386,0.30816236,0.22076432,0.34957898,0.19246745,-0.15698043,-0.15427192,-0.22437832,0.530226,-0.2433055,0.024214549,0.012623565,-0.15937957,0.42982784,-0.51210606,0.14107883,-0.10436687,0.007778436,-0.35156482,-0.10391564,0.15532246,-0.2124351,-0.27836967,-0.53250897,-0.32561865,0.026672123,0.1286135,-0.40796587,-0.22542433,0.06464303,-0.26187715,-0.4814932,-0.08424755,-0.14809497,-0.016076775,-0.098659046,-0.012256893,0.03592893,-0.32193512,-0.1515989,-0.13319287,-0.18224534,0.07655856,-0.14689705,0.18769357,-0.11751028,-0.42635247,0.117886275,-0.4247264,-0.40802434,0.1685223,0.11911642,-0.4447504,0.006787498,-0.18418877,-0.046187837,finance
0.29088774,-0.11857605,-0.03788276,-0.27773258,-0.17396161,0.24471858,0.21928681,0.450489,-0.11047249,-0.021903463,-0.47523797,-0.20304924,0.34432295,0.49936193,-0.14936815,-0.31256777,0.25095952,-0.47185442,0.12816279,-0.15555695,-0.02688485,-0.15198398,-0.15746182,0.4869822,-0.1527043,0.070177585,-0.31766114,0.47199705,-0.13261013,-0.09192236,-0.08429163,0.15082517,-0.17844169,-0.015872853,0.19003141,-0.36257404,0.29586557,-0.29908872,0.4034464,0.102335095,0.018323949,0.032481294,0.23080808,0.01236705,0.09440857,0.09300953,0.13715157,0.58381075,0.46500283,-0.20374298,-0.05291198,-0.30215234,0.3789492,-0.21000643,0.2975988,0.17003474,0.046867248,0.5003465,-0.3939683,0.3987732,-0.18367894,-0.021359164,-0.087364726,-0.0052265245,0.12185766,-0.06333521,0.025315277,-0.26630786,-0.15496953,-0.12313729,0.01827047,-0.22960193,-0.18929678,-0.14488778,0.031052716,-0.06867702,-0.16424407,0.14973767,-0.025080506,-0.27517298,-0.020676188,-0.2005015,-0.21884724,0.03872724,0.2076618,0.17571922,-0.07899704,-0.3969864,0.116446875,0.14542845,-0.3105286,0.23764385,-0.13316573,-0.42799997,0.19448645,0.11074503,-0.45547166,0.009226795,-0.25240144,0.21156251,finance
0.14229129,0.19993348,-0.1516954,0.008784683,-0.35137352,0.22045963,0.3240529,0.055933755,-0.12463837,0.04860859,-0.39520335,-0.21763569,0.35329077,0.6325546,-0.12381873,-0.3517487,0.5476624,-0.49254882,0.35694382,-0.42175353,0.20495962,0.17141035,-0.223081,0.7312743,-0.07122649,0.06837998,-0.32704696,0.32152146,-0.19851246,0.22123675,-0.3989391,0.3392072,-0.19163837,-0.30513358,0.20871134,-0.4801714,0.6155797,-0.37806407,0.34387788,-0.03990008,0.027013123,0.17683263,0.19869599,-0.060615774,-0.260867,0.25310457,0.34791198,0.6272156,0.47207603,-0.09248409,0.016874949,-0.3627795,0.5369037,-0.18985373,0.41859496,-0.026708787,-0.11377102,0.5977998,-0.56330436,0.51620334,-0.18424244,-0.1544667,-0.42968503,-0.066430874,0.29832622,0.1903495,-0.053900383,-0.4528298,-0.036093324,-0.15790065,0.20184945,-0.1702479,-0.20475593,-0.10561431,0.1055093,-0.15594266,-0.13936102,-0.24482755,0.0697951,-0.25364536,-0.025939602,-0.22702588,0.066523485,-0.13890876,0.061898906,-0.055391505,0.0005886846,-0.36662892,0.06520547,-0.02605429,-0.46712315,0.30105838,0.13363227,-0.63023275,0.24362817,-0.051251125,-0.25667205,-0.103358604,-0.3729767,-0.17996503,finance
0.15960008,-0.016207455,0.07191902,-0.2708338,-0.5399686,0.12342202,0.18549468,0.22401048,-0.13129626,0.022319658,-0.6932119,-0.26132998,-0.0057757716,0.5153102,0.114349194,-0.41466773,0.30331495,-0.5716891,0.30319598,-0.3121803,0.12889074,0.04432175,-0.0022223026,0.63291585,0.3906122,0.10010754,-0.56369203,0.32128334,-0.18821993,-0.3213857,-0.1999453,-0.041977383,0.016895927,0.015834032,0.031523034,-0.3095133,0.23193878,-0.20765309,0.52194035,0.1230967,0.13075434,0.18765092,0.28967947,-0.01654972,-0.122208424,0.26745105,0.18198942,0.39146888,0.39898816,0.019409802,-0.2745466,-0.14517993,-0.26912472,-0.1574628,-0.064721845,0.029509705,-0.23702565,0.3709653,-0.15175785,0.40990028,-0.0068203104,-0.13852996,-0.24665079,-0.21254724,0.3249059,0.09476962,-0.053696346,-0.14505798,-0.29698974,-0.05576284,0.030877287,-0.44494236,0.026116824,0.050292507,0.16537456,-0.19767629,-0.16015022,-0.09268808,-0.053252123,-0.31488106,0.13485979,-0.07435017,-0.16468845,0.06372707,-0.15371093,0.19683646,-0.038148396,-0.25769666,0.10316935,-0.16061705,-0.4376212,0.21896614,-0.043212757,-0.47886667,0.10842044,0.0020710742,-0.10540169,-0.14642523,-0.05566919,-0.017796943,finance
-0.029753754,0.30201,-0.058741592,0.084352955,-0.39369652,0.2838563,0.45755836,0.33985096,-0.25629786,0.078926295,-0.35112232,0.011498332,-0.1335025,0.30853772,-0.08512451,-0.36656815,0.43720078,-0.6303981,0.36110118,-0.049372803,0.2223187,0.03134368,-0.18586098,0.36589918,0.25940853,0.21722005,-0.5039596,0.41111404,0.078874595,-0.10543883,0.31938884,0.19097646,-0.13950266,0.102544345,0.24333456,-0.33937705,0.3827593,0.019433022,0.41744363,0.1119206,0.08479001,-0.17613788,0.33507833,-0.18464121,0.34801897,0.08048029,0.33611566,0.31824952,0.17437792,-0.22836559,-0.29374465,-0.31889373,0.31058884,-0.14518227,0.30239767,0.017038843,-0.29447016,0.31522676,-0.4936,0.27587122,-0.17643954,0.12577772,-0.064090565,-0.119499,-0.036676425,-0.056282535,-0.028194923,-0.13811906,-0.4121307,-0.046710175,-0.14241897,-0.020315727,-0.07870215,-0.016751066,-0.08337401,-0.24840696,0.046296075,-0.16193835,0.2006566,-0.13236663,-0.12764598,-0.11217326,0.09268357,-0.2675358,-0.32788298,-0.011810124,0.11136493,-0.5101415,-0.14095502,-0.18570733,-0.28103334,0.08314029,-0.3207234,-0.62775296,0.22629982,0.09621567,-0.062432263,-0.14843096,-0.09280188,-0.07299203,finance
0.11310752,0.22865348,-0.14291674,-0.19102149,0.014032142,0.1933101,0.4200379,0.40497229,-0.116438195,-0.11857599,-0.5587105,-0.1597459,0.19108267,0.21431908,-0.43169022,-0.3858866,0.33954617,-0.3923774,0.29319826,0.027468842,0.21821222,-0.18647906,-0.14152509,0.85471505,-0.2122335,0.18983848,-0.46206886,0.19617341,0.20579588,-0.18942396,0.018082151,0.21399422,-0.29370618,0.13470532,0.29907924,0.1067015,0.11242155,0.025256513,0.46334028,-0.051066577,-0.22686912,-0.07866605,0.43444353,0.13434032,0.07624431,0.4242231,0.17397694,0.38536924,-0.038228165,-0.085808754,-0.44306797,-0.4499487,0.24237712,-0.31540632,0.18776757,0.121292144,-0.31258634,0.10049261,-0.77127236,0.16309936,-0.075226165,-0.14502575,-0.4878598,-0.15695845,-0.043832794,-0.030288946,-0.30231506,-0.35070807,-0.18095814,0.11983662,0.009624436,-0.23402144,-0.27375308,0.02642522,-0.070902124,-0.17913122,0.21909477,0.16236444,-0.0060788975,-0.31523767,0.016755754,-0.04239107,-0.28881425,-0.017817117,-0.2240507,-0.03179859,0.30940202,-0.22355016,-0.06508682,-0.06592116,-0.47204953,0.070046104,-0.3354641,-0.6425148,0.18129309,0.4114327,-0.21870573,0.0872672,-0.29698762,0.06850627,finance
-0.09919525,0.013263219,0.10703508,-0.20067461,-0.30381978,0.045621976,-0.017256347,0.41569912,-0.11475254,-0.022389678,-0.8332999,-0.23491907,0.17435609,0.6531126,0.12661009,-0.41412008,0.33279935,-0.58463585,0.16077752,-0.3258825,0.1420585,0.119629495,-0.08947795,0.5814424,0.13418172,0.040481653,-0.35904002,0.33279467,-0.08752077,-0.23087586,-0.31157357,0.098671444,0.23547871,0.26360142,0.24405701,-0.34782815,0.38378564,-0.172494,0.60995835,0.1472748,0.042778116,0.14925171,0.5023182,0.03495185,0.15924016,0.25597295,0.28495246,0.28188258,0.1771772,0.077180475,-0.49292362,-0.10676584,-0.15494438,0.012948662,-0.04626268,-0.013749902,-0.09365639,0.18039073,-0.26403415,0.33097365,-0.054051876,0.09218296,-0.34522042,-0.060177833,0.40582576,0.25473636,0.016180323,-0.011915773,-0.3162239,0.22201012,0.14829767,-0.1703425,-0.29134098,-0.09253264,0.047971636,-0.051645454,-0.029433737,0.22481525,-0.15656652,-0.070456594,-0.1227309,-0.11306747,-0.37318873,0.07592146,-0.027061632,0.22017378,-0.09523755,-0.5255102,0.12161246,-0.30011275,-0.4831201,0.36497054,0.036168616,-0.42421857,0.06442081,-0.10339809,-0.35980818,-0.31564835,-0.046543974,-0.024284462,finance
-0.100962944,0.042521756,0.07606964,-0.14911416,-0.34447205,0.09180617,-0.041144807,0.40764052,-0.053716294,-0.063366994,-0.87115574,-0.273922,0.13016966,0.65740263,0.10028781,-0.38921344,0.31157824,-0.5499272,0.13154383,-0.33592075,0.13757238,0.095670395,-0.11399827,0.5623649,0.083291575,0.07138712,-0.39075682,0.34164384,-0.07681264,-0.1713089,-0.3299081,0.11902419,0.22854875,0.22133017,0.24667045,-0.2845953,0.41360676,-0.22576314,0.6148797,0.106157236,0.037885357,0.11842509,0.5351364,-0.0148558915,0.1685459,0.28735715,0.3116203,0.28533575,0.14132863,-0.026238514,-0.47031057,-0.15040183,-0.1524626,-0.011447988,-0.027835868,-0.044478897,-0.14866032,0.19141884,-0.23073976,0.28418142,-0.041434858,0.13665073,-0.33059523,-0.088799424,0.4172789,0.23428969,0.012236983,-0.06824592,-0.28251135,0.17370664,0.21037598,-0.20970048,-0.27822888,-0.07484062,0.052710157,-0.020620419,-0.029186336,0.22629412,-0.21767662,-0.060140647,-0.10935681,-0.08821788,-0.35267484,0.052503694,0.013838454,0.23511344,-0.11135137,-0.49477664,0.12666102,-0.28249735,-0.4987739,0.37833783,-0.008494058,-0.43979603,0.044534154,-0.057197858,-0.3582714,-0.29701334,-0.055611193,-0.012920056,finance
0.058263194,0.22127981,-0.21703486,-0.26634347,-0.03958228,0.2946976,0.24828063,0.22411773,-0.22647029,-0.14615317,-0.32750735,-0.2954886,0.41866133,0.34148005,-0.28388274,-0.546149,0.24034673,-0.609858,-0.021178128,-0.302208,0.09963248,0.09785474,-0.32636255,0.80013436,-0.2609391,0.12735496,-0.6490947,0.4484668,-0.2037148,-0.03382421,-0.3868528,0.32636446,-0.33174083,-0.204404,0.12177694,-0.4699456,0.4018404,-0.19319397,0.6415669,-0.082789496,0.065853536,-0.012834709,0.20997925,0.07288008,0.22811374,0.22864692,0.2692002,0.7095627,0.6109399,-0.0437667,-0.086345665,-0.18674865,0.4704128,-0.07263804,-0.041198615,0.10217573,0.010688416,0.3309045,-0.4948083,0.04881819,-0.28380933,0.0049012797,-0.21017799,-0.006990068,0.16788991,-0.0051337634,-0.033754393,-0.54065055,-0.367989,-0.031429455,0.030865408,-0.3248593,-0.029907258,0.115862645,-0.056180168,-0.004218997,0.19998907,-0.20842801,0.20153302,-0.5447811,-0.07208423,-0.26502684,-0.122102864,0.03498754,-0.029600859,-0.092660524,-0.15021017,-0.36544788,0.123219885,0.15078728,-0.4957311,0.31751522,0.015375869,-0.62131935,0.067562364,0.13075641,-0.39720502,-0.018844213,0.04749835,0.115098216,finance
0.14295094,-0.14010134,-0.04003243,-0.21462785,-0.07539948,0.1522457,0.21313955,0.18912809,-0.2998575,-0.07120024,-0.45181146,-0.120182104,0.31108856,0.50038916,-0.104891844,-0.5279624,0.24713142,-0.5452806,0.16171753,-0.25233388,-0.006655131,0.0649785,-0.31187886,0.6539222,-0.007021885,-0.027031606,-0.46053156,0.1684513,-0.18260056,0.003151817,-0.14916281,0.3073353,-0.19124778,-0.08615483,0.19271149,-0.52276814,0.46443325,-0.11514936,0.47275364,0.032070022,-0.06026271,0.1385864,0.46731186,-0.039841715,0.2224328,0.2119884,0.4152303,0.72836953,0.4945173,-0.25606573,-0.13925762,-0.2449786,0.49802268,-0.22081275,0.25704008,-0.0847634,0.054778337,0.6365171,-0.58655286,0.115958735,-0.22508164,-0.16683315,-0.31811398,0.02139004,0.09505775,0.10963294,-0.05925158,-0.47203824,-0.18172915,-0.13310853,0.09766775,-0.36731148,-0.4100986,-0.0075374297,0.07187757,-0.14179122,-0.07197879,-0.18025322,-0.042107392,-0.3102087,-0.150495,-0.29023287,0.22104348,-0.16325691,-0.033943817,0.07326829,-0.031913556,-0.21008976,-0.081587456,0.24848604,-0.48449323,0.26377982,-0.01223009,-0.50734335,0.29611334,0.014086438,-0.47459823,-0.05320196,-0.11786479,-0.10385133,finance
-0.06711229,-0.14909482,-0.028108224,-0.26748964,-0.053979285,0.15814549,0.17583555,0.3152792,-0.110560216,-0.17074709,-0.69255114,-0.23789142,0.34931853,0.5504743,-0.118165016,-0.39341858,0.59293467,-0.55618125,0.02066541,-0.19443771,-0.03898336,0.15608244,-0.19770248,0.7358753,-0.0016583117,0.019219752,-0.3800295,0.48154953,-0.2336324,-0.22166216,-0.2506812,0.0645805,0.13903713,0.11975074,0.31190437,-0.49284536,0.46057126,-0.27105725,0.59470695,0.009962589,0.057076186,0.11856309,0.4050011,-0.078558795,0.15767838,0.13246524,0.46148333,0.5031558,0.26348624,-0.07949701,0.10650005,-0.26119548,0.38380787,-0.1672783,0.18524374,0.09099413,-0.094131015,0.44547725,-0.48515493,0.120125614,0.012628384,-0.09380447,-0.35943633,0.09165443,0.16337678,0.23731989,-0.1575521,-0.17795834,-0.23888414,0.14011963,0.19530867,-0.2232553,-0.3581851,-0.015882477,-0.016285429,0.012884307,0.006751012,0.12655754,0.062317602,-0.18429038,-0.15391888,-0.3978064,-0.050805923,-0.040704962,0.07498548,0.16595301,-0.14158303,-0.2592561,0.06389803,-0.15160452,-0.51217026,0.42684606,0.16485855,-0.4224303,0.22004712,-0.039427735,-0.40195876,-0.16630065,-0.26505074,-0.19853847,finance
0.13209815,-0.14315633,0.11282846,0.11739642,-0.3652207,0.36510354,0.029106474,0.5793028,-0.34317398,-0.051597983,-0.6000762,-0.56599474,0.08701108,0.5539245,0.04412451,0.117750905,-0.050694164,-0.6073998,0.45369735,-0.43097952,0.36738124,-0.19390075,-0.20950185,0.5568151,0.35991588,0.41000575,-0.31958386,0.08243196,-0.03071837,-0.09231394,0.0445392,-0.25909334,-0.22837041,0.078908674,0.47710672,-0.1688807,0.35227382,0.0736054,0.2562895,0.0388233,-0.47877494,0.007389129,0.7491517,-0.060265966,-0.0807355,0.35867366,0.21570309,0.61056507,0.07828954,-0.016853213,-0.29496998,-0.26043022,-0.028034395,-0.3845242,0.10616545,-0.064143166,-0.22841856,0.0455171,-0.42091677,0.09841511,-0.14564331,-0.25621563,-0.18620513,-0.36088407,0.23568372,-0.013250018,0.053674616,-0.57284594,-0.6093645,0.040770028,-0.27494186,-0.28378722,-0.25083235,0.037578553,-0.016818684,-0.101446375,-0.05193986,-0.20221588,0.20809354,-0.27954927,0.107081905,-0.1134447,0.04833861,-0.1584745,-0.079519324,-0.14119942,-0.20780745,-0.29583085,-0.007571388,-0.36866668,-0.39950746,0.19516805,-0.313163,-0.18628673,0.26847047,0.13314532,-0.16860971,0.11496336,0.11962743,-0.2149062,finance
0.076316014,-0.10745507,-0.014767062,-0.12699942,-0.056316994,0.3010732,0.338556,0.12633997,-0.14331855,-0.031764682,-0.35987487,-0.17260951,0.36789313,0.43042564,-0.06405876,-0.47193855,0.37478745,-0.43696344,0.03821977,-0.23212941,0.028700704,0.09757438,-0.3121424,0.635525,0.03432332,0.06439062,-0.3987622,0.3138032,-0.22453308,0.11550369,-0.12590565,0.29375368,-0.10624229,-0.16039225,0.23794137,-0.45775667,0.39819732,-0.19397995,0.39030275,-0.041677523,0.04455501,0.092309006,0.297477,-0.049722515,0.21686342,0.23160379,0.39053598,0.6833751,0.45091888,-0.26149896,-0.017087456,-0.19278823,0.42601046,-0.13209777,0.21343355,-0.07139724,0.009173176,0.6802959,-0.5540298,0.25833878,-0.27834928,-0.09631621,-0.32462922,0.037228145,0.076953776,0.1578173,-0.065174505,-0.39157894,-0.16817676,-0.09304501,0.20486243,-0.30753994,-0.45285168,-0.08670235,0.055355098,-0.075382054,-0.18281299,-0.19184397,0.012890843,-0.42838517,-0.07493597,-0.10432788,0.018190572,-0.14270419,-0.036738046,0.07515855,-0.15824567,-0.17320982,0.08228653,0.21358755,-0.41281852,0.32087275,-0.089857325,-0.49075404,0.2037926,0.08476641,-0.46452463,-0.028160289,-0.20043832,-0.2570092,finance
0.25722623,0.18368058,-0.07356603,-0.15312536,-0.15668726,0.42769063,0.41243827,0.53165215,-0.25798678,0.14206418,-0.5640762,-0.27363217,0.18787491,0.3137867,-0.26357052,-0.39955452,0.27701503,-0.48374736,0.23209329,-0.097208805,-0.01145572,-0.008332131,-0.113658704,0.6256671,-0.042418476,0.17281188,-0.7353755,0.23503369,-0.35745117,-0.55881524,0.17276347,-0.13425998,-0.33126757,0.18287033,0.13778779,-0.2337629,0.35656586,-0.1182688,0.31891805,0.15781431,-0.013480363,0.015589034,0.40358695,-0.04473992,0.29532152,-0.06740619,0.3718472,0.39111874,0.23252408,0.018999768,-0.019437792,-0.6771143,0.62832266,-0.2486709,-0.014776027,0.104967386,-0.040096503,0.02954377,-0.49420545,-0.0059688822,-0.11088659,-0.0642844,-0.21840562,-0.005682387,0.23079264,-0.30786264,0.08831714,-0.26147455,-0.36799797,0.051990967,-0.21313554,-0.23779754,-0.10696975,0.15228805,0.20453455,-0.41166192,0.09246643,0.12071722,0.05513171,-0.19265682,-0.023231689,-0.28893435,-0.15744163,-0.0851289,-0.3944243,0.123679124,0.18671662,-0.37268668,0.08044256,-0.11040337,-0.28893507,0.4570599,-0.13756248,-0.55056185,0.097751215,-0.012609184,-0.28563485,-0.37922454,-0.08047405,-0.23508497,finance
0.04846828,0.017825829,0.36767957,-0.2835353,0.16353667,0.31565636,0.16671142,0.2792884,-0.2954446,-0.07506274,-0.45504132,-0.1959867,0.38866192,0.5625704,-0.14610203,-0.49351937,0.3392877,-0.34280187,0.026575359,-0.23846756,0.013210231,-0.20016164,-0.3250533,0.62826705,-0.12075956,0.16355546,-0.5575548,0.29533783,-0.164865,-0.2616167,-0.2276761,0.11326509,-0.3685195,-0.059442025,0.35907027,-0.5438547,0.5077712,-0.11220578,0.37366098,0.07097418,0.061971724,0.18463139,0.6111425,-0.14342666,0.07112879,0.2138506,0.2838434,0.58894974,0.49548545,-0.05172639,-0.05010584,-0.20673986,0.38187996,-0.3459047,0.3044812,0.03473331,-0.050644923,0.32480222,-0.653894,0.07296382,-0.29196528,-0.1849217,-0.6234691,-0.16683114,0.4421641,0.10994817,-0.16962595,-0.22913411,-0.26104212,0.007411801,0.324173,-0.41431123,-0.30384794,-0.13212292,0.08649881,0.10540352,-0.10616213,0.12985265,0.056622196,-0.37071282,-0.1127855,-0.30305618,-0.31804177,0.04121504,-0.09871362,0.16839617,-0.19209088,-0.29239035,0.15761156,0.28729966,-0.2508091,0.08539124,-0.032398503,-0.48230746,0.29065406,-0.050343305,-0.39341325,0.006340474,-0.28376096,-0.07045481,finance
0.329102,0.20886184,-0.09669905,-0.056350812,-0.07707488,0.3346955,0.4288963,0.68284684,-0.17750308,0.13356194,-0.7044757,-0.26759586,0.27128494,0.3083996,-0.40711913,-0.22444716,0.20464444,-0.5087732,0.071616866,-0.12157528,-0.13124622,0.055952568,-0.09158168,0.6248285,-0.081431404,0.17064579,-0.7885557,0.21537745,-0.31647918,-0.45803007,0.010119415,0.07397228,-0.3219947,0.1002725,0.079710454,-0.293684,0.3511406,-0.2235516,0.18310274,-0.02066159,0.03172698,0.012551399,0.35118827,0.0435846,0.25171542,-0.11222896,0.33209842,0.49519303,0.12460411,0.0089640645,-0.11582445,-0.58927476,0.57130617,-0.297519,-0.108777784,0.020858629,-0.046294577,0.14050381,-0.5608535,-0.024851518,-0.116832346,-0.065801,-0.18686453,0.13353488,0.18104286,-0.37548023,0.14038678,-0.426141,-0.35994166,0.097083285,-0.08773111,-0.30113035,-0.06035154,0.1640061,0.16485739,-0.52253646,0.022641784,-0.01398502,-0.013937381,-0.19018394,-0.04662324,-0.3074687,-0.10484734,-0.065117724,-0.30666736,0.0021180778,0.24958497,-0.2931266,0.18183744,-0.22822598,-0.25285724,0.3060265,-0.1305138,-0.5829399,0.04123047,-0.041863132,-0.5105925,-0.2595988,0.016399555,-0.13589528,finance
0.21956351,-0.020893522,0.101467624,0.100784615,-0.23405138,0.28282216,0.2888998,0.5486039,-0.024733303,-0.25689396,-0.28941956,-0.22636227,0.49398336,0.14538495,-0.40747586,-0.4094589,0.097951256,-0.36338678,0.17952076,-0.12118974,0.31035575,-0.29571474,-0.31136593,0.4890981,0.20091173,0.29436338,-0.2538139,0.33642387,-0.2858541,0.09033706,0.027598405,-0.10618356,0.0067586596,5.3251562e-05,0.40419272,-0.20953211,0.24569215,-0.16168414,0.3151547,-0.05707143,0.044734243,0.1574377,0.19739893,-0.1790196,0.30507672,0.5153771,0.4295166,0.3901464,0.08541984,-0.0887417,-0.11489899,-0.27631152,0.099000156,-0.045177836,0.1576936,-0.0050070197,-0.09092885,0.3976833,-0.56656533,0.22458392,-0.11116298,0.17610742,-0.3679596,0.17454147,0.20072797,-0.20321512,-0.12503722,-0.44459507,-0.48663777,0.07615427,0.025057498,-0.26941082,-0.5521898,-0.050667576,-0.045368537,-0.3772246,-0.21947029,-0.19782187,0.021255128,-0.08475098,0.022550741,-0.048458148,-0.65432054,-0.106701374,0.119850054,-0.14343877,0.045871925,-0.18139927,0.122477815,-0.14797758,-0.31070018,-0.07545249,-0.46501455,-0.27904755,0.08443017,0.13411154,-0.48500493,0.28647304,-0.13756092,-0.09300542,finance
0.32716322,0.2588688,0.06238945,-0.07965405,-0.073760144,0.17040017,0.06788943,0.45175382,-0.09419122,-0.23786733,-0.66885763,-0.27043426,0.42192605,0.085951574,-0.35346022,-0.2731819,0.37561086,-0.48731774,0.034098946,0.21193911,0.31382096,-0.16366804,-0.33448994,0.6470836,-0.043440036,-0.023412911,-0.73022205,0.33446962,-0.19899467,-0.106868856,-0.1192098,0.0076608756,-0.1374851,0.12086687,0.4260432,-0.14219308,0.15472716,-0.08251461,0.29631802,-0.13072631,-0.28461954,0.2461446,0.39163667,-0.27631596,0.033384893,0.34483147,0.4300955,0.27902135,0.2766504,-0.29483846,-0.24582839,-0.36325347,0.4893852,-0.096706465,-0.011924865,0.035202738,-0.14749306,0.36270496,-0.39048934,0.18944506,0.0008906672,-0.22975022,-0.534472,-0.03880406,0.047689974,0.00016301121,-0.14687821,-0.49292806,-0.27672526,0.30424392,-0.17439651,-0.2560524,-0.32589793,0.2869402,-0.15448268,-0.22750074,0.055401716,-0.078240335,-0.03363028,-0.118066125,-0.033198413,-0.10918445,-0.35035783,0.073503226,-0.09450616,-0.09122868,0.13997234,-0.36943817,0.12602624,-0.164252,-0.38457987,-0.05387323,-0.3173942,-0.585563,0.19005135,0.09747969,-0.34546334,-0.09596013,-0.21285278,-0.013871891,finance
0.06577362,0.01025195,0.08646371,0.055724688,-0.20060226,0.48535538,0.278993,0.39844692,-0.0446539,-0.23666355,-0.43710297,-0.27095568,0.25528216,0.17801917,-0.15288426,-0.1878074,0.3212524,-0.40448606,0.095792264,-0.09299278,0.27950317,0.0836739,-0.20616348,0.67494905,0.10819103,0.019457685,-0.38481838,0.25131354,-0.13813125,-0.11426886,-0.3947135,-0.13428071,-0.20132291,0.18423013,0.22591017,-0.19661434,0.3202996,-0.13288923,0.37505335,0.10089424,0.0191608,-0.09253373,0.44589797,-0.048582446,0.01715288,0.33965728,0.2851512,0.53131425,0.23425154,-0.24758855,-0.13936178,-0.115150996,0.25389966,-0.018179107,0.14919952,0.0077079833,-0.30965272,0.36644477,-0.37604812,0.13444036,-0.42412066,-0.21514033,-0.18501931,0.03875465,0.28018898,-0.04995167,0.018837946,-0.28948665,-0.33816782,-0.06603893,0.14515226,-0.3781651,-0.2191779,-0.061706565,-0.12856294,-0.187762,-0.1679579,0.19829199,0.2592191,-0.26281017,0.08092811,0.06831439,-0.4316925,-0.08607832,-0.059588663,0.124350406,0.08633944,0.0012865053,-0.0020727117,-0.14783207,-0.2367279,0.1275946,-0.0059283734,-0.5836423,0.012509884,0.13001558,-0.41643906,0.0936641,-0.17492577,-0.33904985,finance
0.082761675,0.16235723,-0.18434305,-0.15335514,-0.053265207,0.2113927,0.20306554,0.20568965,-0.19774297,-0.14986593,-0.36912853,-0.24631265,0.47358832,0.375379,-0.32083076,-0.45308393,0.23949876,-0.6014492,0.023474462,-0.24486218,0.10431654,0.08255518,-0.3020615,0.79907966,-0.25303766,0.08049054,-0.5349566,0.370334,-0.2114837,-0.0024297403,-0.34077427,0.3443862,-0.26176178,-0.13932973,0.12741604,-0.41712743,0.46947697,-0.19022839,0.5928741,-0.056891713,0.035605952,0.02136589,0.26093167,0.058529153,0.24922384,0.17275417,0.26670742,0.7571974,0.5848435,-0.07739425,-0.07945357,-0.25675634,0.4826871,-0.07059275,0.034435827,0.05449903,0.04275021,0.32774115,-0.5424072,0.10630998,-0.26425233,-0.02578717,-0.24082176,-0.036270678,0.210732,-0.009649095,-0.035446264,-0.58457637,-0.3309097,-0.024490478,0.098300576,-0.30747187,-0.13129951,0.024989197,-0.027157191,-0.023784664,0.17044485,-0.18886818,0.027532222,-0.43134767,-0.12249927,-0.257358,-0.11797987,-0.010217302,0.005210329,-0.025380716,-0.17511873,-0.36377063,0.11239445,0.13279597,-0.4757496,0.33775824,0.051887892,-0.6512776,0.12964232,0.045642447,-0.3894996,-0.10970204,-0.024636375,0.10597074,finance
0.21940419,-0.04153973,-0.041132167,0.15510306,-0.39644516,0.46803784,-0.16371687,0.6437144,-0.08738616,0.0057605375,-0.48760685,0.110543,0.54376554,0.24678922,-0.3717583,-0.25064647,0.33162886,-0.39660662,-0.2276218,-0.06979352,0.38919634,0.124960825,-0.21564977,0.7086049,0.13873522,0.19510137,-0.44759312,0.36969134,-0.38204953,0.16943412,-0.13804196,-0.39291543,-0.08362484,0.000635504,0.041106664,-0.49294668,0.18207273,-0.49802434,0.29343095,0.452012,0.025658185,0.23157139,0.21203157,-0.5305864,-0.0933004,0.5248191,0.43338186,0.4648315,0.33437496,-0.16947608,0.027813923,-0.33304548,-0.13899736,-0.19223768,0.18494217,0.06070814,0.08957928,0.5158867,-0.25524956,0.42006543,-0.35520935,0.12752642,-0.30353478,0.028040195,0.3720053,-0.3753022,0.080863826,-0.14853303,-0.25380328,-0.2165915,0.23246866,-0.38443682,-0.29917103,0.041789677,0.047087353,-0.13623162,0.02388328,-0.037317846,-0.2998482,0.104886256,0.0026936678,0.0779892,-0.5752023,-0.039307874,-0.2832884,-0.02361112,-0.07060611,-0.673989,0.23499773,-0.18029912,-0.19331212,0.24886149,0.04161211,-0.078947105,0.019749995,-0.1360836,-0.5685466,0.06774106,-0.03296161,0.08800021,finance
0.11082999,0.1923165,-0.07343184,-0.01474018,-0.09026336,0.14385092,0.24026363,0.29942587,-0.03270004,-0.14242786,-0.7117837,-0.35406968,0.6021926,0.36361808,-0.29124954,-0.36261553,0.5155047,-0.395609,-0.061176155,0.05594366,0.052987043,0.20896657,-0.29934895,0.5933848,-0.20507838,0.13037774,-0.2545185,0.48970607,-0.18969005,-0.13670018,-0.40312853,0.17241965,-0.1632491,0.1276151,0.055384524,-0.36784118,0.45365775,-0.14446336,0.4998389,0.1608309,0.10000429,0.06427302,0.42508084,-0.015710168,0.0563912,0.21677746,0.31448847,0.69709706,0.1980136,-0.06573198,-0.3140144,-0.40443993,0.3247558,-0.050469134,0.15888476,0.092711434,-0.25460762,0.42605913,-0.42465022,0.36759776,-0.22319709,0.069191754,-0.4120811,0.1576815,0.32227004,0.08634623,0.14723286,-0.26447847,-0.21520676,0.2960881,0.16488396,-0.15802829,-0.21492381,-0.13779642,0.0642059,-0.2369061,-0.19424345,0.14261375,-0.15578033,-0.0853097,0.03629311,-0.114607126,-0.23570654,-0.19826898,0.013625245,0.35095394,-0.14873931,-0.14445695,0.1330455,-0.09768415,-0.4906463,0.22510193,0.074723236,-0.67852896,0.12018466,-0.081528254,-0.43891948,0.17710537,-0.24851574,-0.25767797,finance
0.12559962,0.3793273,-0.09616963,-0.15495239,-0.03356211,0.21291327,0.20346318,0.35763985,0.032951266,-0.18214053,-0.5972304,-0.31080365,0.34255126,0.21167499,-0.48844296,-0.34569082,0.42254752,-0.46064797,0.14176694,-0.20340012,0.15476733,0.013002435,-0.122034125,0.944296,-0.060770683,0.2533696,-0.56282645,0.3611824,0.05134885,-0.08443161,0.01941294,0.16116506,-0.13794331,0.06961526,0.3746632,-0.08738813,0.06501827,-0.13977666,0.38857704,-0.1280031,-0.21815155,-0.06819791,0.3497017,-0.16691017,-0.016634777,0.5925521,0.4099445,0.3086658,0.075084664,-0.14795078,-0.38203165,-0.22181684,0.34718752,-0.07751582,0.015360097,0.112794645,-0.22832263,0.15697032,-0.686095,0.3545029,-0.14903305,-0.25947827,-0.5636257,-0.0636358,-0.085141905,0.049450777,-0.11018336,-0.15446116,-0.2855588,0.07614098,-0.026094526,-0.22794671,-0.3123504,-0.06265292,-0.18640144,0.17507084,0.15141241,0.12912603,0.17918986,-0.22712892,-0.15274091,-0.086995855,-0.35958663,-0.093162954,-0.04433847,0.15784498,0.20248246,-0.2695035,0.011956152,-0.15072732,-0.41254207,0.0136874905,-0.25655976,-0.64616704,0.17393762,0.24093881,-0.3217427,0.07565492,-0.002557895,0.03955446,finance
0.27451497,0.51417863,-0.31905764,0.21065949,-0.058806486,0.2563329,0.30487794,0.7254151,0.018232606,-0.067861676,-0.56369305,-0.26952642,0.3852358,0.1939961,-0.35452625,-0.26087034,0.08783853,-0.5245315,0.12016208,0.14397383,-0.086596556,0.1729995,-0.2457136,0.59123296,0.027218193,0.1239431,-0.07585066,0.4576085,-0.21789715,-0.0004812929,-0.38786456,0.061367337,-0.14133349,0.23870066,0.21847467,-0.06226947,0.6189973,-0.21601322,0.23236434,-0.18534507,-0.22484788,0.13941757,0.2856911,-0.090741396,-0.22714096,0.25494677,0.2262963,0.83293766,-0.010383009,0.035437144,-0.23793225,-0.12536375,0.2607913,-0.33794087,0.22001164,0.087499596,-0.36499757,0.22720663,-0.67184544,0.5223342,-0.2025888,-0.2147648,-0.098519266,-0.23593372,0.3109275,0.09819334,0.02836474,-0.56082886,-0.38421786,0.08233724,0.15216437,-0.28458562,-0.16704468,-0.1403337,-0.08884039,-0.17664519,-0.10243212,-0.2243098,-0.18594691,-0.040352184,-0.10575087,-0.17122892,-0.31086597,0.16611397,-0.075648144,0.29055327,-0.19713578,-0.26147637,0.21867251,-0.14898722,-0.50998604,0.22733723,-0.35242105,-0.50711316,0.020376027,-0.11923816,-0.31569755,0.030908948,-0.3829208,-0.23750708,finance
0.15318309,0.20166814,-0.15774153,0.029964237,-0.34677926,0.25151956,0.2810122,0.06499585,-0.13782996,-0.00041902775,-0.3760922,-0.22303653,0.36458653,0.6255532,-0.20479071,-0.3125107,0.5134422,-0.4374353,0.36678618,-0.37292215,0.22591555,0.1388493,-0.18068248,0.7266396,-0.06422519,0.068453394,-0.3530996,0.3162353,-0.27596653,0.20214993,-0.39893743,0.32736382,-0.21189882,-0.2955386,0.13456833,-0.50446266,0.61707485,-0.3731617,0.304947,-0.03650429,0.062145885,0.1944432,0.2034888,-0.05774232,-0.27612805,0.27142352,0.3267871,0.66962165,0.44378242,-0.12635468,0.017688831,-0.383946,0.46470192,-0.16354215,0.42384663,-0.011794116,-0.108018324,0.5988337,-0.5761341,0.47240472,-0.17413296,-0.13164492,-0.44443586,0.023287194,0.2293537,0.19082125,-0.009827756,-0.45504808,-0.06468573,-0.1159694,0.24323742,-0.16814408,-0.12942235,-0.0907841,0.14489965,-0.14507276,-0.15358992,-0.24440889,0.063977376,-0.33605552,-0.012275506,-0.1780818,0.034043573,-0.09307928,0.07500738,-0.030598927,-0.03380444,-0.35052618,0.1259042,-0.087525666,-0.42444593,0.30229312,0.1466279,-0.6031035,0.17332366,-0.0043220106,-0.27832314,-0.09909627,-0.3276436,-0.14209005,finance
0.05692673,0.54656136,0.27253088,0.23142457,-0.49799234,0.4830886,0.3720664,0.50950104,-0.41570625,-0.34344673,-0.3634961,-0.11163253,0.20550211,0.2843406,-0.46704513,-0.49943325,0.19217998,-0.09676288,0.6299947,-0.41834915,0.2803497,-0.31151336,-0.16485067,0.25485626,0.02358016,0.5133122,-0.22600907,0.30594334,-0.47300526,-0.26777366,0.13148229,0.09329813,-0.18110727,-0.04749997,0.4865022,-0.21636178,0.36619347,-0.33975068,0.5362753,0.3608522,0.16842078,-0.12721519,0.24337429,-0.20922305,0.36935103,0.6219323,0.0027196743,0.11145765,0.14315103,-0.4660722,0.005212187,-0.7570349,0.386099,-0.12491228,0.45794076,-0.03851358,-0.12720618,0.32612666,-0.58150506,-0.07063288,0.019610358,0.042896558,-0.19105063,-0.10949847,0.5598608,-0.033016343,-0.09246557,-0.32376018,-0.62195575,-0.384503,0.02650594,-0.21520048,-0.48093805,0.1582534,-0.34030256,-0.82530725,-0.31403178,-0.291956,-0.27602834,-0.20104213,-0.0814666,-0.02556186,-0.6860077,0.068702005,-0.06899076,-0.07070223,-0.009866988,-0.53414464,-0.0148817785,-0.31490427,-0.26989356,-0.23675407,-0.35062787,-0.26754344,-0.1529464,-0.058618452,-0.17180613,0.22450571,0.0683703,-0.32902965,finance
0.17750144,0.3004338,-0.2662711,-0.13556157,-0.00030839772,0.26635578,0.018554458,0.33066958,-0.06048268,-0.22513928,-0.63349575,-0.22992137,0.38654518,0.22665317,-0.34986725,-0.3935877,0.47828448,-0.49212778,0.1157344,-0.27967393,0.15466896,0.055699117,0.02875257,0.92000824,0.006989467,0.17974871,-0.49908218,0.33110633,-0.03462784,-0.23664962,-0.11015549,0.09982289,-0.09903034,0.0051496197,0.22814831,-0.11830664,0.16468568,-0.1397791,0.4444022,0.005525335,-0.1678764,-0.11675095,0.32021728,-0.096531786,0.055301525,0.6587598,0.22378688,0.3446087,0.12619504,-0.07490434,-0.40754595,-0.23856282,0.23898603,-0.20381571,-0.061531175,0.14513248,-0.05376494,-0.1101459,-0.59485847,0.29612592,-0.16532126,-0.13201135,-0.4566481,-0.014040801,-0.10727491,-0.06611517,-0.052983217,-0.23905946,-0.37147152,0.09328257,0.19192943,-0.16974665,-0.30508792,-0.03254486,-0.10534585,0.011396218,0.050712578,0.09871087,0.07248029,-0.33384362,-0.16344033,-0.105690606,-0.53531337,-0.08859628,-0.14935833,0.096273385,0.21336721,-0.18792975,0.1417472,-0.12676276,-0.118565716,0.25191173,-0.14940463,-0.5732043,0.31321573,0.1806891,-0.37457237,-0.1786411,0.014090592,0.24268089,finance
0.0831368,0.39078692,-0.0860448,0.25785285,-0.40012425,0.2504185,0.24486302,0.3773908,-0.3872665,-0.2660885,-0.43962592,-0.30312875,0.13923502,0.27975368,-0.37497428,-0.2591874,0.28286088,-0.38114145,0.5140061,-0.2490811,0.21400915,-0.06620621,-0.11711894,0.6447455,0.11739585,0.34104785,-0.23183161,0.38704127,-0.23745687,-0.17887169,0.033212222,0.010272272,0.057943135,0.019552099,0.49093944,-0.3194911,0.37083516,-0.29693496,0.41330713,0.22452684,-0.054728176,0.020103857,0.41429183,-0.10669903,0.15746959,0.58214056,0.22458689,0.4332719,0.17489381,-0.16869742,-0.08339785,-0.41026926,0.15440503,-0.27119252,0.23468919,0.0815015,-0.23421514,0.31335634,-0.58832604,0.10710037,-0.33479714,-0.07371436,-0.20356122,-0.2184872,0.24645127,0.0075126127,-0.063403554,-0.1534633,-0.49942297,-0.20258066,0.09887549,-0.14347714,-0.33740103,-0.07375003,-0.21167201,-0.21294853,-0.08643125,-0.26343372,-0.050676726,-0.04422587,-0.08994301,-0.09794302,-0.47290328,-0.043634668,-0.07415069,-0.011518716,-0.06778782,-0.33530062,0.060451485,-0.2686626,-0.16434151,0.07742233,-0.114952,-0.4061014,0.10452474,0.041942127,-0.31888625,0.091617644,-0.16895501,-0.28644195,finance
0.1778657,-0.088325664,-0.11807564,-0.35241076,-0.04527863,0.4138278,0.25808316,0.1963154,-0.16738161,-0.08578956,-0.38899443,-0.2712584,0.4088089,0.558721,-0.21892503,-0.34884232,0.5361275,-0.3752977,-0.056001168,-0.14456436,-0.020194728,-0.034796093,-0.25416574,0.7134181,0.045650877,0.0180545,-0.34526184,0.3553296,-0.17672297,-0.044711605,-0.19062936,0.19215123,-0.13495356,-0.05062554,0.17964266,-0.3385116,0.24973293,-0.37291706,0.47254655,0.086548604,0.17432348,0.12278459,0.25866538,-0.10407858,-0.00088942563,0.11975552,0.24107195,0.6452625,0.48066399,-0.16813906,-0.01590785,-0.36623615,0.35557976,-0.18476951,0.26916093,0.14038253,-0.0028436,0.42443153,-0.3880335,0.23720813,-0.35545173,0.035608478,-0.23952779,-0.040935177,0.023464926,-0.0044033844,-0.10535852,-0.24447362,-0.15560627,-0.07566472,0.12545204,-0.26452905,-0.30498236,-0.20363122,0.11391528,0.00689972,-0.2661205,0.041725222,0.13158348,-0.23283365,-0.13301691,-0.21899632,-0.1808671,-0.0405382,0.14762092,0.22149514,-0.023818433,-0.33228764,0.07199785,0.0977459,-0.29766086,0.34110677,0.03344775,-0.4411171,0.1906291,0.23628555,-0.37788263,0.15270028,-0.36982375,0.03053593,finance
0.10859032,0.057000764,0.10834395,-0.17513286,-0.088620044,0.5115321,-0.08360041,0.38475809,-0.101025514,0.08020032,-0.58606875,-0.057544224,0.34182975,0.58458614,-0.14025208,-0.37273017,0.42948368,-0.50329167,-0.010498789,-0.21089171,0.2427899,0.0900938,-0.22735927,0.81682426,0.17855704,0.025720628,-0.45445347,0.069266126,-0.24580252,-0.14036983,0.07035982,-0.06339988,-0.097812556,0.0595179,0.32999834,-0.52811044,0.15969594,-0.071200505,0.17527854,-0.01667564,-0.09554764,0.22573717,0.41180846,-0.19995378,0.009068457,0.30729342,0.36189303,0.38656127,0.31900534,-0.09155968,-0.09699409,-0.27377856,0.25874847,-0.053140312,0.1793166,0.101349406,0.045966942,0.22468163,-0.3390764,0.27805677,-0.42866996,-0.25966406,-0.18491924,0.05855189,0.013710805,-0.16065134,-0.19410132,-0.244068,-0.2658447,-0.15338293,0.14406592,-0.43008995,-0.07029076,-0.08936691,0.042857435,-0.11681001,-0.13583454,0.07108358,0.026416859,-0.012486677,-0.25076395,-0.1100622,-0.30000675,-0.11287097,-0.3773042,0.110344686,0.07838107,-0.43818015,0.23355237,0.11101992,-0.20969187,0.15677026,-0.018760966,-0.29992175,0.23530516,-0.051856704,-0.32524133,-0.17941907,-0.10645362,-0.031139996,finance
