id,PC1,PC2,PC3,PC4,PC5,PC6,PC7,PC8,PC9,PC10,PC11,PC12,PC13,PC14,PC15,PC16,PC17,PC18,PC19,PC20,PC21,PC22,PC23,PC24,PC25,PC26,PC27,PC28,PC29,PC30,PC31,PC32,PC33,PC34,PC35,PC36,PC37,PC38,PC39,PC40,PC41,PC42,PC43,PC44,PC45,PC46,PC47,PC48,PC49,PC50,PC51,PC52,PC53,PC54,PC55,PC56,PC57,PC58,PC59,PC60,PC61,PC62,PC63,PC64,PC65,PC66,PC67,PC68,PC69,PC70,PC71,PC72,PC73,PC74,PC75,PC76,PC77,PC78,PC79,PC80,PC81,PC82,PC83,PC84,PC85,PC86,PC87,PC88,PC89,PC90,PC91,PC92,PC93,PC94,PC95,PC96,PC97,PC98,PC99,PC100,PC101,PC102,PC103,PC104,PC105,PC106,PC107,PC108,PC109,PC110,PC111,PC112,PC113,PC114,PC115,PC116,PC117,PC118,PC119,PC120,PC121,PC122,PC123,PC124,PC125,PC126,PC127,PC128,PC129,PC130,PC131,PC132,PC133,PC134,PC135,PC136,PC137,PC138,PC139,PC140,PC141,PC142,PC143,PC144,PC145,PC146,PC147,PC148,PC149,PC150,PC151,PC152,PC153,PC154,PC155,PC156,PC157,PC158,PC159,PC160,label
1,0.01938355855241035,0.46316817018676704,-0.14731565854190828,0.0634063305192044,-0.0366204052264615,0.023039825418118446,0.047794347238156995,0.0002576218267504251,-0.013118127030613293,0.0017474382595072642,0.0011362588591724663,-0.030252819177125113,0.07817963222721157,0.08484945947173582,0.041331666875747027,-0.07505544338220489,0.09039041175973991,0.028633348966724995,-0.008309939791652213,0.032457204164458485,0.04764642839617718,0.019288678019022776,-0.023825635967808935,-0.024296378705590857,-0.034744197191543084,-0.04784283417487123,-0.003967801415475888,-0.038005554406392195,0.043980455465208505,-0.03099340714190322,-0.019659240200905242,0.07785577461778884,-0.08839583603522193,0.001406190081038904,-0.04158996174870449,0.005269974786174686,0.009510309040651033,-0.006794638710733209,0.07605661622393194,-0.002740198802605287,-0.05682741809434642,0.021312232976270697,-0.019348465978767656,0.009649719337544133,-0.13349022588618076,-0.07683863852263426,0.005753118532228543,-0.05444074998552242,-0.1297613603023036,0.014517907773243034,-0.03177930918736541,0.009114464852518137,0.07283048132466907,0.07214709770166694,-0.00011929327938742822,0.10730683640542701,-0.030256950338112803,-0.10808221604988298,0.0017593490817370348,0.010472012184131336,0.020578319902538448,-0.03336936173307117,0.02326755710026896,-0.0013473805862081918,0.07539528291640457,-0.0563586173043983,-0.07103831891926343,0.0022510741882510827,0.1087284536278613,0.007125325257238276,-0.020890082008420456,0.11318596046126464,-0.028302453526244085,0.07830938332957506,-0.0770104930990343,-0.01406775454546662,-0.0042165045067132,-0.1108115291633477,0.04404073449482142,-0.12991032744548764,-0.06016842058422732,-0.04316179367244311,0.028791712368639623,-0.08860705795545784,0.13872595235074806,-0.05194226250913076,-0.06044743985942021,-0.009279481778200946,0.05435824218027446,-0.10139622878866633,0.13536168319486752,-0.10861257452423853,0.046399906284919634,0.07534981415609145,-0.01770868572223423,-0.0621927585032832,-0.07124286500839251,-0.05514524400209094,-0.01658506093623823,0.04035914026887049,-0.012625415916273384,-0.018979113130762917,0.010147751779254538,0.03063391038303373,0.06654060707178612,-0.02062321119729875,-0.03883732676667115,-0.019427442367191555,-0.01218341268009757,-0.006124305167631942,0.045950816741184515,-0.045556452487432106,0.024864958962407625,-0.1395624859004698,-0.043565412395288536,-0.06253890747408782,-0.013655616805343797,0.11206266853547764,-0.021992065316043176,0.047197438074649184,0.05794953824526766,0.011513053938391802,0.043005804186649975,-0.14654489420197295,0.14417741103615953,0.031205518118073986,-0.024346319654892517,0.11510087719118214,-0.008838703026342765,0.11027978367115233,0.33891026300030686,-0.16971758534679374,0.005788880113934049,0.08962193862565122,0.04351142697532455,0.09307435656669251,0.15071438341957333,-0.006325968482346057,0.0527034559457785,0.08591486146482828,0.018803733196627453,0.022425519897806938,-0.02232517507681774,-0.03405946141860914,-0.05160502157005673,-0.018659818909412294,-0.09403388616145691,-0.006065799400917484,0.014109698967577453,-0.0648736962080679,-0.01747044499057968,-0.0429311029278292,-0.034028586663865094,0.028741169917293898,0.02532552264507441,0.011930201122869171,-0.007978827592996321,-0.006341773412433445,-0.04171352539957964,-0.019931922203759004,sport
2,0.014593036191448264,0.526455485049207,-0.18538155175263019,0.08394376983321877,-0.028059205740268323,0.06396624138331483,0.06871014986550356,0.011619182444512445,-0.013684511724084598,0.010323282889056377,0.04738300630579947,-0.06732095446679502,0.07802106069638057,0.024717452665669222,0.0027670074194614635,-0.018782214735685056,-0.0303904452793992,0.0337066879246793,0.012772208172824906,0.0530315678907472,0.06029511240014659,0.021253125355475473,-0.014928165556554386,-0.008995995855302787,-0.06543151719319437,-0.11320581548896123,0.0034131564864428995,-0.02115074519180113,0.030271484616917636,-0.02178413690782921,0.011600989919930305,0.08328968354554525,-0.0860351507546135,0.003965102707093529,-0.05375244249790342,-0.007545693280901836,0.01519152244258244,0.010542381907475508,0.057400077114463446,-0.017741864467851056,-0.01110060283557534,0.03933897479981736,-0.03908533784117399,-0.02978164902037742,-0.05881546834110898,-0.01939108499914031,0.011850740398514718,-0.032796898755939996,0.03411126878736137,-0.011028892495656955,-0.035622479629903774,0.0074995258349308805,0.035282777833574315,-0.026786774460350975,-0.005648735336246494,0.015574609303899043,0.026272691167037013,0.0058007069752661535,0.0036600845230267474,0.028756217378132488,-0.017452158288131504,-0.034381911382288376,-0.0038177024777930686,-0.020711294266357375,0.0072640080243451775,0.05018589243113758,-0.02541690815728044,0.011979388090914587,0.011830944262709182,0.00952648095105436,-0.01339857443200549,0.04626170203726973,-0.05048588403165303,0.024889613778836594,-0.015131239235098114,0.02853419042366975,0.011410144277018638,-0.020739145526970617,-0.029839517654665117,0.019060733598343718,0.052218755115144046,0.014326300851705937,-0.034492407679233124,0.016055088711267606,-0.02517142482142954,0.034140348270289826,-0.04999883338742631,-0.019708698380818138,-0.01994986148915086,-0.022165146943101285,0.014714623844169036,-0.014729404612384703,0.10141125875912857,-0.04938285940421232,-0.061905236652246655,0.05676225815058991,0.016916095925960332,-0.019506532859346816,-0.03704793047120429,-0.07237908476315541,-2.6802670081299802e-05,0.13078066185500234,0.029227908733980536,-0.038377198527903535,-0.14639858250757828,-0.009935371066977556,0.05606586810843493,0.08723337677987769,-0.02590079415312205,-0.061593854927400306,-0.024563788762549537,-0.10622666808098181,0.10589221900776626,0.05748814296974555,0.044069167559146555,0.03024052012536843,0.029035837219964274,0.02515287472757329,-0.022085132298665957,0.11823363945038164,-0.04558555608249702,0.039608030545291335,-0.05596555935642523,0.17559551129870876,-0.13235405142079204,-0.1908861734644738,-0.22077468920782103,0.052565201248239865,0.13085783971400497,0.23077364614858265,-0.11859783789556864,-0.17516340366957794,0.012696361197778956,0.08447308118656988,-0.19813417377290535,0.06590832347716113,-0.04416951095679689,-0.019733654804031203,-0.034180495611406105,0.020720186227639378,-0.034662720790650386,-0.13920576431025053,0.030947350472866734,-4.815142884637901e-05,0.036524226048474134,-0.006672639910647816,0.049397157166272805,0.05894764571874128,-1.3515163371499277e-05,0.0015812266613277686,-0.012144806620441219,0.04946008937804105,0.0644384227032545,-0.08881638712437087,0.00996451417904398,-0.04574324296038175,0.048811682696367056,0.026756772363842732,0.023218294615258924,-0.045621935049828005,sport
3,-0.03362346117403845,0.032311700457976544,0.30023423597915366,0.18092437696423064,-0.025381908551717357,0.07169344977930958,0.03406697544047121,0.017651223464916453,-0.17606348849372244,-0.02125027877475404,-0.04414940582076493,0.005714076862943447,-0.03844036282407153,-0.047101645281003704,0.016885585937817676,0.037872264009781574,0.01193743946525276,-0.003427467882491072,0.014446386798567943,0.008435110626815834,-0.05154759669209398,-0.02737444088080025,0.023656893544927345,-0.004188096627855296,0.00011079229279493956,0.04157404587862856,-0.01669718310702915,-0.03211893865140537,-0.018090541307791204,-0.02238502988181633,-0.0629307278935904,-0.05088325219348706,-0.027261616996746774,0.07287868301930146,-0.0626165665414793,0.03162277359676611,0.013532954769949281,-0.06320713221308755,0.1654265808766678,0.10250333346520206,-0.2025921793427603,0.07338585703456496,0.26812066879572216,0.2339861660090184,-0.02305661657828967,0.04401076390542272,0.1239522521190321,0.2984536287312418,0.08116379842881737,0.03838616184742624,-0.10163069701722044,-0.021720577049377982,-0.03786120758235708,-0.006646325055130823,-0.0304037218859507,-0.02043072415282671,-0.11142291849211414,-0.06841450258031362,0.05663927317220219,-0.0030560899065182104,0.007067342147278408,-0.031922864394844284,-0.05396010873359104,-0.0025116507970935724,-0.021390750056251167,0.03758401404778557,0.006957257367006265,-0.011717549179006559,-0.03900725454936827,0.08822430969708088,-0.026491157963988463,0.034422295704416316,0.005294793068657304,0.007567618946480695,-0.03003551513660485,0.01273425373801609,-0.032640471726664746,-0.021353300569882876,-0.028332393717482654,-0.07896076253843407,0.028549450398478133,-0.04969367039046684,0.0028559446635119815,0.045474410864550896,-0.0074510431749180255,0.02841157418765624,-0.01612366196853552,-0.04317499193969008,0.05655673719644465,-0.01894366055754777,0.015272391981956441,0.01619110664932027,0.034407888932394236,0.11046104571561038,0.1000574843775232,0.10915940617259363,0.16447441975703317,-0.09952160390782262,-0.19137277231533842,-0.02155068571632255,0.1432228400138509,-0.02415688231545897,-0.03372535927034326,0.23272903621819038,0.08303286787274641,-0.060415849611387566,0.09156405651190679,0.05939758747885806,0.03472658151430245,-0.01967562365541243,0.13687837993620042,0.062419546899739886,-0.028064669217794293,-0.05664171798739964,0.012306851699419767,-0.04481007351404592,-0.12043680360997179,-0.12581421253980124,-0.00263606717144012,0.023216373744773366,-0.004014850687788972,-0.004759873570474477,0.007461225953187285,-0.002290780565786632,0.01593634707254013,0.026431153709604548,-0.02124784765534984,0.026506734192259084,0.05845545033150669,0.12997449874683087,-0.018374275084754196,0.15306737403085183,-0.058796210927959135,0.1286185308126142,-0.0008909105581377993,-0.0384652337822346,0.058242996975514015,0.0009531568155316399,-0.05817052947323646,-0.0033195724092868885,-0.048934384821518774,-0.04722100678753385,-0.015336183341698256,0.02056008216319913,0.024003503864410143,-0.002634447229553056,0.024303935344326184,0.016891058392287748,-0.03354214448736467,0.03461697079096948,-0.023060055705089788,0.03195690728487991,-0.016493675204708715,0.00720402402950974,0.0031500622974963725,0.0063673274258170525,-0.0026089518800502557,-0.05469761541153847,-0.0021180486803408886,0.0835542218682987,sport
4,0.024717947166383942,0.4253059958414364,-0.11716401309235078,0.07060707411072059,-0.04053898888877548,0.030150046327781545,0.03479135659046449,-0.006646279405264291,-0.018408533391446134,0.029683589004708088,0.010421360591917032,-0.022312975028768483,0.07721877991175212,0.08097804871080085,0.037738724974880025,-0.02796458585770692,0.020295028357565758,0.02046770409947301,-0.016012387776344852,0.00973792740626543,0.03574264960193799,0.025734489171894696,0.00848180703633686,-0.017040058706129717,-0.0311765761035757,-0.05018580153712098,0.02536075840811795,0.008758121948493083,0.05826462346307122,-0.036834223007919685,0.003366093924652385,0.04645064474198097,-0.0667310035816156,-0.00020171850550337555,-0.006343205513637573,0.016904774640715874,-0.0016862363911822047,-0.062285957951906515,0.03351251094205608,0.039423991534664866,-0.08892541662855984,0.060834700007034524,-0.010113009427676588,0.04639441051208946,-0.11141991108696406,-0.03798293474155133,-0.012247445876143325,-0.09550945169057512,-0.15743044159222128,-0.0009459931015855829,-0.021899024908110458,0.08068416012295959,0.04593413343619377,2.013989934743038e-05,-0.012292199566904225,0.14719416658682685,-0.022202875738749676,-0.0964718139713699,0.06628934244178115,0.07265478319563855,-0.011020426389341738,-0.05292649749066865,0.016359070342230136,-0.046180351148270835,-0.058739607794261295,-0.13460024036361165,-0.07712932494237072,0.028459452079596097,0.13872251739932814,0.024685403499547617,-0.00562241309589448,0.04922904933272358,-0.04278983063805198,-0.020845644039885727,-0.03392131223043892,-0.03110971317412561,-0.05450351700980468,-0.11584524856508484,0.0233072467171851,-0.04613818233173623,-0.13819406349576027,-0.020249191892501815,0.06216991547485801,-0.17013638544803908,0.2175421635646988,0.004222147758959117,-0.08177823820586422,0.12477510266348917,0.14211580697587295,-0.0437057177371919,0.19792681653126915,-0.20473026359914073,0.06297164842596983,0.043074035756978525,0.03308808297602822,-0.06945151320335029,-0.07265008614529057,0.01575040969789524,0.07972716450553793,0.061179763777399775,-0.0476831014094411,-0.02001679141914745,-0.06614318218469054,0.030581913781246358,0.07640736650147792,0.007627144570074826,-0.013357878883992163,-0.05671314505660694,-0.04782917793440405,0.02885188264299627,0.08785130772200685,-0.050101219558692615,-0.0010117373089684404,-0.0269935585899511,0.001279942575600343,-7.36879731291711e-05,0.013504152144659809,0.030374457275149182,-0.04338634294307847,-0.0367660167605493,-0.05036343831280686,-0.013739520610966536,-0.008585245171666233,0.06164539887556895,-0.02403832645863705,-0.024106378971679623,0.06373396862025758,-0.14334148449562095,-0.0011095232506986678,-0.14089395179729475,-0.27540789882783634,0.21339926194630576,0.006525389855013141,-0.061138361860091646,-0.010030197073297357,-0.0681891000052063,-0.14200591027373471,-0.043857087427111606,-0.032903012036803556,0.0035765190373845956,-0.02197903275403796,-0.026623767250822578,0.018752279033377357,-0.008879023198995743,0.021788923882080133,0.021449070432104013,0.007412709775038206,0.037847157568779155,0.00883400835864262,-0.011706230143744894,-0.0020411429355899134,0.01416479351129165,0.014178992211373033,-0.06851861736176915,-0.00808010056981022,-0.015166135995997906,0.024853666552698276,0.00303199986495249,0.02182127573143638,0.03784515542116846,sport
5,-0.09893036393574414,0.01606622687603054,0.5684744480056402,0.4070862028530793,-0.03188217465548391,0.12159175360881565,0.1154807114520966,0.0266697215054034,-0.18479341671188707,-0.003881010802537178,0.007817358411919108,-0.0021460549105500703,0.023313416432516953,-0.026691746102186355,0.007694620255367988,0.01849618264855153,-0.010885288321570685,0.013072980868446311,-0.012212072430346839,-0.021669014052200154,0.008831480902224168,-0.0018986723305086778,-0.01394070610535063,-0.004984541041249199,0.017266663571441545,0.02032733696968283,0.025901252292499954,0.006935479763156033,0.028044028881875283,-0.012367243290757463,-0.06000042112389961,-0.03273126827756028,-0.013419103092926212,0.010168960199325979,0.02138173399582837,-0.025672930343007324,-0.004982692774354394,0.02378090021968128,-0.047696729231339954,-0.04230819931684828,0.11388047645324421,-0.040799033071225885,-0.09922639219312512,-0.12938155357168057,-0.018217105685597944,-0.02478148522725505,-0.0606855874558372,-0.09337352364658713,0.004980985754115298,-0.003039036449539875,0.0011668511452594928,-0.03324621498113704,0.0576137053760846,0.018503201469651207,0.05253239549918471,0.00026658739689771395,0.014865344951426407,0.011665037007863057,0.0229677522084683,0.03763939767463868,-0.009370497534292178,0.037447442299586804,-0.016168357303013116,-0.009669814775011457,-0.02473992754969965,0.020699486565951275,0.005073475272378359,0.053450029935932605,0.0028903583867212717,-0.008222533792287693,-0.02101093252236751,-0.026116328115363182,-0.004987148643453777,-0.00304239478636541,0.015717378990152527,-0.004281064843708552,-0.007364429746718816,0.0019532712311851916,-0.010996488937119162,0.022156358397261596,0.0010576851057224777,-0.018137675155053743,0.0029634599391112223,0.00949735983691768,0.0023589381477882596,0.008275542093936512,-0.0013815469008605457,-0.022184041668186088,0.00735386368476062,-0.01595459079242685,0.0049491725089785225,0.01723886327016202,0.006100033493455403,0.011992368263151804,0.01892223693140793,0.02462756876031155,0.024711977028258385,-0.012302647391106368,-0.0354290449664351,-0.004853285632198881,0.024422898920309723,-0.003904579664391571,0.0022412798128114537,0.04165029496154464,0.002578527460110277,-0.027083318657320752,-0.015028512676367256,-0.005794808427664345,0.00860688463868399,0.008282786068214785,0.01253524559907538,-0.015620753375902352,-0.00968887357375217,-0.022932208117530006,-0.01621476631139974,0.008305476782859653,-0.001893645705546339,-0.017590904250618364,0.013220999939322837,-0.0036121038486345643,-0.015598555538039823,-0.009985347811986048,0.02757267356131451,0.004765338077679739,0.015872237976073605,0.015204682807827703,0.017649375470896584,0.014010156325541563,0.015502567052938183,-0.02284152755042525,0.005731883363210239,-0.02600085516107223,0.024615884040847174,0.039314553900578524,0.035292302675097906,-0.01097692481383366,0.06502530295527448,-0.03823357050729875,-0.10766464214897911,-0.03446915581003158,-0.014040919031025442,-0.05367310043669848,0.017852572125449166,0.010452748029974456,-0.0012180074621567212,-0.0014064219519636652,0.011037900627193073,-0.007565881651988644,0.17536453527766035,0.0174545621929981,-0.03999875792190776,-0.02072894441373233,-0.05271955506072367,-0.06988575794234259,-0.04655214719069986,-0.07878970525298111,0.1331565675006313,-0.19245959111347596,0.15963199667955327,-0.02008987219365099,sport
6,0.007289094437956311,0.4606324358490684,-0.14738476027313258,0.0802288993037634,0.0013602782737685156,0.004236906664838116,0.052095452713786086,-0.022863437283135914,-0.026137331357611746,0.0053584111046258345,0.04510453051082941,-0.03822552999596692,0.05852185529790971,0.03821905323574606,-0.0379152437732532,-0.06332245180799671,0.011436959704048993,0.014913458370564722,0.07115787327623804,0.07899699304916444,0.06597568907440665,0.02418429321892836,-0.04660147328982376,-0.013039678116048664,-0.07867034052916108,-0.14265386449902168,-0.053737661819370494,-0.014253529472790377,0.08012745541340643,-0.007077760177162671,-0.06888692699316482,0.045322811258041655,-0.05136610374775637,-0.015811378299831924,-0.033036552288005144,-0.006449863168924897,0.0619746183773691,0.03349051225128137,0.06210233776192643,-0.020074293407563594,-0.1281979459730272,0.06937079926451732,-0.007663590871587696,0.03577569400267436,-0.02974719222343532,-0.014987373249295286,0.011344713549519133,-0.030991114425426212,-0.07075684647307895,0.054856529858335695,-0.012274462970002396,0.016363619955117318,0.026973477629094945,0.00726534636346584,0.029043252413599892,-0.004258083173003312,0.027561852834091308,-0.03382710499619301,0.051881839917156544,-0.008473189339299974,0.027584578850919715,0.0558477199299693,0.04596680074178786,-0.029167219283702698,0.015069938294128503,-0.029311354349118374,0.016495575068157367,-0.018131601090208668,-0.02389162685781165,-0.05611606307989971,-0.009638474757198683,-0.002121995617941731,-0.029253895547405318,-0.039544797205571025,-0.0372927796090667,-0.018577430432441377,0.0036887421205650736,0.12303577974625923,-0.028785638388975358,0.06818760167015084,0.11093662607047496,-0.04213226776689625,0.047806016748143575,0.006777871624257564,-0.12062949726961911,0.03868293391786112,0.08769432718426957,-0.11967342129485982,-0.05314656271889251,0.04397616097339313,-0.08952770351219345,0.21513701214480907,-0.11521797463040319,0.01920948534637672,0.08578057897759776,-0.017349306335536604,0.12823715595611554,0.1043665242521346,-0.03469291567296458,0.044531950943720554,-0.02936817889584851,-0.14528888338776336,-0.020060390676518373,-0.013803359722679447,0.05610145604570629,0.08611296078287764,-0.09624563136532689,-0.12599092790412053,0.029092854570728462,0.08212113022111046,-0.12834027386195904,0.2528267559555656,-0.05652645233782749,-0.004957489925927856,-0.09963479448300193,0.006974572902204323,0.00449560103866338,0.013128767268397302,0.07300398794342602,-0.021651170906871627,0.056105026980405176,0.03338668857424405,-0.10861372698569051,0.04953929722960389,0.08042051625259737,-0.024435495125579198,-0.04703831687893939,-0.028277902961842374,0.04140088009438883,-0.07630088698882412,-0.027253083389970637,0.09482374786965127,0.03786237612122635,0.028358166704434848,0.02477484308917115,0.053060493924396296,-0.0792366510946957,-0.014888326900678714,0.03609747013295796,0.12035479934527324,0.01726079894047329,-0.08093181402468036,0.10047773652869453,-0.12866022254606443,0.027079090728879145,-0.10639632845523295,-0.08775138070461677,0.0656534961121432,0.031993898728332526,-0.17894356390927657,-0.023179647118605106,-0.0241115693061514,-0.03861940447359682,-0.045583221305879676,0.09181343401482023,-0.005716858129515912,0.005087344261458092,-0.039164323538545195,-0.03669179107191869,-0.0007934257375081978,sport
7,0.06708394835056565,0.5996722751025996,-0.20832464971096853,0.10254467426932243,-0.07008022816297034,0.05598719540366389,0.050941917628275296,0.01792023721189912,-0.005810189665878769,-0.030807077597851965,0.02561046635174671,-0.03580638904367651,0.006896185271228007,-0.04325019246573395,-0.0001098348143054238,0.025865601926396604,-0.06607677174103661,-0.01876952577319168,-0.025418297682921913,-0.004603895761451517,-0.07127068385690101,-0.04453720494227983,0.024839441029588395,-0.009434423707296913,0.03917149332274981,0.11202572987907686,0.03974979317361846,-0.0458578772941232,-0.08930886616718219,-0.007023741554024101,-0.011359035838142122,0.04604356232582788,0.02137435831931458,0.021266824674419267,0.00015251572998297713,-0.047041040568302064,-0.023023051616281768,0.07062421727650935,-0.007939030491172533,-0.06052776498556672,0.07423874269539898,-0.024618161532475324,0.03708118366092146,-0.03298075158589898,0.07880914660965321,0.044383826887628285,0.006038135885720355,0.09532465358384817,0.14462275769532373,-0.009979086078399842,-0.03362466865229491,-0.020364020712758238,-0.09597134697915523,-0.09468596761054468,-0.0004469126328040275,-0.06470417242035459,0.029712483200636887,0.08157143348197096,-0.05721328251634493,-0.007440471894611083,-0.0035537212378006357,0.06740904110147285,0.027058207241717553,0.023506483411753983,-0.08399246119322541,0.0413626651259164,0.01669678714120041,0.031287045582147406,-0.03660819786972448,-0.024220941105127153,0.005330926395668245,-0.019722834823668486,0.04953745481389573,-0.004232748677146517,0.0710038567992025,0.005159816260496509,0.012747554223485596,0.010694694384133436,0.004884135527465798,-0.0042754655074831735,-0.0043001381190293135,0.020318524269500777,-0.021073113614262867,0.01617887102267709,0.015410041873170245,-0.013299140980753582,0.014854519038083248,0.027235820926071772,0.013664091924647783,-0.010435494613977,-0.03239019658006904,0.02046472092728698,-0.001596337019871406,0.018538606929998917,0.013835971820558256,-0.040191577457681434,-0.029108379587894587,-0.01203453055119755,0.0028146480339354837,0.03022983002659247,0.01826206731835715,-0.0056313174623043,-0.06058894568017448,-0.002742233362554077,0.07432425058901102,-0.033892424616322595,0.012258067988192792,-0.02389565633031732,-0.05691442578733197,0.012416507736439424,0.03356413784548828,-0.027123131034171438,-0.0013458309694510233,-0.008146190303516569,-0.01434202918432925,0.007762088264356879,0.010677682266406372,0.024399982690651408,-0.015151697939676564,-0.06448489279141778,0.015635612087001777,-0.06986159289145255,0.05112987459089114,-0.002820097054103808,-0.04600867168129247,0.014532533549218367,0.08041222891936603,-0.005187276223030329,-0.02334833630928364,-0.009052540276129803,0.042955847390867254,-0.0043300030006290175,-0.007032590615502121,-0.02480058917759649,-0.05761111095765035,-0.06284469082372582,0.03446424921939771,0.14775472066071127,0.03113492375247579,-0.0414608411592763,0.06974162101551971,0.03773781239435072,0.06433939905756755,0.15183248070925837,-0.06853312745512749,-0.009547828108678321,0.014629585814918081,-0.0005680823520426038,0.0029289020417643343,-0.16330236033064652,-0.05432993403667956,0.013683642881492625,0.030303632588824583,-0.15137202648545073,-0.04891592780046993,-0.08790297876406442,0.06118431828711055,-0.06974358939277671,0.03655881733898463,-0.059809042853533015,sport
8,0.11999454836808583,0.5547685187397441,-0.2288880262507642,0.12253405788773035,-0.07958367659219161,0.07658192356728893,0.06593894498547193,0.03411282871968268,0.020755497806762887,0.012242350950520984,-0.016363360405538725,-0.062300307310401704,0.05416080457910308,-0.024065490727816965,0.10997336586902445,0.08217988730019166,-0.0433703662682558,-0.022919467486025673,-0.10376387533748248,-0.1071508393488303,-0.06636460670110185,0.016904795102795682,0.023036173413884087,0.002796311980380936,0.11396303050963938,0.16775599365393845,0.10892242862908832,0.07946233568334429,0.07133570107378227,-0.05695804069931749,0.10107519355661652,-0.12990243957471054,0.09065941495645616,-0.00484620849005679,0.0747389421144609,0.01610052222168868,-0.022485975199259118,-0.027442699309864396,-0.14077510210049143,0.008861956868356126,0.09066503230792695,-0.09532288215148788,0.07119509277439337,0.03423108414918078,0.07751707327204256,0.017378692879491606,-0.014484743724281466,0.02430025782319411,-0.10857517259392174,0.028752806411597207,0.05887513024689283,-0.00632170429544853,0.049694838701966844,0.09173152969728758,-0.03144281429041909,-0.027338160058826805,-0.06171983891506602,-0.03449014633506282,0.003604221888909532,-0.05595355585842422,-0.002322989955986918,-0.030036199871453836,-0.05061023651507001,-0.004557576952230979,0.041426883475368576,-0.019849394365173426,0.0007684702399220403,-0.015598774711252723,0.040297087667864155,0.02707940060595529,0.02482691965533335,-0.02154576094279953,0.00155103533997491,-0.020759210544979343,-0.00646226377706428,-0.02922303496493863,0.001506119394376309,0.017618840992948637,0.01749582503829895,-0.0324926106504397,-0.0008643606650342306,0.015142588846046488,0.03626623632653088,-0.015929342232394096,-0.020254626812364944,-0.06958515427939939,-0.004209286395979696,0.027057243726252043,-0.01307502764831209,0.016661383568480546,-0.042217287166237405,0.0095894662919826,-0.0326517860946738,-0.007327197487768341,0.01969026683887945,-0.05832074284222024,0.00530443549841757,0.017769213521225798,-0.02665132067576364,-0.0289497342683519,0.0516808823049382,-0.04570592502942881,0.038633265780061564,0.029606967978397822,-0.0005862385903193763,-0.044680678992257535,-0.029820884821046334,0.01542020590281683,0.055147464146887634,-0.09031820788444223,-0.020482106778699893,-0.004163101992474194,-0.03824828064046417,-0.003433487317921702,0.05135424686212832,0.061148289505916505,-0.013232942996504897,-0.034250014940205895,0.0480700307632492,0.021634238451810114,-0.04728573600940566,0.032349328659394695,0.04796766437383054,-0.04223982007655479,-0.05272644677124292,-0.014776762510950923,0.039757367415460945,0.04147664652215166,0.009080697275602312,-0.010252929826287054,0.01620103525800025,0.02017267232247659,0.02482613628081997,0.019129815098854606,-0.03680003452501636,0.04786731877111316,-0.04219883241266947,-0.0902783037971112,0.021794025121285223,0.06074139734053934,0.009628345029731856,0.002215422694131382,-0.002029409613474548,-0.08534770606040863,-0.014083590456240446,0.021401652303275117,0.021424607021130394,-0.019487957408200487,0.0143994711398469,0.02526976736093907,-0.022261365013567198,-0.0011646568141145818,-0.00897864379242082,-0.010252187012161877,0.01469086269820421,0.04440858968195305,0.0029278003935121035,-0.009292183977928001,-0.0028474350910370656,-0.027899823833804852,sport
9,-0.19494949341538376,-0.01918541087013251,-0.08300069961099489,0.014132403460416507,0.025542500204130816,-0.007537732593774206,-0.010252472340165462,0.15001759787207303,0.005924509778050372,-0.07285878925394006,-0.0039954245026557105,-0.005764131259030234,0.032904366120460715,-0.006542039875087152,0.011796135812991567,-0.01631709250698214,-0.021990471983477904,0.004444377886589377,0.016991619595236096,0.03793326031958906,0.041957420854035456,0.014717971801700125,-0.014193481495667251,0.04812700787951233,0.0034834361282662404,-0.016946997016868814,-0.02417872905219394,0.05206001855131795,0.007914127615589463,0.0291514884101326,-0.038770123114016806,-0.05507862701432141,0.016414076358030806,-0.03175150480482313,0.009759199112156959,-0.014672356457093454,0.02223618445785575,-0.11417749210557708,-0.16968206263834526,0.03163186445700626,-0.013039848475183692,0.04972727658641997,-0.020951730700022812,-0.09874524995032394,0.1471775367030397,-0.007045586447750508,-0.2299259259703265,0.026602481282555716,0.15124882225561806,0.3935566819666544,-0.21155826517107396,-0.02519077564911313,-0.11957538972126823,-0.14203340653991683,0.07090152962115825,0.10465125509038298,-0.08474423707152094,-0.07113073679659339,-0.0419534096943404,-0.05251643639395485,0.10658672720880957,-0.09840768332694118,0.02255458743300728,-0.06725048690191426,-0.006862292284297528,0.03844520968476477,0.05335407481647289,0.08450207373211936,-0.08674612508262934,-0.15638861644598828,0.08722378433338614,0.2385495142833115,0.09113140106388579,-0.08099879315589545,-0.023616484879124766,0.02717233155424176,0.055934855734952806,0.08978401032648993,0.1279496522505464,-0.18913349184947006,0.045286640367349286,0.014380070810437878,0.06808149682291406,0.04829388656317981,-0.12782039055490943,0.1640855806557966,-0.19003523588285628,-0.07901033389125547,-0.025739475190093522,-0.08646173625483185,0.03782512142351913,-0.04639797612942433,0.11148949504202438,-0.01891733624992639,-0.02912584687277965,-0.006698759933686038,-0.058852970177729065,-0.026107949400309687,0.0454922269223757,0.007338813135241157,-0.0022321412697325566,-0.024696938968392215,0.04397220918198642,0.027546670272082966,0.08670498083867197,0.07395102994121859,-0.08603259020247524,0.05670416953474517,-0.013292786057156829,-0.03726532781538279,-0.03355991803509455,-0.04544082329237794,0.052200143981412206,0.08083401507523397,-0.015317349893965257,-0.026227765494646012,-0.021753072067692964,-0.017386998332220464,0.06335322065071951,-0.004527365318464782,-0.0033407224353509514,-0.009663158407200364,-0.014083735075409692,-0.056923049146128564,0.04292761826172228,0.05290099575616623,0.020743211157319207,0.005567783949945927,-0.01529593711784843,0.04519708238453055,-0.04219806536277197,0.027561066303424916,-0.03790143875615903,-0.060299742243759,-0.02558695042426222,0.02064718143905057,-0.02585794466998769,-0.021221288951763718,0.0803531870354561,0.03618071956767105,0.025969226934044493,-0.04087130502766838,-0.003499666422960788,0.013066978259172924,0.0059984042986805245,0.03483446328313817,0.018686718334776906,-0.02562829501028415,0.04451653614447323,0.0034378955598831007,0.027100543701692924,0.01289076792468918,0.034596622455867865,-0.020536851422769085,0.07834401307993831,0.023297725818703104,-0.021275284943299732,0.046525732814764346,-0.0013185911722154587,0.10476369816273196,sport
10,-0.08312090590809294,-0.03363360221530597,-0.010189179196081533,-0.03711606577594356,0.003361926545323856,0.012759691799499533,-0.0747899337863659,0.11207287005705283,0.004489810742615674,-0.02087004585560761,-0.034232143257918325,-0.10674376034076928,0.12932362857738813,0.10331334019585948,-0.19112235499247024,0.27851193122786155,0.12523280633789857,0.0003204463034165672,0.015044766994995564,-0.02174354699814231,0.014582786037426613,0.01992791442172425,0.020366342443632654,0.008849860225309958,-0.01797191932906617,-0.11156532863089451,-0.07346485963428183,0.10746515071969798,-0.02189363257626448,0.021079637288850803,0.22239667603439367,-0.1734276991256685,0.010137729346920801,0.16333501050664062,0.001015790521894487,0.15075543674672978,-0.02651757192219343,0.03266392220704681,0.3860547652079433,-0.22403536888842884,0.1294191317012363,-0.06655254792221071,-0.0726185742827616,-0.07410069596734446,0.17384764999528005,0.01543639948781643,-0.009429559177031643,0.038568950985871486,-0.053925250389818394,0.05382957293488388,-0.09167344807945993,-0.04136678385649216,0.0007830757240627086,-0.044647705938565665,0.0056960478927589936,0.024614578819087622,-0.07272898882054386,-0.07154855681519584,0.023953126530495795,-0.006373949745328536,-0.01376135069355042,0.03261786176042418,0.0005224296243782931,-0.007480222764036991,6.959980285411253e-05,-0.003769114051576068,-0.018471208538467416,0.011461131395477697,-0.02690061424271758,0.004304774671106941,0.04561080134682584,0.010042660648495612,0.021655548391044506,-0.029629035100942815,-0.01727897616667872,-0.0669652287900842,-0.021950598455571003,-0.010420621945759956,0.007296612490093675,-0.029920994019192928,-0.04639416880186685,-0.0219500029403266,-0.0247391319017026,-0.012948275736756429,0.06898513508452465,-0.026598017215496816,0.09840178317577376,-0.005874895239402322,0.029755638352235672,-0.015565513201245842,-0.024371196513519353,-0.0037510137315232856,-0.00973159053344129,0.05828525475284406,-0.04507186835324464,0.0401741980808494,0.10145923815146783,0.11086691088227602,-0.047026571609380986,0.042329541590219386,-0.08711949830679357,-0.009911018463825385,0.07143032205004142,-0.01111051810226402,-0.026623642323767367,0.03193281123026908,0.01498686433831637,-0.019516232059924633,0.008386981975101442,0.027027994084883756,0.007326310211950455,-0.06079973522852761,-0.05210925229788911,-0.014448814401926538,0.005822461985437249,0.04137237862858236,0.02270260849683948,0.005141581317167276,-0.043501933740830834,0.01769966466595791,-0.005954054805131336,-0.011741782400152438,0.061850090787289466,-0.07094495171736084,0.0878170728954799,0.1416423952540693,0.024668981599982362,0.21199876615385221,0.2837805307928412,-0.07497584163981201,-0.16314964838213103,-0.07804848703628607,0.07812829316299517,0.03943324182823414,0.03068996139743348,-0.011052488062082201,-0.01983008961374171,0.08100957401345056,0.07644109351338937,-0.05752730314705385,0.004688975330600744,0.024873890725630864,0.011906793607977148,-0.013748045083182007,-0.007442313172366828,0.04261221058552378,-0.012388041182563305,0.005061781604345758,-0.008135646223639595,0.008770625365066552,0.009073585283645998,0.005442496340420284,0.027947859622416284,-0.012397341954593891,0.008307217651794143,0.004847534805264541,-0.024757162797694198,0.026029121149503762,0.02788150829172311,0.014114837260348734,sport
11,-0.13053971403345457,-0.001792083862944762,0.010221398751656651,-0.234190302590433,0.6652551801793847,0.5195777273238379,0.11596913139962088,-0.055101382794437714,0.01736727199355625,0.01788365757758248,0.03075403927696158,0.0004452512994428319,-0.0028715289957815925,-0.01469763656641764,0.018402506316420084,0.012976416044951065,-0.0029191899980762397,0.015575602950830335,-0.008692945229664488,-0.01779110709602118,-0.009589889564050857,-0.001784937824032312,-0.003218163103659445,0.0033713684112062505,0.010430472568764178,0.026596797529368717,0.004626240383777056,-0.01571628398241671,0.00331974022754034,0.00361595948460511,-0.0077539338682003165,0.020856726600055088,0.00915216110734921,-0.013075247384207771,0.0026706577083689138,0.00018608338864138462,0.006936550602631248,0.016784149368526256,-0.00024058670782268977,0.006495450289203436,0.004143929090752285,0.000644019849263091,0.004318281289282388,-0.009492075269189652,0.010946822551761713,0.010535796095434851,0.008594661918100375,0.0014347566609204396,-0.016336441088766824,-0.004592782673971265,0.005015622326735407,0.000826273312542172,-0.0032504941060295606,-0.011695510464102974,0.0006706019794028869,-0.004112304407016731,-0.006199819498621315,-0.005449072184441264,-0.0026952972387127615,-0.005277315561230318,-0.008426329310022958,-0.006854833089939351,0.005572476887682324,-0.004518058551388294,0.002086562373757131,0.00607008726411548,-3.617709087626588e-07,-0.0023140178757452465,-0.002499639846257548,-0.008186188653967263,0.006952481330696504,0.005013573880397691,0.007295701333950166,-0.0005738206676999898,0.002938829462283904,-0.002567829992402232,0.00018537966946538883,-0.004938634024425757,0.011713338649880237,0.011061665040956632,-0.006569811485313684,0.002640724904534227,0.0023565914002081894,0.00029278867923209753,-0.0006024725727277199,-0.0016820007842067634,-0.005149532656873124,0.0010070203196830554,-0.006527271617884707,-0.0014808111862323926,-0.003547818443813978,0.0027673398893923247,-0.001043368264623788,0.004521725419014186,-0.004364514072623317,-0.003406747091489992,0.0010303968090820963,0.017200295521627794,0.009964731379379418,0.008624146480558339,-0.0006294894859643961,0.0001320755242720614,0.008360624811821133,-0.003062028526646247,-0.004200747660629639,-0.012142607146804818,0.004114307763173761,-0.00861549586614623,-0.000669232525762699,-0.0012990274647217601,0.004187981583469202,-0.01050073324223126,-0.013616259247880865,0.0022008695048189404,-0.0047795245230308845,-0.0015573326461552493,0.00285622247484245,-0.004977998799071659,0.003404815964661568,0.00767082367116087,-0.0021850647413144924,0.004419524506329245,0.0025212483105496205,-0.007878081035552691,-0.0016037250556992708,-0.0018054586542567404,0.0013053179480640633,-0.009169351506453597,-0.013201092753680423,-0.008702143113779048,0.03600377596099631,0.009868579542335523,0.0011017607423250823,0.0037326539954281113,-0.0026180490988035672,-0.010071274082848698,-0.018210874761837238,0.012881411406170298,0.01992045784902129,0.012236646337126927,-0.003987952335694974,-0.006148023097122161,0.009727952596374217,0.008799070867248232,0.002438822078996463,-0.004744835013864116,0.020367606497961457,-0.008003495748195354,-0.010513743486497302,-0.0022992574937927895,-0.010174804879731535,0.010994019522323303,-0.005257612351475334,0.005240724477496015,-0.022535821491430102,0.0021792369655175303,-0.0242482248252231,-0.01279641603673252,0.015042967048221367,-0.00946428368741942,sport
12,-0.17545779496089967,-0.047087345884856614,-0.059711244162291593,-0.003472164680608691,-0.015555101645002825,0.0013198873760498582,-0.14697697625957537,0.18260712090326864,-0.02964357941920258,0.3470595539718349,0.10364036264499005,-0.007955427149801632,-0.025836345807897947,-0.018716476721216766,0.028160109782064024,-0.04529473898861001,-0.022078379633822972,-0.009190186759501603,0.021295221404113884,0.09802986814643386,0.12293130970583986,0.06343037745769528,-0.22457525056743735,0.69099710026096,-0.0005074150434460845,0.1479475226790956,0.053529978726162046,-0.041204276347696134,-0.014161087412655588,-0.017253408727873124,-0.008335183987873305,0.023696793370418218,-0.004763696209627883,-0.015068520812200316,0.0023889992149700714,0.01973394847523652,0.010910040657515193,0.05563379352633015,0.038844177676310716,-0.0009644597692872874,0.0032042216913647763,0.0038377383263960524,0.007960211765501993,0.008996834812931856,-0.03863539884965817,0.004810903423198511,0.03938748928532648,0.008248456647672358,-0.025837024911211398,-0.05801343505271962,-0.0021699476915159107,0.01590156443547481,0.021993365057514723,-0.004230464831373452,-0.009176207791007415,-0.006203272904877643,0.008968388368309693,0.014096712764409507,-0.000678681988638136,0.004811099998727668,-0.00869038926973577,0.018241655712182427,0.006793801358361473,0.024276384813577724,0.004364082143840664,-0.0133724640389051,-0.012932036285064648,0.006844669606700487,-0.004209299782124137,0.0068799602522868555,-0.0014028123595319184,-0.013833077924223069,-0.006570914493194458,0.010343662628603707,-0.029298966628405025,-0.00021314855199659405,-0.021715100697495417,-0.0032996548405125614,0.023715693315932374,-0.0017647911111021983,0.0030594082078026314,-0.02207824917525341,-0.005092405838974297,0.0074713982776611065,-0.01584426072283541,0.0019279955091730222,0.013752232282472366,0.004758663082624871,-0.015342212746472975,-0.010255043636161814,-0.019844938028694595,-0.0125328143171467,0.00434278347914696,0.00444673220937402,-0.010137170212654102,-0.011531659085786027,0.011856620084113619,0.035306892364728996,0.002094332252874355,0.027932494634812614,-0.027547031717979956,-0.03801692753376856,0.022585888096028003,0.015559518192086758,0.022501515050587548,0.03284419984441323,-0.003437222203252147,0.020395053212512677,-0.004038380702038513,0.00030016804940040745,0.01087668291011224,-0.02467427577935103,0.009039523494400795,0.024968249190029018,0.01065780824675255,-0.003828181666270723,-0.013949645820521474,-0.006303159381448088,0.017366694198976566,-0.0072589688117645195,0.004999161480834859,-0.01685131947993706,0.011493236249512047,-0.00813528327485492,-0.005123405090081582,0.021555601394253776,0.004793089297363497,0.004324364399402153,-0.023042260744187748,0.013992611638682304,-0.014801065207241282,-0.021099109578725867,0.01385103329622156,0.005503492990390353,-0.004162643182899812,-0.007866508043488037,-0.004247031505239672,0.004266223895911012,-0.002405645466486918,0.0038113545696925374,-0.013981478559609227,0.0047864251719898585,0.0006788859694591154,0.004344976093822135,0.0008695361418180725,0.004162315702947453,0.008643578117051734,-0.02146380355300702,0.005231980232957009,-0.0016764687497821877,-0.007759873411146931,0.013488843369683232,-0.006879868425783217,-0.008617776696943833,-0.029421442223836827,0.002573319092475142,-0.014186866614858778,-0.024230580328475426,-0.0025114432986456667,0.005680853672359665,sport
13,-0.38641451325719983,-0.16441384804791043,-0.21782820927932994,0.0642991064835048,-0.15749819879364854,0.06122619406197269,-0.06447385109862036,-0.021126299343823336,-0.033686743996948154,0.38354046596166574,0.12041991200015832,-0.0012950003480395038,-0.057448562399533463,-0.08344893872994162,0.04994984003428281,-0.060245332015199625,-0.051362485394638176,0.003660730222353588,-0.04173845708855792,-0.08606611557468288,-0.08306142125465994,-0.0005870150959455101,0.07618009661483738,-0.22457376729127457,0.0791398370079272,0.0500169614522877,0.07300955928399151,-0.010346787456272826,0.04072939257395427,-0.03688506078282243,-0.09707398978388213,0.08409316747929375,0.017391742476156206,-0.2451103819892064,-0.10204111253932495,-0.004637661543962081,0.06866847061167874,-0.2359368796341324,0.13303572638256234,-0.13480099156160144,0.030153784601478672,-0.026781754201878685,-0.04591224260877793,-0.03308874979606745,0.06119011298570331,0.006741548113507327,-0.02013635856111302,0.016927913394681603,0.010369740066549733,0.044052034942749944,-0.03149151868320385,-0.005121404039973279,-0.011808652176303587,-0.007368500102676176,-0.0016053951602554946,0.022472737329497984,0.002628415485152129,-0.03528597790755924,0.025983060844703285,0.024523541974905496,0.004060201246748276,-0.00847568814650346,-0.0012736489441205125,0.0030481573109001534,0.012375108987703368,0.004095353434706734,0.00541165453817192,0.010469485198252965,0.003344405984959143,0.006118223642740673,-0.007196328377302094,-0.011249256474188344,0.007274766836607224,-0.009249742146729825,-0.002200402259460493,-0.0276865895243525,0.027178596497038025,0.002803121129343905,-0.02118701182565862,0.023064976083540255,0.0006705655850503194,-0.030138883405746796,0.0068085397708891075,-0.024151004157988168,0.028668826513491053,-0.03819740664172734,0.04770139103000468,0.022171750592647588,-0.012810744268752651,0.012752137931511346,-0.011162191048895419,0.0037191031483625597,-0.021282804586629595,-0.008174536680269373,0.025514070922909204,0.008028238106350304,-0.012667084345936183,-0.04483967198365033,0.023803687288240047,-0.03435969123526801,0.011940933769103006,0.00269611070078931,-0.04311092613296903,0.0038320626430456053,0.05359526588289698,0.03859903581559252,-0.020017693156867196,0.042607920393361136,-0.005434312289479956,-0.018618177022153345,-0.020802170180160916,0.010131997556158538,0.04790744050898225,0.031087628405902127,0.012537768518058769,-0.0036544878788169,-0.0038054245737059907,-0.02021567703816974,-0.012106445855463777,0.0009127346037241323,0.007368046473361505,-0.004135125487387931,0.011351294168361373,-0.002957837557167477,-0.0029311323789314603,0.006824036056259441,0.010917380789019115,-0.0026358101198157924,0.0022999063852709406,0.0355109496525148,-0.014944514091377693,-0.024301359162689367,0.0051922736058394965,0.0052238546766541025,-0.004765552960295401,-0.031061075740828094,-0.02950846915999362,-0.002312693874233662,-0.013401938907353531,0.017889976570100906,-0.02752276936639937,0.019999889717088697,0.06379466829203742,-0.018808469120370763,-0.008551808896624505,0.01970891278781467,-0.011936566917122965,0.04529863388338161,0.01891526642894733,0.028928521544749827,-0.06410324903788532,-0.030945639058111984,-0.055730507541080415,0.014326200876166999,-0.05435712914105199,-0.043223004716129415,0.020106130589337457,-0.022841510536512195,-0.013543471005619038,-0.048830834151296694,sport
14,-0.09214573724067546,0.03583837661463618,0.01969685671547119,-0.2079164229526332,0.5889613406885978,0.4470153219791033,0.0873030856741023,-0.03718660383617965,0.006115604496560391,0.01821209296112526,0.019057632492895424,0.008649844834630032,-0.007921566037768404,-0.025920419141984126,0.003591834509259682,-0.0040865192883730575,-0.010158449222546046,-0.007829023604023147,0.016849232321994173,0.011491962399826219,-0.004034648635920668,0.0022220535894675727,-0.001214460258184815,-0.0039304720508138,0.010411810705152173,-0.0013820426718815933,0.001441729174471012,0.00018507163482540427,0.017674293350917192,0.000501414362097383,-0.018796731159456993,-0.0055986159986921216,0.007242740068502415,-0.003929523078253255,-0.011087428656898107,0.00980804025768224,0.002956176331850354,0.009939212988351298,0.02988473346204432,-0.005191186939517489,-0.01989620887178056,-0.012766253874306218,0.0062510376593439484,0.0147538641027532,-0.015220959411552638,-0.003461403749900351,0.00962067222136226,-0.0052782558093333745,-0.024303204073628158,0.010539853599801415,0.010123436157328466,-0.012053624954705092,0.0025794909500107977,0.016553895178437788,0.00136365730756849,0.012359980362385142,-0.015004196161320342,-0.007660258494219398,0.02140120152931131,-0.011623890916025932,0.00781978232778288,0.009544785938619845,0.003665074190473763,0.00016685599455836854,0.00818265818494639,-0.0011483196479135241,-0.006507250378453805,-0.01868589231454192,-0.0058101606173552,0.005904822614729167,-0.015026418300865608,0.012564153451787552,-0.0018800061094866284,0.0018633164041576367,-0.0002974345018784995,-0.0015202823177135746,0.004457601588835887,0.01597062980479815,0.010616617370076077,-0.013406655120056095,-0.002396237165276686,0.00200748779181784,0.009821111963257146,-0.006160780540817955,-0.008661986388680893,-0.021696527356365007,0.0017037863930560514,0.004610288700522905,-0.007025917474902144,0.01819371647989615,-0.003058677553653259,0.006262096315521541,-0.030209722526037642,-0.003022257767469647,0.023317308577867076,0.002978388043543735,-0.0142303112784218,-0.007555535098669641,-0.004544425904740731,-0.016399139015526792,0.02398239615234811,-0.011262009480619138,0.001555345304729638,0.008400976608597972,0.021018342913367856,-0.007181780367324147,-0.021771784232652296,0.02295176080715962,0.0032294510910653804,0.0014653014144985202,0.012422672713319241,0.023373285799957167,0.0025577274842033064,-0.002683697645519392,-0.0005110406630690262,-0.011015258918630493,-0.003735075772102088,0.0029206640109224477,0.0006480692291827361,-0.01390703829938789,0.002528098623811147,0.00939898077329193,0.02003351442970776,-0.034450685506944086,0.012653876137826741,0.04281595091043304,0.03934095777368912,-0.023138350193145214,-0.0009586686380176757,0.026283699987824222,-0.042935677931711554,0.008279934705409497,-0.03766687111520881,-0.018810036387523814,-0.005587261717252285,0.018117469942068955,0.001565200690732456,-0.0025459332893395755,0.07818488365988993,0.05031370002020173,0.02434724181720533,-0.004111598544531945,-0.02850058895627649,-0.023659740291823918,-0.031033594728398756,-0.026188474334374573,0.007346511343362204,-0.09788955872298849,0.02133320132765687,-0.04911365921331542,0.17570636561006328,-0.010490426194941308,0.24938702800414173,0.22301657810672135,0.055626326655106834,-0.16493252282154655,0.2886047427095044,-0.04130010344187981,0.07261054000636387,-0.06315410987565805,sport
15,-0.1777335373132482,-0.059594010637704524,-0.06383814920632389,-0.007172044966402609,0.006923570797649736,4.4227637935693374e-05,-0.05603835513598707,0.15227659924276662,-0.0027096057249554697,-0.05213524553201938,-0.014301920524160319,-0.10997311203344257,0.1475809043716978,0.11104933798800407,-0.2244740649905992,0.31335143298660345,0.14159702756816192,-0.0005975312520782262,0.01892269941271764,-0.02104602942110282,-0.010615301776307455,-0.0018420388483916942,0.01702329988479606,0.012579471783333985,-0.02359208563986208,-0.07519573126795173,-0.044957491720860686,0.04889528952907119,-0.03707647524519146,0.04641325953430001,0.12857797600041346,-0.0854175306281375,0.019973166682339418,0.09043677714976552,0.01387721470266118,0.10589370462476762,-0.011467146926440812,0.04029292641548336,0.24511851496502313,-0.13746040137016446,0.10081752681983025,-0.098286196251018,-0.04633276978995207,-0.12009029689383587,0.14074588351712145,0.027324837053312893,0.0149475091912018,0.05289730082905912,-0.10824523515152933,-0.026960813656944277,-0.16292101784505827,0.013668734970147183,-0.035976496161860654,-0.14324185639558235,-0.012991334034217056,0.060333690411179586,-0.11962354747824812,-0.04724025595199955,0.0313461185259329,-0.009618234178975034,0.03849147706880066,0.015756726080050916,0.01115471864773772,-0.02683929308738706,0.0546586213865118,0.05708141970703313,0.0458190548993243,0.062106827191325424,0.05521176066013464,0.009615613552802238,-0.019350524154359793,0.08460633106088909,0.018106256507981592,-0.08738559172788132,0.05074506091939913,-0.07046313349419775,0.06277499033277895,-0.015526462962991986,-0.05528715785770015,-0.031301216274325125,0.051189257607987745,-0.02221526909155702,-0.014768803411778966,-0.0235348478722725,0.07794482486372997,-0.052492738858312134,0.13831124491932342,-0.015243047841265187,0.002497734450626561,0.014292829517612375,-0.021294492474870613,-0.00797666694283804,-0.02936957505718374,0.006352912096725923,-0.05402336326422567,0.015971368296276815,0.04865225869411344,0.10801866123272506,-0.05442071722629557,0.007658776617756648,-0.033891449942550035,0.03195002685912922,0.05093421892876846,0.020403790644776286,-0.07202167109033146,-0.03802877052767429,0.05411338167408442,-0.03695061714840586,-0.0028941740437555086,-0.01142331004979505,0.06387956114665304,0.0001395267338353911,0.023688376599618238,0.022738914187439854,0.0070864476165606646,-0.00040879268043488807,-0.0033670308643802696,0.002331518079568279,-0.021378015895578455,-0.01616615050969727,0.008965977281810138,-0.010240737120548885,-0.04174636438013615,0.06050198118708471,-0.08911394211193305,-0.11792781287984551,0.008675441596102482,-0.24438477287494312,-0.3425168690818552,0.11556025552276397,0.15550775817978743,0.08530953558329289,-0.08895623047820182,-0.0638220025917445,-0.04861063218845793,0.021122756691093238,0.010584489215845896,-0.09607938719424301,-0.05643449559593116,0.07688378764524437,-0.02229115806589646,-0.009865116395336904,0.008879087343275863,-0.0013040918374342969,0.008528389787171341,-0.027596120309230487,-0.004199343731753081,0.007876210819641297,0.006928840454140095,-0.014955100548418554,0.0014025859082867646,-0.022984406031464143,-0.02094174168412258,0.019011884553024352,0.006700275297968801,-0.003922596869653985,0.0011137429696933057,0.006702453264614098,0.009587139441247823,0.0020891637529342646,sport
16,0.015675674174253418,-0.003985159191568237,0.025980331078186213,-0.04373714867858143,0.0027859107950928344,0.008220837627448565,-0.04976194239382662,-0.008451015062306907,0.0002368231209581006,0.015480650848442747,-0.03276298044027479,0.006156651681094017,-0.008080750636029676,0.02513499978073582,-0.014961427635832414,-5.520789932317616e-05,0.002538461576910418,-0.013523901945913595,-0.015676453784879748,-0.0019499521463439938,0.0028130271013079183,0.003264402454810361,0.05084720053033238,0.008672814498026002,-0.011033384170377216,-0.008292351173281197,0.00044976553224412787,0.0380009052212991,-0.05586116825351283,0.013972270113878981,0.0776888960195852,-0.028728367322774187,0.003255414049350747,0.11318244035519537,0.027718681731262525,0.025363459587789426,0.06208380389166542,-0.1657258854483433,-0.08168509727956691,-0.01241613271744917,0.051275356703623445,-0.01861888292598098,-0.00588394957021844,0.09699418503695542,-0.032917528419092935,-0.031141410674174985,0.07530486986576607,-0.051674347490057664,0.20026742748122894,-0.06940361965887382,0.21181116975211847,0.1917059986936345,0.12299905287115058,-0.1914016884379784,-0.08842443574766042,0.10036685008628529,0.05708486274036208,-0.1000367113853622,0.3610058185230242,-0.09445081797613808,0.4208244740043239,0.14961308773762583,0.10908718384508136,-0.033715065476783455,0.15435203393017882,0.005947562576463186,-0.19794491699461242,0.22146812827529305,-0.20861041350259554,-0.05848460132002171,0.15206543421261692,0.01593991797431848,-0.09305651034353761,0.23901277915991395,0.20714425514377988,0.01514164304668356,-0.06392441230253024,-0.0713005876113971,-0.11371859388616204,-0.05155830713972131,0.027112242214017448,-0.06515433175592664,0.040715417890584235,-0.01698566886982182,-0.032789631284611716,0.007867297947751288,-0.001972335933192989,0.033763637331982975,-0.028820445982718757,0.0696096466527345,-0.01874696681558428,-0.039147607301295476,0.006522146180080738,-0.0028868190929518204,-0.01493194094650818,-0.020201317826934833,0.049774325374699745,-0.017046148139714903,-0.008810006764706897,-0.00856007984910196,0.036922583955173796,-0.004308073377849807,0.013606233192902613,-0.044316065771226695,-0.020015960451615727,0.015712752172478604,0.0031802126124450027,-0.005292141011005413,-0.045000291894715376,-0.006952738005167794,0.0061458229601138855,0.01240296774766622,-0.018363380241416764,-0.004583916410057032,-0.007617750014415929,0.02046913592975963,-0.01659848758809678,0.002629659955548842,0.037115389906867635,0.01420153660855822,-0.011618150017983728,-0.019804440697360818,0.004752280368182224,-0.022304759336717404,0.018533002582543274,0.0029548881071733875,0.011395201975264824,-0.004017108965755696,0.0011845686604335297,-0.004888942872337236,0.0006512830104729454,-0.00550361779814607,-0.014869911454538044,-0.002677224888279883,-0.004372533548301296,-0.0012546729141164673,0.00373264641232109,-0.006447945984525147,-0.0013888720519848923,0.011171862720171682,0.007937565804610372,0.01563298713655569,0.0010821417924536383,0.01209152493689167,-0.0030357756892724127,0.004295527318849162,0.002126295537754569,-0.0013450758842396316,-0.0001717844498249177,0.0001803277665250977,-0.010187414759472931,0.009613531139003227,7.097867703328822e-05,-0.011264756729355885,-0.009435272751708936,0.007706422275404974,0.004512992914419768,0.007975826031907909,-0.0007307788089637154,-0.007312038252707245,sport
17,0.004070403515263842,0.044874911270884534,0.03439512357132032,-0.04846872598392497,-0.016421135246903043,-0.0035773476623277107,-0.08868067815908406,0.009976159921432142,0.03066579104535597,-0.038175175727962946,-0.05956370157748417,0.2802043615203186,-0.30920680099652115,-0.04102197955930702,-0.10509546381492105,0.08179411762662092,0.09285923019621228,-0.033596877755543306,0.03462409892465536,-0.1367403488137155,-0.17237997510316394,-0.11226045906159347,0.034374273231310856,0.1237923049364696,-0.11634680347455456,-0.23137066242158222,0.1044421094079841,0.0974085084473237,0.28074666906219875,-0.0651339462778375,0.023336447017516408,0.10700626578127419,-0.17399504299539625,-0.05523020708960884,0.01329733313334944,0.019209593523160602,-0.0518335205236057,0.020152331481917186,-0.018516362675285027,0.010387056646706616,0.01834158317015612,0.025381272587377206,-0.009354587996285049,0.08823479951180616,0.05900406903000894,0.022211883020081123,-0.038738985263462526,0.029063807322943055,-0.08649488833524584,0.0998729550471342,0.014451329781647943,0.010914490608009659,0.06604958347197876,0.0028165281051385264,0.11419554483587885,-0.04927560745502924,0.017455813818206233,-0.03078743403857283,-0.03680517958773924,-0.02749035759460156,0.09907579276968694,0.010317774215999996,0.0004799317453432309,0.002900311389957994,0.0470103547531238,0.02792759833701476,0.022944556514217278,-0.027468845161564507,-0.0021352229519085056,-0.010782181495134121,-0.01862830088516236,0.01854262113919347,-0.0035477434411353517,-0.010425108497078525,0.015375665450451192,-0.02907338117940995,-0.00938711587492166,-0.025380318661394535,-0.003297642221988827,0.0682005654795994,0.020673126434560814,-0.03263991628851081,0.041676963250932245,-0.05120791179041903,-0.01366724803834359,-0.011206003318449656,-0.04596253412617023,0.008232018329443312,0.014608505567490075,-0.011096050585144698,0.012060574572413009,-0.04540196896118997,0.015721803546522153,0.03286263316799139,-0.012298827593503382,0.0016705798594795372,0.012786909629097154,0.008018150221972897,0.005334878039700391,0.041964471041483355,-0.04097705737615831,-0.04065477261889231,0.02810437204418257,0.026676446228232398,-0.02320478764145263,0.02805693146891684,0.012933685995507135,0.07269752265727186,0.016517490329138188,-0.002574004772282811,-0.06618957078660764,0.04118589269628143,-0.08082562944371866,-0.05750369196139271,-0.0605640304512691,-0.12566956494023498,-0.021918415317452294,-0.09619274208504777,0.0103673152783624,-0.16171591472374638,-0.1798470840439022,-0.03776605264214766,0.2722629271223936,0.01587519792813937,-0.2582657712493073,-0.041200935987194855,0.0676492408731563,-0.003670495431874708,0.003152618489387067,-0.035135628828496225,0.06058398137649578,-0.07877324500936522,-0.06879131496832279,0.10195095155341348,-0.10087437686515584,-0.03962351843819848,-0.03610418966502184,0.06406086717370334,0.008278506626083386,-0.09833805840304842,0.16758268419636188,-0.012443581155542657,0.06393882515516938,-0.02339407208480073,0.038750833819514524,-0.057448915603691315,-0.03279529938079059,0.04938409455203147,-0.017128639395184577,-0.014579150078785862,0.03858660210414609,-0.06633295858826986,-0.0050851611007865114,0.02732121361162289,0.028784643197060884,0.014545529145413022,-0.033331239078109254,-0.012752245380265521,0.0005743783064026851,0.0023943080559896677,sport
18,-0.06163973403231452,0.0017591287404089132,0.003116548871864993,-0.025153641936224016,-0.003607318205606111,0.006770359792036219,-0.05789564285029058,0.06345261237352634,-0.0027688106328118607,0.007086281009815728,-0.019402378727964204,-0.011583252854069755,0.031213973274907412,0.050596785072851175,-0.05305480825787379,0.044252450315990746,0.010804953697949789,-0.004867183777370299,0.04757560765928098,0.02704904687565689,0.04850194356091228,0.015093727028148124,-0.011843212861697835,0.006156101838690608,-0.020192466303162723,-0.10754886122928389,-0.06016722227460188,0.07617900766074834,-0.034955577887046896,-0.023921548796890707,0.1404801368313741,-0.12086337471860222,-0.01202985488777269,0.10749445413090915,-0.009158775649990576,0.0744842683658156,-0.061768157791265765,-0.10539041906757549,0.24219075111026203,-0.1428621703371418,0.033050465168964135,0.0022194458430758366,-0.08810072531107999,0.13710253291313368,0.13143932622045545,-0.020190128667800792,-0.08292160529244826,-0.028145346659700327,0.1685054673192571,0.178509513152315,0.12288981761719167,-0.09928371629196785,0.06005415729348072,0.24496207273757004,0.02193765969023805,-0.12442153232260127,0.06507228384376804,-0.05021974227673713,-0.09218388293872912,-0.0663821669801682,-0.10913920448646454,0.06684799527318598,-0.03033248499176177,-0.011995807141125645,-0.1373566718535155,-0.23454152378317716,-0.1627802687293212,-0.15305140359550062,-0.2897133976991371,-0.07840195663907805,0.19537313767540584,-0.21112801834184738,-0.002317503099221785,0.14945721853342628,-0.16739932977825847,0.09297818748052217,-0.17569518995962893,0.022792662792647286,0.1071668871027894,0.06509075894020219,-0.1542660678526828,0.0533858215192262,-0.032813468478337625,-0.0038770629631056054,-0.05201201523475773,0.02066507872268953,-0.16024799019206418,-0.02358722342909256,0.013600692130463058,-0.045551194088957456,0.0543256213347752,0.01679363068250789,0.07794218180170555,-0.05025642255833275,0.056559523798664475,-0.022101312193597667,-0.057021336330779736,-0.07773300105380668,0.018079085228948306,0.017247124688561592,0.03243585687457687,-0.03670097336632208,-0.019886353673976034,-0.007044538139845638,-0.0034000929071609847,-0.01898666828707976,-0.015449930790974915,-0.0007733450544886654,0.006055053508545377,0.013122001029534456,-0.009852086066143729,0.007475033709750206,0.0034161211309083448,-0.016963560864761033,0.016906846239909686,0.013503071399984967,0.0032252655731377007,0.019658016565734876,-0.0009231884586404158,0.005816343552184385,0.012640532836031644,-0.01660691310374232,-0.04681440551324614,0.04986001750545812,-0.015834181971998224,-0.07422351437176204,-0.025433348237591018,-0.08467348592898334,-0.11352484301537608,-0.01235658688294662,0.07977756343578997,0.03909268799923544,-0.0024853022707384117,0.058921252341049904,-0.032764168811438045,0.006274613745931821,-0.004589824075001198,-0.01626084902870053,-0.02484332015165047,0.03679463386864078,-0.009136523876142659,-0.002303398249456306,-0.0077917688226053885,0.027246988186515646,0.010685131875079142,-0.0032236708053985383,0.006893266816037024,-0.004945731402802912,-0.00041735265417309786,-0.002816113261850346,-0.002319449899989553,-0.00845248807230372,-0.005694152977992966,-0.0033270977328055105,-0.002553884922775894,-0.007573743123035986,0.005978589947979778,-0.024230340353974127,0.0012457837776356673,-0.015831304868103538,sport
19,-0.4812723871719692,-0.219467353021611,-0.30211392647039936,0.14579213408915775,-0.22193743691232526,0.18644468501692352,0.19801870585305328,-0.42873059286812865,0.02313116947708107,-0.14965164886267998,-0.05460054961634141,0.060288257043286816,-0.053726452377221234,-0.0073108208391285375,0.06876591394046347,-0.08421661113080957,-0.025041520805562874,0.000911523321590715,-0.0002451912322581166,0.004729650359628885,0.013199449258209818,0.007128318461315295,-0.024196523207328787,0.05941893975874766,0.006595686649788315,0.003201454793502113,-0.0004307040718989345,0.004115111886720978,-0.011670238368256945,-0.0009517472375410924,0.016971600092572165,-0.010000516355427739,-0.0005772597795368041,0.01835034354914371,0.008741130418691203,0.01301008192618792,-0.0046161301877966346,0.017695672734764464,0.038671830130773584,-0.009178784380818237,0.015674616557577164,-0.010950263034058997,0.005374746970999525,-0.02280849464385327,0.01041841467587736,0.00046657459356158235,0.018520008233191,0.017476159077978937,-0.037288543006239384,-0.04027325921910813,-0.007575127178108949,0.010424474916430273,0.0007685035537902401,-0.01548207245937588,0.0019282911333035157,0.005295771138280961,-0.01559708472049918,-0.01442394441851977,0.007874827801995261,-0.0024282372623617974,-0.0058718596248262265,-0.002746903471294159,0.013821781659274288,-0.003963993149673025,0.008033075445530473,0.011693557285533772,0.005186809772898666,0.013745399767416452,0.01678509890101014,0.011709132369561347,-0.008049347433717513,0.0020836292778926772,0.0049357679410935796,0.006016468638219317,-0.0015223122051565968,-0.00672898217187793,-0.011842426876992777,-0.018724710110186317,-0.0008343777926149922,0.018782195007702025,-0.008611465201332985,0.004974091113955234,0.00865314914740663,0.021711976168428942,-0.030818280992878953,0.03195235276634254,-0.04466948376262439,-0.014454145904500372,-0.012773061196841021,-0.011096207545764614,-0.011070110641641831,-0.010995656602933637,0.011574617964100475,-0.0030178425434993486,-0.01568428659203315,-0.021102862026393086,-0.008216830941557514,0.014705189810874356,0.007373293832472533,0.003267504332281191,0.012821262219887847,0.01189936962439381,0.013941248430050445,-0.005216587696824655,-0.013132876825682914,-0.015002145566166782,0.015059215509704687,-0.00830664994649689,0.008577549645417437,0.03921364862686087,0.00917908051399164,-0.02115848380825658,-0.06918053750209917,-0.05836746265672966,-0.01578078198241043,0.023153004209301834,0.004699102282160914,0.030385779699571985,-0.0006354255676347414,0.012796882478265527,0.01153286762439645,-0.01099888003061324,-0.006287651784318786,-0.005862185900813317,0.0027840563294407893,0.0023982527422699005,0.007055484971075622,0.013140860419528406,0.007065791631010634,-0.011576240341736696,0.007048286143784897,0.03520816821793374,-0.007396894265786789,0.024362980760242677,-0.004523849706106473,0.001308523021189636,-0.023448704028785038,0.020818049706819892,0.03150351315684339,-0.0038541679413721347,0.02224130156575413,-0.022917255292237527,0.004414195681339758,0.01533872795319711,-0.0003710956555787485,0.001686538813079958,0.035007712283997856,-0.021354124059241142,0.01844059771034514,0.009009217219056603,0.010581622676377994,0.01769819241762952,0.006812260883931869,-0.0036501053032544765,-0.006877568785063394,-0.004797460179337865,0.014352508114410991,-0.01898923320106186,-0.00930412409257146,0.002116911943614575,sport
20,-0.29298325845893,-0.08328564092193837,-0.12633436632717837,0.045949202971751674,0.008387307949404989,-0.04068674014774368,-0.058437016155617465,0.3079308908064865,-0.0112125537387178,-0.1056203338134478,0.0011797646120142973,-0.03474006100131206,0.03906007203567028,-0.006875662906296715,0.006248981042522991,-0.006763590872556466,-0.054070791387831274,0.007810168568292524,-0.0030216545821842473,0.017592706512913225,0.02405818430624588,0.02491124081569693,-0.006499250858936398,0.011396135621654627,0.003536546398398535,0.015314911750338344,0.02228981212054442,-0.029732952460027624,0.05415545637266821,-0.013641636061217753,-0.08363376048440277,0.00624990841778023,-0.028339764703574844,-0.0378863987670575,0.016072325689009643,-0.04692206056010509,0.0036053859526551163,-0.055201356962303785,-0.1568139851947398,0.038164550159988285,-0.07515345891060368,0.05935897137951842,0.02211048064695634,0.02160837392812488,-0.010849191662969344,0.004156703969110519,-0.10328442655019734,-0.0680796853303829,0.044928255683192274,0.12062066635562652,-0.007357578851717361,0.033344458211052114,-0.03633088766301736,0.010744090556322802,0.0516650609343278,0.013025675159764214,-0.016884100247601418,-0.07190710191830589,-0.010429589539390344,-0.046242603372452014,0.00854555016203363,0.00567394793236802,-0.06025281252594648,-0.05505969915037288,0.02931068191134835,-0.04320154275637357,-0.012199306449007076,-0.04167504450478904,-0.07131885934411501,-0.052811876237464306,0.0828319051334259,0.047256882383787176,0.03573282912723176,0.0043491049086830874,0.019006126741954697,-0.046480875267683366,0.031978005941456264,0.07139067347284273,0.01564093506456597,0.027692221135977583,-0.017211909155958716,-0.03769274771646506,-0.0034681592136314157,-0.13190019031413275,0.12900268323559852,-0.07727068661495705,0.16986743490226114,0.0132227269177799,0.06745244367776829,0.06335989956549365,0.06457627967720711,0.17991417093419584,-0.14890779794836614,-0.04300148653118912,0.1460271011984179,-0.016302315385602367,0.026765956200881055,0.014243926798307835,0.062344710378743985,-0.04995448305609357,-0.01649401047696461,-0.07122952316307116,-0.2063373390022997,-0.10643905820647089,-0.2625135256921952,-0.08561309784383755,0.21406786234430414,0.09411471116020922,0.26193432672533234,0.04413940182062591,0.14756597049909548,-0.018421012287647042,-0.08602861665495984,-0.12342402421380425,0.06321044801856938,0.06335740171513435,-0.015723409442881673,0.08150764891139084,-0.2247296685604569,0.06195286229532919,0.023882100105620585,-0.03219764076565191,0.029958740999170928,0.017763868735536602,-0.02061910091236845,0.0004336381889600054,0.001013142744173575,0.02427391630045758,0.05107018804046628,0.026896474392184257,0.018204360215110543,-0.003146078365381449,-0.03604505872210823,-0.06177746714769576,0.017249410009547113,0.018780813648458843,0.028297692885701727,0.004644211892965735,0.0032755479850191246,-0.03776573773990443,0.050991834250614244,-0.01775653372139671,-0.026058284374581,0.023641427387844423,-0.0034808005005281762,-0.023123406117921394,0.017702807373478045,-0.029697148699667525,0.039319296397349976,-0.03179937180194058,0.030558771801202273,0.04818246081987583,0.04010769391500504,-0.028163991874450834,0.04742462816142067,0.02058872060436152,-0.00479760468972959,0.008753686631192225,-0.0366637991965115,0.053864264798159915,sport
21,-0.2959991175736543,-0.0579238249706869,-0.09787611092211165,0.023001750088714936,0.14197852048722787,-0.1473078550701239,-0.07023550258943483,0.5237808198206007,-0.012587665449522894,-0.31019377277725363,-0.002392573550464282,0.027458165749808947,-0.06522131272135166,-0.09504546613709382,0.19667206076180427,-0.2711214743250747,-0.1568636145520241,0.006505705007550395,-0.0101709608255189,0.017490025455788535,0.015764305554988704,0.01439388736843244,0.040495207009697325,-0.13217929453692664,0.002331431747754414,-0.018393915475942452,0.001040222389126665,0.00782325151606036,0.011526898750435917,-0.026371157572155954,0.015362321453381584,-0.03671381864516347,-0.03784665300570924,0.03237653617704146,0.004738281100496662,0.010829227400203542,-0.02065277162622,0.037898379593926945,0.08405147812036237,-0.037262857085994805,0.02454635355420484,-0.02835421676008559,0.0007417819831739576,-0.0221807851366829,-0.0021789703392611427,0.0026334989095413482,0.08589063569191095,0.01285268771912544,-0.073495221667638,-0.13971079837646525,0.03561926189753063,-0.004180989519606532,0.023905051045947534,-0.01505791472634694,-0.031059985370749214,-0.015457604688986503,-0.01667016086847979,0.033450995045710606,0.0157270840924214,0.013443454204638905,0.01291194287071343,-0.004075348010921041,0.0174265480452073,0.0105139373378592,-0.007375197791889038,0.019604307334228615,0.0134197620070127,0.011936519814920617,0.03841228418708618,0.04568944040408123,-0.042258353378390914,-0.03618569703400482,-0.023921273215995686,-0.017287847499634818,0.007644586769198184,0.0016959402872325036,-0.033115728082118226,-0.028663658433289302,-0.022678901793368296,0.029272002707197552,0.010134834921925039,0.005234874784426276,-0.003754051323693248,0.03320612076500071,-0.05682454104410105,0.0001275256844702761,-0.059917263084875924,0.01580771263482366,-0.019175049111133824,-0.013637306455989153,-0.03070009739401681,-0.026291756293458837,0.024896966472394533,0.03249833445283653,-0.027179519726100478,-0.009852913541973842,0.009597711390209446,0.029080288465751027,-0.04842674581521078,0.03397008045924837,0.00858854510802548,0.013044380720985673,0.04493888049200365,0.025851828733976265,0.03735321800287972,0.002625613848698123,-0.013658425466468444,-0.029649201457425348,-0.04033636481442376,-0.004050982294311532,-0.01846679962215388,-0.01805124248711898,0.0013668108327160716,0.00783004472541584,0.004098171923175031,0.007554675923996743,0.0011684002009430703,0.020766837172305857,0.00089879992707576,-0.014762702318749828,-0.0073931769732542155,-0.009452909979742736,-0.013155512110934386,0.00862724664811688,-0.00955628887125346,-0.02659270524957686,-0.005695277786745049,-0.008056883299297784,-0.0003988146970906924,-0.05955357252786166,0.025275858525671976,0.011372471132685916,0.034692570374989885,0.09138170381685286,0.0025155568277649473,-0.00690553277550357,-0.009424515221824026,0.05225416325924071,0.016051293281470723,-0.007974664051926655,-0.018755427236958423,-0.02540476790705653,0.006457598562985663,0.03762182014940582,-0.002424974782276697,0.027719480042514694,0.01611169795843746,-0.005283100968762039,0.011589281916479163,0.005308817564531481,0.022023288781020032,-0.027153626992999103,-0.018670574709831543,0.038480941515077326,0.03795159819846631,-0.025007209506773518,0.02078380801863054,0.05681882256225942,-0.022458401028515082,0.0687261702731254,sport
22,-0.051816315167408665,-0.023825339522899183,0.010984775160728393,-0.038710645996235256,0.0076381069252283666,0.00618705831025376,-0.05869305364193051,0.03254593168916343,0.0077246847426327234,0.03220406909020261,-0.014972517361706324,-0.022079926697448668,0.03031239073444389,0.03996365619568493,-0.030513082957548433,0.04128296885517035,0.019610382717369344,-0.0016366674332899953,0.0048772397836641754,0.01528751448284408,0.017343550840391155,0.0004219305685003184,0.02273743160980342,0.025253165962099935,-0.019078947657828818,-0.02766392848173951,-0.04624032523890651,0.07439369692659871,-0.030381471033655377,0.002364585879089204,0.10760194692162994,-0.07186940102679806,-0.02123111400453109,0.10304521826277388,0.03184737014741165,-0.01538418054213209,-0.07341946964853978,-0.12487580398707161,-0.06902962878157143,-0.08503727985955402,0.05304830125257412,0.039485614951101124,0.06352259375503334,0.05333550080638425,-0.028397936736725575,-0.007788176281346313,-0.06693211739289685,0.10189213733610815,0.17506116451434958,0.19526365103244295,-0.05312244525217619,-0.11655641423729449,-0.009912088100080306,0.12986534735814043,-0.10108466303631694,0.025524586879755493,0.17451311290579116,-0.06350218123579295,-0.09428669083075492,0.4646449519422256,0.2709017579061581,-0.17418139445301714,0.05570098147720518,0.30360431689681483,-0.01897493173647386,-0.02436136049591337,0.13177828682601878,0.07982604388909427,0.32575574350577824,0.015867545337929934,-0.01600422171922759,-0.17330964521169687,-0.19953578142622425,0.050904481394051425,-0.09738578574993374,0.08229269467258707,0.01578751646816571,-0.04685336590483416,-0.19857422001638278,0.01133124350990773,0.056886926435396404,0.04244604666805759,0.04036818258618768,0.005801315291701137,-0.045982484958929225,-0.05392475548349032,-0.05124722255043537,0.02262878924084807,0.016544425834242767,0.045005142574026616,-0.06873243004690249,0.025464439917176233,-0.018859001638781254,-0.0246282307504192,0.0070631705668767674,-0.04046817041292608,0.005694044451281522,0.030176696632251053,0.015294916267215837,-0.028173037072445922,0.0033771878781014434,-0.010189075708542116,-0.013984619790592442,-0.031256498826139074,-0.06965660801583437,-0.049812593246912625,-0.03740831404972711,-0.05157144704883793,-0.0014281822414928408,-0.003214617299144773,0.04023606301165594,0.049191233372915213,0.00779853340941498,-0.0009822108550989878,-0.015967124749578645,-0.004024434742684533,0.00011723463947976054,0.016004972235812476,-0.06202572717831217,0.006617757466465668,-0.0002908009917602169,-0.017726656943823277,0.0011237178647646722,-0.017931108622141152,0.010371633963561779,0.032110066864716645,0.0010666176853839082,-0.007110359536625022,-0.00313809046742082,0.013622345076264666,0.012500355899933693,0.006535728757311171,-0.015105347215062234,-0.027478422811297473,-0.005693825247001881,0.0009509439576146779,-0.006949102381044368,0.006995858684830269,0.0247480472736094,0.001268426742490306,0.009857615986357763,-0.009621605357551261,-0.0004710276351937078,0.007435199424607636,0.004437319866768658,-0.0016801534348408797,0.005776724736252566,-0.012908647882223866,0.01034805564819924,-0.006218078607608801,0.0036712833388952886,0.007490370115523964,0.016448458930056142,-0.005201310886842031,0.009615787959041909,0.006044716440823035,-0.011642960275369412,-0.004120697948808682,0.004194736599503248,0.00019230399960531107,sport
23,0.014882886690187168,0.3370248211234628,-0.07970040218635817,0.04563259722277578,-0.045889446246878005,0.026906473112995644,0.026489530609823186,0.003602696835923835,0.03967712473451769,0.004147935133466446,0.01690644721828322,-0.03583259137873275,0.07264088953028462,0.007708193286800731,0.0180527162496824,-0.003592768087027479,-0.022637856710967245,0.0055820092451098575,-0.040402289472093476,-0.01890619813607103,0.011147931761870164,0.03090112876647239,0.02480245586907776,0.009916102515890804,0.01360770253734306,0.015212802169519797,0.04442576270315871,0.04646327718923792,0.0630452468959643,-0.09575032313944984,0.072380389144859,-0.12051934236077426,0.0137826870815391,-0.0407735396914716,0.09160877218967314,0.008837013235644583,-0.0024990271703167026,-0.17107757754062167,-0.07370398094198444,0.03684578655111229,-0.045316078090349904,-0.07095665770917457,0.07509052138026584,0.10810285237531915,-0.016905378694446815,0.06411905182717634,-0.07556785729718711,-0.10354507870085125,-0.20340452633265757,-0.01715538054550247,-0.07607851888739087,0.016533146479134352,0.010595847502204677,0.10841719014072272,0.08615120898280243,-0.0024562524484737884,-0.1331779120259736,-0.09656107940717101,0.05518846440570523,0.011131082975435976,-0.04903755166009059,0.15199016785815977,0.10784062074976822,-0.010372304726593791,0.10234531714564447,-0.08318415639599723,0.17700072029673558,-0.03923518118840964,0.018755656100534705,-0.01695661123929571,0.012001141679730485,0.012826065262689508,-0.03168895093889684,0.10351479041773981,0.009453281507495838,-0.013085686938120523,0.012824662461831247,0.12368652245974796,-0.01826331308287702,0.09282857149584546,0.08741520127566219,0.055262931094552305,-0.043391224628403585,0.016444508375869336,-0.11567758296139724,-0.09101319831004509,0.0298512022471902,-0.15796519652359167,0.007128242353808575,0.10372026488974594,0.008297674288357284,0.11278872008379603,0.014697003773838539,-0.19674127299786537,0.01952791927134072,0.08941999621996571,-0.02398021780354348,0.09789714305364663,0.0042831616522721536,0.00929761859178675,0.2007004983812483,0.07875083058475946,0.00040329319767101713,0.024082418572577792,0.0177003434070637,0.10585642718122613,-0.12900218442774658,0.08388843864144216,-0.20303114806850825,0.2711711359391654,0.19660635928343115,-0.18810415661507526,0.01697571001724321,-0.004279110449096493,-0.1248204954411925,-0.029142534662107363,0.01585265885101427,-0.08661446590668945,-0.037279429394863325,0.07016751562882632,-0.0012795683141414668,-0.014244919264982872,0.05713211707332198,-0.024728569297288432,0.01326296657591777,0.0070427687719016,0.0019845308306551276,-0.01156977580107661,-0.029912567204143398,-0.034562445084083196,-0.0005584771347545168,-0.02106482130597732,0.02437507498603572,0.010549734672384063,-0.009120559727696499,-0.021878451284998643,0.0015777529637843663,0.014385322082120176,-0.013245909168908495,-0.022362388966389785,-0.0337185239004064,0.04644105040770225,-0.040276204099383275,0.05502668522381788,-0.000729334458457667,0.0029811331178439854,0.025233702345614104,-0.0034137198773210556,-0.020348998989987443,0.03135480210583728,-0.006714722277995235,-0.001787155025284826,0.0038725808267198207,-0.0008039749304495055,-0.03944390818483279,0.0072180419526741875,0.0013317376281962473,0.041272339255384545,0.003208920614741989,0.015171326756438173,sport
24,-0.11823692982653598,-0.004154422569657486,0.025099870430012536,-0.2510940979907032,0.6797007691250401,0.5264766605768569,0.11234619584003776,-0.043723046634479595,0.01930025675206503,0.014776265445619613,0.02738492952425766,-0.0032891653959088566,-0.0005226063222144497,-0.018390149722000742,0.016591128909760097,0.01221178329083883,-0.0035954055166100888,0.011862232639245393,-0.01891066162369886,-0.018078548041741617,-0.017329189910801655,-0.0014738492840476992,0.0013855024777977352,-0.003509457522838369,0.014711475417745527,0.034004285120652275,0.00961912217879317,-0.016783172439757375,-0.006653184495008805,-0.01067752468669936,0.003049106647594779,0.02089459716016261,-0.001022533431618365,-0.005340188285757405,0.005127864860495008,0.002258269912152702,0.004787588906396239,0.003149275713406431,-0.0009963751751126838,-0.0013558758761042053,0.013852251968907107,-0.011057362828667655,-0.007072330652590942,-0.006696660222070831,0.007556921844833675,0.007745690387474139,-0.005761563599019966,0.008699455199327676,-0.006862702074106369,0.0022363908030593968,-0.006098675189204848,-0.001228906202901751,0.00686461547921421,-0.0032159824768512807,-0.0008898561603203893,-0.005966739343459235,-0.0006393273224523701,0.012056356168371942,-0.01940069891199243,0.009194026589082853,0.002282367190274199,-0.002896032141472892,0.00758180315446831,0.0054091908468948385,0.004171122184287138,-0.009157227532012679,0.002573743174041835,0.0022747334345226853,0.0007236749570083644,-0.008277316699293392,0.007170359575945458,-0.0025359902689667405,-0.0045431284712091555,0.004452012968523813,-0.0022786373175722086,-0.005924962210151219,-0.00212276088663509,-0.0043807752628437,-0.008449806462430032,0.004307902838901051,-0.00378590507089226,-0.002258781043916851,0.0008116943570060325,-0.009894902896866377,0.009217666852369976,-0.0011490051075889963,0.0036498104548305993,-0.0012299575739949612,0.0005379434620699941,-0.004306821434342671,-0.0015521918553774274,-0.0015688818766877628,0.008480853639098115,0.0023761409104718343,-0.0054936040490384305,0.0034342360312697106,-0.002080933584350579,0.004620326352672234,0.0035102709476174778,0.00683407170870391,-0.004174071302056846,0.004376230586755207,0.002992750385212974,-0.003318128136462034,0.006029493636865832,-0.0019670083704863327,0.0009238958948502776,-0.0019103486796757207,-0.010278002084771027,-0.008498945855296498,0.0029010358871297474,-0.014011741091022212,0.005268498019148731,-0.005764610633014047,0.002234874759115454,-0.0070596688716904185,-0.005456288417213909,-0.0021419520916892243,0.00022592679968129042,0.00023804981333899972,-0.010628578606126059,0.004461271412213915,-0.003021504878073322,0.0026383726086028837,0.0015438051836643835,-0.010758604487034104,-0.0047330732854363325,0.010450236722585028,0.01110926999152871,-0.006220558402277989,0.01390053766078437,-0.0029180434933125648,0.005523237945770032,0.009231390054305347,-0.0054472584240607995,0.003597613407273382,-0.004690379856056251,0.00815857617769311,-0.00390987032730094,-0.003234209545452287,-0.010309426016124865,-0.00910754101423409,0.014039225885697134,0.01223267145252783,0.013376179607906857,-0.0017538191578523625,0.011251507571602133,0.01093326929744573,-0.006754121151643637,0.0033009645678922623,-0.034310468680725945,0.005418451263005731,-0.051834028117822936,-0.030206320345798968,-0.017789939562053124,0.013085950993901486,-0.04976074185147596,0.014195097636285814,0.0015416356318973285,0.014142015168969003,sport
25,-0.2467669413196736,-0.08676154539840128,-0.11736183605727016,0.025220309016695808,-0.10440038788397604,0.06312932164989601,-0.1240813509485853,-0.001687234823111795,-0.04890305583893464,0.588036454022822,0.159131930103677,0.007978312426444771,-0.0606819971828775,-0.07979099483451181,0.04506806342335171,-0.08017519633267585,-0.030668002008525864,-0.0045360583499350175,-0.028598728201206364,-0.07400615067458494,-0.07676773599582315,-0.017111158207308436,0.09084590241857356,-0.3038359334523181,0.0416986483336794,-0.01657770012436003,0.023574387667831972,-0.011977606949928053,0.039415456741978785,-0.006976281389893859,-0.06792711314735551,0.06571272026972039,-0.0001495299420728939,-0.15077549966725923,-0.07404580735266199,0.015718911043311672,0.06611103735126105,-0.18355692976398016,0.13590449859257595,-0.13667179368522214,0.02618032733202716,-0.024945243790626997,-0.02767693131352693,-0.0159218855522507,0.050191324001918766,0.0035102396925674436,0.029658471855846573,0.01987109600866841,-0.03933206559811616,-0.018207643195287285,0.02422435550022596,0.010659534808869007,-0.017656658633000536,0.018558115971958306,-0.006241931245827743,0.004540543154898723,0.013653560874241579,-0.015408481925483716,0.013339811641162741,0.031812043922302344,0.05140259785547878,-0.026884497086456186,-0.014951645930984503,-0.027670557742260987,-0.03911004941522798,0.013394980347859357,0.03016928339370856,0.017512504777365406,-0.0046135095923339805,-0.010462180886026478,0.0007533234806890299,0.030065106889771518,0.033985656450045205,-0.021289383867857004,0.04419714405571332,-0.010272555549579036,0.018347886354482302,0.029324626803115744,0.022354993164511918,-0.0031560917489683264,0.009298088827965342,0.023756424512653588,0.022063544113435793,0.04394362892255942,-0.03207217168999302,0.034558999252617385,-0.054686885417152525,-0.005054861673428249,0.017068873493344537,0.00177934147476913,-0.0049517733700682924,0.0257622640330907,-0.009800025688213313,-0.0007251532402400254,0.01807262876526768,-0.019197846929243454,0.01025612652066754,0.02795123815594123,0.025541670163547556,-0.012743761797505788,0.014065113126105318,-0.004558119895669306,-0.02019206571864973,-0.011328029207182648,-0.06572295510780254,-0.06155692559065261,0.012050999623945331,-0.020425584197128338,0.02465353504597965,-0.010843613472526928,0.011986058261948495,0.025577062507402493,0.009554355399297559,-0.03343094455528222,0.003215599205030916,0.01631578978671662,0.007937904865695136,0.008026717817605703,-0.0421553518445085,-0.009241380620353014,-0.01921488487057998,-0.007930075709260525,0.007917893745445215,-0.01191878306287927,-0.0026444102842307316,0.03305118716100081,0.007497803609685052,-0.006132151102213936,0.00783121808491494,0.00491778431186408,-0.025820538725840534,-0.0051102374942331935,0.00498573303970434,-0.003595676997749909,-0.0043481024228621094,-0.012493996496481807,-0.02288132846060786,0.018952997353046862,-0.00596322114182589,0.019240068739843595,-0.041160239479633265,0.04526390279628504,0.029962925993263296,-0.04281436808743561,-0.0034192146897915076,0.017940139735894887,-0.013872040218850641,-0.0014729387918224596,-0.003305648843645096,-0.015143993300878098,-0.0017654176182258419,-0.049812692797307476,-0.05505874848683397,0.05299177369740469,-0.05332138107853763,-0.04065240561845134,0.03287488505193874,0.017147608347471782,-0.026889294751247503,0.011538480081854032,sport
26,-0.521831718979796,-0.18449070758752037,-0.3152957993679846,0.15279622588392158,-0.1785633789614079,0.11515272536002984,0.11409746645454652,-0.1208948604487293,0.027804063108669817,-0.08282459555683556,-0.006847530210854526,0.010575136406274697,-0.011957732779009926,-0.016062022986219178,0.002993385439122494,-0.004691261084066254,-0.02378764456933135,0.011061238081815673,-0.003961822538896429,0.027289228237637922,0.008272384054326582,0.004816598596858351,-0.0163852481607097,0.005595823561792452,-0.0006385290613370254,0.011534288215860859,0.0056009686067013025,-0.015108550691872648,0.012591925245203299,-0.015914067104323044,-0.013045883811301968,0.07830677666141642,0.0068654854519761225,-0.04680579835495858,-0.020104711859654796,-0.017062499688594652,0.011679071772285719,0.008205051829774178,0.005158226677746512,0.012154974351180643,-0.018180619144008904,0.03380665383537596,-0.031718843096939814,0.0018413507062642754,-0.015229762739596794,-0.010994326497700605,-0.018007414901546306,-0.03147235380581756,0.00046731579685751416,0.06863057359909999,-0.009736659452498976,-0.008201196027552617,-0.00023736203692677343,0.017283925889889744,-0.0173202293244705,0.01548628601419045,0.02264481810905056,-0.026896466699242328,0.00034301936901327677,-0.009452510862152227,-0.0006670894098835603,0.026503221167322774,-0.0063719582228783786,0.03878084209458402,0.02934169602912339,-0.031060567738593437,-0.009682430283263913,-0.031805782758236874,-0.01866002558669265,0.009270409200965186,-0.013344810368804756,-0.020353468230482712,-0.019040036629912,0.037244511843168154,-0.05468910717190137,-0.006876861834935828,-0.006108946398037213,-0.0021911680243200567,-0.00984955169995791,0.004882077266243656,-0.011893798354354796,-0.0454839712507116,-0.013125280520198046,-0.028460626627769204,0.06336302536322208,-0.029160001579979514,0.10567449589664407,0.03320157091273691,-0.036834751548192865,0.013659827431871756,-0.024683689475724715,0.049452282447082906,-0.04097573436341012,0.01729368969418629,0.0651089771737972,0.022011369639675052,-0.016510129295929685,-0.08763188168778976,0.050729019323237916,-0.04202059758818983,-0.0010695976742854094,-0.025345978926671727,-0.048465015475298266,-0.01607776457130537,0.08877709699016043,0.08026363743233338,0.04439015107738778,0.08659416507772533,0.00876847731030274,0.007421169021413078,-0.02887637856979638,-0.01559980934980303,-0.01223583523773404,0.027346228033313855,0.019629729823796203,-0.023857774127477933,-0.04207110351488246,-0.00933938504235344,0.06474519971042504,-0.0074392143423642814,-0.004261565485789527,0.01865303617259673,0.017586481844290337,-0.07007006086392306,0.0035314099137934585,0.0777126743862695,0.030127490216566268,0.04252000891312626,-0.016247948257696508,0.11884262267504261,-0.01402788070665805,0.005393765188088172,-0.04541544352010059,-0.11804960297986902,-0.051662939262522224,-0.000424586394538689,-0.05207220306712464,-0.016988635837261106,0.0975456074258736,0.060027324149474634,-0.051402204502933625,0.011424243313134224,0.06675243449317801,0.014749952405079425,0.03503789877531951,0.02055949058818674,-0.010257969627239115,0.018733462142443053,-0.08804953155760543,0.0203265039179542,-0.03150456633900178,-0.049966573768521566,-0.08463274758619882,0.020393351333368906,-0.04002316408090145,0.016277678579290585,-0.06230931161859649,0.013735735109264641,0.30407663597766793,-0.08227947699440102,sport
27,-0.3174718047451044,-0.06378092364117321,-0.11896256551241317,0.03475835617866206,0.10290583663243763,-0.1354515307688631,-0.07969117341007124,0.4733719807955221,-0.02234896295132869,-0.246905761105802,-0.01621009127872833,0.02470119082730485,-0.0415333781668419,-0.014208397945292231,0.14564967614201044,-0.25871247917890977,-0.06952527660432709,-0.003116981052031011,-0.022396969124145606,-0.00954040852439203,0.00949371676281749,0.005303784370139102,0.023064701907780517,-0.10044966606392813,0.01025501615619457,0.004568472870768477,0.023153083787008512,-0.00473781592759307,0.019848129131188417,-0.03269432756229407,-0.00801014258232942,-0.0004326109106216463,-0.02168137937179073,-0.017997816639788236,0.007039960928171926,-7.983286778991263e-05,-0.024754599666088003,0.02059147470354129,0.0844843208865751,-0.02547545260767461,0.029584220229308143,-0.03889024048041946,-0.03324002297294177,-0.014384839585129799,-0.025573164613973794,-0.0036272121730046175,0.05691036789647132,-0.00656107921165994,-0.01861142751754729,-0.07471469392887815,0.030197377857112326,-0.021847957769130556,0.035070480874450714,0.0037276366993360603,-0.01868051948708114,-0.010995123943230314,-0.04860044922335878,0.01651458249742081,0.010137020139114744,-0.04094555457930131,-0.03175477363686311,0.026866137466759945,-0.018189017260113897,0.04078593172694694,0.05302661455108943,0.0483235265248796,-0.0063699111485918565,-0.021684275244782853,0.017683970482100086,0.04402539753222037,-0.0541520534711558,-0.0023438204566418345,0.0023640495860952336,0.050956583440504154,-0.013338309431441934,0.010260497016158993,0.010669904844502493,-0.032198842254527224,-0.04313033268347321,0.02404184942830372,0.017678514560007803,0.021678569005061186,-0.020738521945462003,0.006305478894882008,0.009306520390356387,-0.0503888779704468,0.01760417962136333,0.0013760454613796934,0.0046623802456487225,0.035310993749783436,-0.006775989176250344,0.018154144289139626,-0.009355703306761826,0.0029610974517257434,0.022896470656648987,-0.003024741195781496,0.00059667025411529,-0.02389612992641395,0.005077760911216072,0.0016501595578106436,0.013422545499160948,0.010068322900876791,-0.021451956412931645,0.015335048944675675,0.02393486302806746,-0.0026796045481792007,0.005835615722122407,0.006126582968527932,-0.05313262769723406,-0.013826105570861752,0.01472436855466649,0.018653625094236882,0.049428428649181996,0.06930894411520493,0.02793404213060639,-0.047393736559809815,-0.004271518619155396,-0.02222026958977286,-0.00034609754913529666,-0.01580908689521355,-0.017245641514646803,0.022579225480381077,-0.015374905578232737,-0.03820138092448275,0.03736062475907201,0.001003694317770757,0.00332602501091063,-0.014706624467547382,-0.04032733629869582,0.015775488823998138,0.01982622171247077,0.09809772847585034,-0.037224540256920145,0.049681069382992875,-0.05076903352010286,0.05033106458543436,-0.12249482235799831,0.09199195186166251,0.23050603534934558,0.07141733799825972,0.0828220227317211,-0.0609176105194073,0.054491026959004624,0.06348476094880448,-0.01195914979761186,0.19719382877646296,0.014439961007512353,-0.060425170116560956,0.16275965691430103,0.05509086468479735,0.019205231172514915,0.05967914158187714,0.07513826037947013,-0.08620365442301824,0.04424424497655496,0.09109978858415867,-0.11205094928027266,-0.15941241440657572,-0.03636050716597138,-0.11545891201280858,sport
28,-0.1871511568651329,-0.03936960081520498,-0.053577811082192665,0.0012231253697854972,-0.0018581846436307931,-0.02059141090351929,-0.14707873052068618,0.22151325848537698,-0.038446920522185596,0.3248064099034098,0.10327023903288782,0.0007449327044294262,-0.03204130300841642,-0.027630430846867216,0.03959862051049628,-0.05308121003167193,-0.028556478045189546,-0.01407718889487097,0.029128688201735167,0.0984058610849559,0.12229912582143578,0.06395919806907821,-0.2183618467541791,0.6943784272824826,0.0002090763379794166,0.14769098662364555,0.03844777520244586,-0.027831517121310288,-0.01347684856777772,0.0004075617469966706,-0.005940353399312321,0.0016378636668553245,0.010751962155564024,-0.00012655316704554477,0.007047197258208597,0.014573797500307833,0.00738488024372075,0.0410104530787148,0.01784091246628569,-0.0013641215468570922,0.007778422548738077,0.0027678521380655806,-0.011965684453015449,0.015489505787806498,-0.027187189443838453,-0.0007002533215675284,0.016944646983064082,-0.013630299386192018,0.0047434967046536426,-0.013473258522213974,0.00528468437728502,0.007093406665994301,0.006534601773551221,-0.000669766184868295,-0.00854981376514091,-0.004253371770417298,-0.004422294969669197,-0.0014850204985427183,0.0014825390140774373,0.003982647999142871,-0.005308074746716946,0.015835586321016684,0.011200555993435226,0.01555409563269088,0.0033317355178847517,0.004896248551965857,-0.002687287120887511,-0.006573706833092715,0.005311970745541874,0.019840598423118364,0.005306319470996367,-0.0371632962143103,0.007312981727942284,0.00908400178270337,-0.0060465861765395335,0.022810849149278178,-0.0003383193647198286,-0.0013013652765862655,-0.01212402771282226,0.007403579214029989,-0.0005794212085442001,0.007929809494805193,0.00733016734899904,-0.019992910122608332,0.020056976561583544,-0.03669727769775756,0.02826482106385169,0.019772417852313713,0.023698101266910496,0.0035922360582353006,0.005862053730599308,0.02298728846706212,-0.015612926872832656,0.00032866897053615514,0.007207048620878184,0.010316976310009905,0.011410220724991753,0.0010829199320218994,-0.011556149308142177,0.004697796226711541,-0.01826787567408858,-0.014859840278703495,-0.006542496166356859,0.010334117655780751,0.02024163079749969,0.022223337237360603,-0.00536254054562734,0.018172126414704892,-0.009185628576544392,-0.020018054518097753,0.0001440572741106292,0.009272432943489176,0.04693092491002486,0.025780491796674986,0.01690543143252916,0.0019608154588847287,-0.003502997561360455,-0.018599702872650812,0.0002215359952196132,-7.33910346376674e-05,0.002040713086300786,-0.0012000239046304443,0.010679395554443234,0.0038294025988997293,-0.005901010137514173,0.0009275595380225846,0.010400497297902133,-0.0010376869724815988,-0.005173050487291647,0.031674985352907886,-0.025405566287583677,-0.010800771480013974,0.002843796261993533,0.0024281423176469026,-0.011371849968070391,-0.010703209325390357,-0.007481414159487232,-0.005589867035805145,-0.011514135690863812,0.009801781533070706,-0.012977635968297466,0.029505168196276476,0.017772836005857037,-0.020713460724620218,-0.014203271876195446,0.027788169751440345,-0.02580039141740769,0.020712550337346442,0.016665684795979265,-0.0004229936585487249,0.006798006551804018,-0.03300045390143195,-0.0011887140637744506,0.01196644040939151,0.03163735516056539,-0.017921802271935464,0.02041569901309244,0.026262615292437546,-0.02040905343309609,0.00895898536751894,sport
29,-0.46121214233599545,-0.21331439146841558,-0.30286701769949437,0.13445918903726206,-0.23182941133275414,0.1987966638573022,0.20079500220109134,-0.43272124767290115,0.017979847153636406,-0.15265860341066503,-0.06721250253054202,0.061851391942487594,-0.05893353325862613,-0.026373977413163458,0.061368388779104,-0.10102972863988167,-0.022276380293617472,-0.00855230236268893,0.008013748127614673,0.013088021851895639,0.0252234494344678,0.013353228214951265,-0.018306702442504503,0.08063918952235127,-0.01918729220670721,-0.01812298237856025,-0.025240613864376094,0.019237582959122528,-0.017078150203374984,0.01111699744816754,0.05469725918373381,-0.0632638219517693,-0.008460358352036804,0.09804012431674232,0.0426667327561301,0.026718999150621304,-0.03995253757266931,0.09622242603720642,0.02368089541366253,0.015066646666548578,0.0034859223492850256,-0.014640572614967243,0.010839574363416173,-0.012441347018482351,0.004229391150357019,0.013822450981403726,0.029827060750822566,0.0015220980641836763,-0.04916148316838528,-0.05735957395769092,-0.0026149536765605382,0.016438778879461925,-0.005188753454959449,-0.035665500049290984,-0.017778243348534735,0.0015012110225964856,-0.04479828712321039,0.02272121779324043,-0.001694785041771117,-0.02215684941398047,0.009344507236390269,-0.006682414143216173,0.01306707415327904,-0.01117065577830422,-0.0017388861964127247,0.014590458435818757,0.015842598965779952,0.0034693168931684247,0.010731945877288864,-0.006061405756264983,-0.007663537407421769,-0.002284277059848694,-0.004578425123400907,-5.6081086399963275e-05,0.0053105063096078224,0.02361998513952426,-0.01959266365017121,0.002110647914011872,0.0014478013954420514,-0.003199806909680616,0.00614397494800829,0.03509074957310102,0.026568074496167857,0.018772630813150275,-0.057001511640206295,0.044309056198307786,-0.08659956091060116,-0.014657171061661598,0.013903109475702235,-0.006237225569020639,0.017419647014222765,0.007159122451628855,0.005261957646053506,-0.0029624979838146475,0.003533632455582774,-0.03611504529202309,-0.016051664390543802,0.03677915526004228,0.015023938150433114,0.0029688097989599895,0.017886395203810287,-0.009787318467158763,-0.021943097223488132,-0.017715434840359937,-0.08953766696592333,-0.08792462063138946,0.009526195983731603,-0.04961783643402586,-0.004488616139592568,-0.006095827038673046,0.04785317048694044,0.021970486682189844,0.01603782031596812,-0.04652320547666291,-0.007339912125441657,-0.015029884508550282,0.007915680837764633,0.002962969602082221,-0.012693882689693166,-0.006505300600226407,-0.004676884063618538,-0.0033732333177003246,-0.00013352177668981842,-0.0034192207453408383,-0.006964676065049823,-0.006371853601945178,-0.010900422838499941,0.0011192034443711619,0.017655107002001787,-0.025383014757441497,0.0041173814301001515,0.006342284364283405,0.003983648620414777,0.005997336444047779,-0.00021422347444103598,-0.01092512344502017,0.000741191990968002,0.015273668087912,-0.004052546584939817,-0.0064404627150750965,-0.001046965493815693,-0.008990517749556472,-0.0063426862906513625,0.007999423778956837,-0.013016706528355142,-0.003468357763170016,0.01063286078896276,-0.01634810911502204,0.015172519008909027,-0.02368970088287836,0.013779401073416268,-0.003886263681744895,0.0014715947889524582,0.013462831404784966,-0.009793639237890258,-0.02036610319811861,0.022738420608452558,0.023726400878337092,-0.05068911330344449,0.04258592239678649,sport
30,-0.3641969188708738,-0.09031494574762579,-0.1455140179492982,0.04949298524536752,0.10930212160492007,-0.1266612823182637,-0.0811073297813756,0.5461627978862313,-0.0104036061408064,-0.2617667293538625,0.0038020706797165316,-0.015158515158051613,-0.0158445994909185,-0.07068313693950183,0.11406457380522668,-0.1646100815297186,-0.1390229168755606,0.00436747294430054,-0.004370533572510671,0.023853922223038417,0.029257486055660153,0.01339449807632062,0.03161060276330383,-0.09915601703649442,-0.005221491331880604,0.006428629786635244,0.006079630952223577,-0.010673224810500044,0.026950756958697704,-0.03635454587338112,-0.029251807370675533,-0.022529375114700222,-0.0400570875835258,0.01947151522074059,0.022679195975670082,-0.03194784245353874,-0.011633358025582725,0.020190767078692034,0.007487104371576773,-0.003976664456622397,0.008488881913559275,0.007909048120792664,-0.019201846084571844,0.024246107536065452,-0.02410827920213321,0.022449379237570302,0.048705009226816885,-0.025440097517001017,-0.03172057917253496,-0.07088241892485266,0.05368447445545081,0.008992350185168016,0.018488778841584206,0.0044390967878040625,-0.031819406345204776,-0.022425486580247872,0.02276285386684828,0.005488828593769437,-0.006354689663474906,0.010206018691604576,0.025505448234963327,-0.01704192428894984,0.0026094675989013524,-0.0005466371625819584,-0.031551604544410625,-0.014696398229553882,0.012119960608816198,-0.005663834848670343,0.002138946330887788,0.021044604900992598,-0.021563796897358108,-0.06042451706580811,-0.018633373567690546,-0.007144265080862473,0.0005033568418160834,-0.013743764224943344,-0.017714409234059824,-0.02557066771042638,-0.03998032498844263,0.04567476934753864,-0.013164347084571943,-0.0074233534431290835,0.0033085765919846303,0.0045479385489003805,-0.007339123715904642,0.001996387119497129,0.0020252015661829776,-0.0019051573512126314,-0.012309775995328126,-0.012779592714173373,-0.022276166156680592,-0.005673585524551987,0.005405918996443092,0.006321838834507888,-0.007744230569953759,-0.021423642775676467,0.0033298412517703325,-0.014748148322418123,-0.009456942166189308,-0.007262446694526694,-0.005917223656164249,0.0005520785508821573,0.0031013079953526087,0.0013336164354838251,0.008138459089833815,0.01211677240575348,0.01476234031711353,0.009305494724608596,0.0065081397915938465,-0.025052751496433774,-0.034701220511713565,0.0043271781642492,-0.0077339091490310685,-0.0029171971323718546,0.0011710279569196493,0.02134839570421295,0.0016598769550650908,-0.00596613398214847,0.009948948368102797,-0.009265890819235251,-0.010985343912273616,0.012529239969337561,-0.015953989036035513,0.016186315780548126,0.0013366835328505625,-0.027607934782981708,-0.028490518232097164,-0.018348574411035528,-0.0012301326802897552,-0.07341307628604943,0.03685574497715777,-0.02942703876713814,0.04062896578066532,0.05469781615098617,-5.441291994134171e-05,-0.01763552243134928,0.02352961756304797,-0.0069116228042857275,-0.03156893565049057,0.014282455510049034,-0.06261159869289605,-0.007828560939442876,-0.0067462385693752985,0.027345016065475774,0.023613012193546914,0.020547847967940024,-0.003590939894942021,0.06362585700113012,-0.08027764166274823,-0.00018133547688555578,0.043736448952170624,-0.11989211045412033,0.003031856467842015,0.07915905266405629,0.02621968553499949,-0.06317670089988027,0.03420360391765679,0.21805364903217317,0.11299032917461148,0.20265250194824053,sport
31,-0.11022863869031382,0.012197771224421705,0.022815932582255716,-0.23615306271190512,0.6408821137905015,0.5032453048459652,0.10843034179796633,-0.04195429475085457,0.005005775708888752,0.0200187855950797,0.03397838784298884,-0.007073485997299072,0.006086383002507063,-0.014472284064387603,0.007367698643006855,0.010480194554937471,-0.006158390937926907,0.008841262643931378,-0.006469758748390601,-0.015048105193082478,-0.010115450938724254,-0.00854258537619002,-0.007780843352561439,-0.0129322768671661,0.0018753287438986446,0.012058941408695801,-0.0017301603622820502,-0.014527542683229892,-0.00267460296281249,-0.0035443631291456933,-0.013908526395687282,0.012962512167390333,0.0013334313291216019,-0.0068841769375832,-0.003737333990944609,-0.00019169015900675893,0.0026922734208135062,0.004660984655580933,0.004095250897181464,0.006298220181848862,-0.0032156879311100142,0.005972523981396313,-0.017979563098695438,0.011578599483544895,-0.005772109342852675,-0.0028394083131500674,-0.0006419025083753685,-0.018454636073102337,0.00310133077548073,0.0033838653499840537,0.005114923014541195,-0.006557746864326063,0.019380478840622196,0.007852007688876918,-0.0043908614034256915,-0.00598629987269384,-0.008924859909539838,0.010795306392636844,-0.0022436951206927552,-0.009123027416498848,-0.018268539997634347,-0.00022184523206248436,-0.002628547619983535,-0.0009533506552930964,-0.01176442672789297,0.007771047964145965,0.008157297509874373,-0.006898854531515283,-0.004056517441107003,0.0018623448475666392,-0.00645038656121265,-0.005058703800304414,-0.003376354980366626,-0.004952686374091314,0.0038114345774435763,0.0026595934190856815,-0.0020580117890633726,-0.0004066593610052702,-0.004820406561638014,0.00649186120458252,0.003271502616123533,0.00631828910354531,-6.748354434396003e-06,0.0003350276267886998,0.006723519688035741,0.005165030049458216,0.005403358120579376,-0.003920240495662827,-0.004947389349936443,0.011308285363423992,-0.006361984397083302,0.016308648038862058,-0.004828316342696661,0.007978154162490083,0.010895637402842502,0.00285806181399628,-0.0029805024663372296,-0.011118840841381861,0.003369144800632556,0.005161967516623662,-0.004020253044658423,0.0050154109554593936,-0.013487520666015019,-0.010828259924830547,-0.010112232270624511,0.003043543118657173,0.004832847553062615,-0.015314266372262653,0.0070740078561516385,-0.013890356231317324,-0.010959425016852386,0.018331020370262397,0.018422028652098483,0.016314732428289798,0.004534126982617621,-0.0015548472081596148,-0.0022658620937490697,-0.019112312674019746,-0.010723386380784678,0.0029392611260799294,-0.01107883601978031,-0.011544312070257272,-0.005162365079892612,0.0017093257458061885,-0.0037109756664575303,-0.0018338887763671842,-0.008557260514892515,0.0031612123760088105,-0.017575536220559976,-0.013247005258732267,0.0026356214765768846,-0.004245716041174545,0.009719468434192925,-0.008996814667687923,0.01482932086097397,-0.004562696263001744,0.011554022340131333,-0.006595223997342147,-0.02358965406098235,-0.028971107079329286,0.014320045385643394,0.00042013419276551575,-0.010618799956143296,0.014031889934303808,0.0030439157732213827,0.031335026148784244,-0.008246088235004403,0.042293774568319294,0.010438776450784063,0.030909603209260735,-0.07293589739723506,0.005747896598565121,-0.1066295314422098,-0.10212107742399906,-0.006067400055452692,0.07950640589930043,-0.1076738689235471,0.03695471124496798,-0.048166370070138555,0.06335291421034005,sport
32,-0.34582257757657175,-0.16639082425521995,-0.2149092822634667,0.08459273805561883,-0.1648719152229926,0.11620591681962006,0.10370620805639608,-0.23842054631026377,0.029831006780137826,-0.06718917449182336,-0.032685886045939055,0.010487814263956051,-0.009948111457353788,-0.0026978617974802214,0.018194498188467204,-0.019159514564528173,-0.015312147663621656,-0.017665027631153202,-0.020086000910841388,-0.009134422853771529,-0.013715214286731024,-0.0137631616856355,0.020215132280292807,0.001529420855056507,0.02203446771632833,0.03620834911411196,0.03767549625290404,0.011379545850096836,0.007811522381275601,-0.024355353377101166,-0.0037555852153715766,0.011423638405783258,-0.0018565216260211528,-0.05748991154513537,-0.030928664218305216,0.0027402580367288224,0.033221075362899435,-0.1367969218209418,0.029126303301111635,-0.07189186003269198,0.04499441488196617,-0.018306543771141777,-0.02538882035790854,-0.012300574561961456,0.016122573145919354,-0.021171646520606536,-0.025940905116940884,0.03414450936905944,0.03514787695705943,0.0404135589975541,-0.03741753769024686,0.011097999569324633,0.005845108821780328,-0.018706290045571845,-0.023367521268729232,0.020102757197320503,0.015266605808854344,-0.06250476709659387,0.011807367857039081,0.03908860789179564,-0.030748433016080816,0.023074470300996304,0.01290136641002533,0.05629186571299307,0.041146948116845626,-0.02370253608815729,0.008520038196208042,0.018072407304190546,0.017982096494349915,0.06624092951735358,-0.04006883261379816,-0.06472828197742869,0.0006596659587064874,0.014392000133151282,-0.040599014423718785,-0.01990855791420651,-0.01205991261689184,-0.017052694810425182,-0.05539192960693035,0.0614789988703611,-0.03319602281010424,-0.08182041496211802,-0.04811891911760977,-0.05429969569302679,0.09632528929001224,-0.10101417968957689,0.15215726440614974,0.07850434617335762,-0.04394603646905587,-0.009631049022206326,-0.055641831871288995,-0.025289687318067588,-0.013230718350496962,0.015037384936421339,-0.0021208458435946894,0.06677912203604636,0.03887851988081181,-0.17385927682845015,-0.06983404314828663,0.004619315601603705,-0.027099086031169534,0.006101205589484856,0.039127526087762377,0.05382219560994947,0.3006908792300462,0.3151984909404672,-0.049670025309466154,0.17617777842367738,0.07691091374239796,0.007441798164307705,-0.22423509213871207,-0.0844064827711335,-0.13559317386528463,0.11260674261199084,-0.007284448260576447,0.08726265293347787,0.030890585291025875,0.054130334935551215,-0.12055642497911241,0.05658728740080076,0.0002813057692296185,-0.0008943244733510432,-0.036729108906578545,0.05103024600271147,-0.013609576545633719,-0.07054698986617981,-0.04550697877294266,-0.0369499447600673,0.008103371415345166,-0.04909845559994282,0.04503980330643128,0.012389773180424094,-0.02883856120617482,-0.007377727106108631,0.04677808033985793,0.03270475562509951,0.06324142786464199,-0.037019155836256076,-0.059972178205749155,-0.06861184513063986,0.061566096685637034,-0.057827560166941426,-0.07756597221543608,0.03394150101850948,-0.013547155257915207,-0.039010069305230766,0.03781270484463112,-0.015585745041889497,0.011501153891083346,-0.0037304291968736267,0.045076585563034156,0.036376186060497424,0.07191044354597607,-0.020559381554799083,0.03159725093244487,0.008339981314870099,0.01196265030666099,0.013523376563245584,-0.11370365520194738,0.03710083066394233,sport
33,-0.4847440407189983,-0.23041433790805702,-0.31447508320106243,0.13737980931032878,-0.23508106289790698,0.1890454259618613,0.19096230710992593,-0.3964307567419569,0.019263357143627848,-0.13672933439336946,-0.05720147253524099,0.04690582877620549,-0.04705309470242693,-0.018420267922836128,0.04126649131868828,-0.06091007225203726,-0.01272130793929743,-0.0009849936121843878,0.01178706632454697,0.004196267508012733,0.008837270063540192,0.0001647583235557935,-0.01465754073278204,0.06836947199818091,-0.009445343487436742,-0.0047454114163902866,-0.013512992760308441,0.0031801573374253306,-0.023085948736379418,0.013014696375558799,0.03283986129707972,-0.04271132369915258,-0.000470476782743798,0.08397455150947039,0.03672025722730469,0.006903284943354704,-0.037687955966268165,0.08028832518493305,0.017693792954311588,0.014680788213113017,0.0029099248751208577,-0.004359185328578811,0.012399539677066241,0.003809007558445877,-0.006233805066502246,0.009036199340390608,0.03293101772869208,-0.0033598615529026776,-0.03686968680140496,-0.07499910099342325,0.014520618400134506,0.007563480975231117,0.006925870140631648,-0.025323514507351468,-0.01725045741287306,-0.00848985722876242,-0.03417751430560026,0.025973852702769085,-0.0006063645678020147,-0.025817641461075316,0.011507708692859431,-0.024394954726710463,0.015986498141379774,-0.0009101361228795624,-0.016460351874980763,0.020151623107022298,0.019279626937062342,-0.006176903305650641,0.012791973267346246,0.0036317323936360278,0.006045617786610918,-0.024307537738243543,0.002281287610974511,0.0020395239233163393,0.010634953219045085,0.026546498646986053,-0.011835875274344265,-5.362883079117898e-05,0.01073353263648096,0.001672123602912861,-1.7199610028066997e-05,0.03417044233803011,0.026122655114111902,0.02346812965573437,-0.06209240614969335,0.04984182424073509,-0.10063837726260368,-0.027936632801065096,0.01803973305984678,-0.01455456788282607,0.012343453832266631,0.008426409743996189,0.012430466913326362,-0.0034597208562183192,-0.0068938546746311865,-0.04784014251595701,0.004422106880214911,0.06993811189658297,-0.009941477593986987,0.027445280712450087,-0.0028349757319857008,-0.020652922653596292,0.003453211244415508,-0.005410228700254667,-0.08129585809593518,-0.07439941664802789,0.010331620098761778,-0.043001728574544,0.003151781158979622,0.0033608123009948787,0.05055163249624133,-0.003237436754021077,0.004233367484532786,-0.03803815795368615,-0.012174358245343013,0.014380187561243365,0.016206388900730593,0.0044145728603136565,-0.040359180290501694,-0.005980799497631365,-0.006403553744847337,-0.014652733094564125,0.0004629332110929811,-0.0013304601849496388,-0.004048846759819573,-0.0019995092083315413,0.005786628860154889,-0.0172852460520138,-0.0011151315395228378,0.0065196652950462106,0.0005297803821475243,0.009553443970196297,-0.012984146839843938,0.010023448965856122,-0.003873188809672119,0.0068821526262184286,0.005229664307180607,0.020406394244200054,0.0029098836588425164,0.003579927356142825,0.004605271925702238,0.0025266008926652463,-0.003424390138327144,-0.0033465647930150015,-0.014727476677644822,0.020868169527758072,0.0008026109984167647,0.0028264484454487058,0.03590300124515824,-0.0024077047261186844,0.009179148045936626,-0.013360294206230524,-0.008788909025720609,0.0011017548624509695,-0.0011969159761881303,-0.017540834548094558,0.023845398855584912,0.010925619368501492,-0.08422674809159436,0.04928841998053294,sport
34,0.06227284931339935,0.5011380370296749,-0.17848628755422843,0.08549199544551206,-0.06836544636623275,0.063090446919732,0.057720464735776196,0.004492781614963157,-0.009622732583095834,-0.014205512973922389,0.009489372835559,-0.06295742672298356,0.0343180036695735,-0.014104158238390159,-0.028774426235028797,0.0013220257696086558,-0.06639411323524463,0.009707807788138375,-0.0005039288680133417,0.013376900808483248,-0.03636084725551625,-0.036848138097007155,0.011415477795329173,-0.003400344005368536,0.0010411089651605485,0.042093174671463514,0.020995869913305317,-0.06146588552049499,-0.044232965661291035,-0.0707905727807142,0.019402282903893057,0.12671352578334932,-0.10393532502388954,0.020841395024961608,0.0010228797794971552,-0.03915102097681627,-0.04336741760289613,0.07620219235654616,0.012335182701704838,-0.07557685327207211,0.0831129521571024,-0.026011132498804,0.07443518034564374,-0.03019619394227469,0.03425762907926429,0.08150864765671512,0.034355784885708535,0.1145937941778911,0.23974087511331166,-0.04734438716228367,-0.053805646516180375,-0.019294735487420913,-0.13178715236479788,-0.14210450443924638,0.02373060541144456,-0.08441425468730664,0.05680070376483355,0.14390487451921616,-0.09427209501483798,0.052149547814570416,0.0014921440766455826,0.11130041960038597,0.030428052237284908,0.023305503274840187,-0.08278284084396466,0.061631699006498696,0.015341441541530991,0.0314334197329102,-0.07965366410942179,-0.0332064600105061,0.012620587656011246,-0.08466272539631374,0.06361741071329347,0.020051930463253088,0.12391231294840215,-0.019020046413694654,-0.015743495884324856,0.028319101011445087,-0.008653212041273244,0.07067840544783673,-0.004368336257596477,0.02720089344031745,0.0058714823638840894,-0.008094126042232917,0.047171539494335446,0.05024788619097104,0.07661230927703072,0.02199911285798,0.08501816203483001,-0.016996749000491182,0.023736967478096203,0.007223193011123358,-0.02812017156487957,0.0016461866616682044,0.06519096310001364,0.002443042700183233,-0.03398676438202734,0.017407715375280592,0.12234268079752572,0.034774664920387305,-0.04975996093626867,-0.03468853074274363,-0.08104737459698587,0.042667689192973,0.13774141770886655,-0.026145588297070133,-0.04907830219776424,-0.07276048800790605,-0.004577274539171198,0.07105870269574256,0.07379260473124329,-0.02722107523081512,-0.04060921025672151,-0.05425306634417803,0.007806246543507369,-0.0161212745620198,-0.009181894405273564,0.03889643386565859,-0.009774186469554802,-0.07147754974981266,-0.07044679847172934,0.009560729899047707,0.08793912664960186,-0.06785583358138887,-0.034728118278582944,0.028002532923235735,0.011936040405383942,-0.0140038468160528,-0.013282460106783512,-0.05380706513577478,0.06309943426480051,-0.002464566113107339,0.06018783164502481,0.0326381565070645,-0.005884629788826936,0.07864225312583513,-0.014095981421144599,-0.11814762544139314,0.03243924113614285,0.07075586700296237,-0.018605119502278937,-0.004904800075942628,-0.08839192086849597,-0.10878420448568542,0.04621013390012232,0.029517608810665227,-0.03066500518725033,-0.03197956069255086,0.01980055998547535,0.22141027549467113,-0.003137360882146744,0.08947489088341198,0.027640545366707004,-0.005171089080890644,-0.05065475824008308,0.04931389309305404,0.04434913789923352,0.0725563760900769,-0.00299472150259956,0.0240589697021265,sport
35,-0.31392058994521493,-0.12507790086359336,-0.1452914730550629,0.04043482566053502,-0.018929055309124355,0.0016603074031982853,-0.06894735419481753,0.25597604048059275,-0.003658729933813039,-0.037772689733524156,-0.0025183852911635947,-0.15098644443040324,0.20096909186024964,0.11244883945713567,-0.2862340809422236,0.45833007959286376,0.18323007241127823,0.02674211838838204,-0.005976511778913186,-0.04531895916552472,-0.06677647692528665,-0.019581528407522333,0.006291521621970286,-0.01911467918173729,0.003077697152347171,0.03536227449403622,0.015631088103821886,-0.05380312146916277,-0.005493719002672788,0.005238773038648777,-0.08050608059327281,0.08079011990503818,-0.008369329629683456,-0.023739996106930297,-0.003534767619041549,-0.03717929453855207,-0.0003642069146032687,0.06861357732607928,-0.09302377567919133,0.07401725068888841,-0.04347390585130049,-0.00853277228307096,0.03023238845015511,0.018170696543797438,-0.08648063744008674,-0.010846090412214154,0.0684134871795599,-0.008606015954891601,-0.07369242061412243,-0.11044188527928239,0.0894165969039524,0.028600642833619894,0.014425865704758345,0.03121150111083167,-0.012627265461326786,-0.011098820302204635,0.04959391992171762,0.02338003172911651,-0.0474845657252804,0.0018307202540988605,0.04916346745631073,-0.027992464000060006,0.000500720655974564,0.004305633009486963,-0.032281105136420934,-0.027991666397012702,0.034706819207400486,0.005174852132546298,-0.011623184554059517,-0.025722442166589504,-0.03073648983497006,-0.011751386055004406,0.006221344719767084,0.03633937265406844,-0.022326462353986536,0.05473855152100409,-0.019627691643982165,0.02492240755205907,0.02430578483919626,0.021570852554301564,0.00856722362912883,-0.004366415096586202,0.043436824645129025,0.005972622287152289,-0.08555328105771748,0.05334582594869259,-0.10897628361377382,0.012871110616147506,-0.02144194014600082,-0.015694288060024705,0.035374089313324725,0.02748346957084546,0.012926613115829622,-0.036372649576758516,0.07007394795889227,-0.028709988572543588,-0.10079001137403386,-0.11955936241734981,0.0773513045539463,-0.05989653340597905,0.079560483852505,-0.020110407983536874,-0.10045276307340521,-0.025239280432425997,0.058051511518165184,0.018313513305685664,-0.020450839392399472,0.05475196906175891,0.021195935810110294,-0.0025919020212865833,-0.037403260364604986,0.025068790629213494,0.020486767882844554,-0.002150508936126202,-0.004430790384958066,-0.04856994151967184,-0.032835855070704176,-0.0171205976197432,0.06329086810042199,-0.0026347385488617787,-0.005183233858408743,0.012855166236317937,-0.01339883049349747,-0.0032706954827362187,-0.012455557795508474,-0.01007014024187292,-0.01366290092571574,0.02061835477332817,0.027638090967771648,0.003991293404830845,-0.0022707851646250835,0.012921945929332825,-0.02750242114446201,-0.041979019399427664,-0.000502280273345845,0.004704568162214109,-0.006828842119360886,-0.009116840129248129,0.016080279996393113,0.011710023666294075,0.022999821060238006,-0.07797277290839433,-0.0251997572571306,0.04024291300398306,0.009062214930984075,-0.00264983305038463,0.058520419433133984,0.005609989849294132,0.011339928734304939,0.029136469347693005,-0.018493449639496836,-0.053055624925431755,-0.09728552694193085,0.03688722962058902,-0.016403869273485874,-0.04737038160968956,0.04415799332703307,0.002045456596977577,-0.05451714366807928,-0.03438076711140456,sport
36,-0.17668123347267214,-0.07508630722362855,-0.07441605388577976,-0.007963948426809876,-0.08036053181448691,0.04035701807837873,-0.17446785141946172,0.050224888510318706,-0.04886860337523908,0.6678594922660989,0.16897573932945512,0.017823033165290752,-0.07365271390558702,-0.07321869018058863,0.03620839157134832,-0.0687238212283118,0.015448086546957574,-0.01918958712180676,-0.02560186202730537,-0.05629553784330297,-0.07517984924547641,-0.05520929218236063,0.09999843988289538,-0.3600014516383569,-0.029616217506038326,-0.06419593417059195,-0.04390703720932736,-0.02040536299533445,-0.01570573143751825,0.009902950319529612,0.04328486718080755,-0.03257519446509477,-0.02306662250606067,0.12135263259073995,0.04364447332233534,-0.000863972897823528,-0.026790139501263254,0.11027199093168752,-0.03541175271322535,0.03868233886463398,0.023899371039500267,-0.031988746329324406,0.042766948054436225,-0.00598061992238085,0.01817948862742881,0.00028495389423507684,0.012672722462375254,0.018624156580821165,-0.039898493674426806,-0.029834746936330696,-0.024893766801639423,0.014107079451479211,0.0063690366207719675,-0.018981174104613925,0.015903142143182603,-0.012328517516610318,-0.02786072256984344,0.02585499924751992,-0.02341313655786114,-0.02885550484443876,-0.0105455179546521,-0.009363052879235414,0.008129156368504321,-0.036907870941741965,0.0030311183673663107,0.007329885488923467,0.002493569715814528,0.014754735099693453,0.008718943036548491,-0.032544154429977885,-0.00511978698237314,0.032753983639189174,-0.0028342394946932743,-0.0009563544045254814,0.009787243056208313,-0.00921294734784494,-0.008957533548131112,0.005167780486278026,0.011949956899319006,0.00104018247009819,0.01991524036033172,0.008740014725911458,0.0012454037999854108,0.013052390292778113,-0.038599826022756425,0.030182254505237184,-0.05624313859870499,-0.03696821979728967,0.0011997326876482,0.0020559441748892854,0.027778737782536422,-0.028982544381027774,0.012572458280245039,-0.012539167662697151,-0.0017800276421221226,-0.031584299412546285,-0.025038511130256957,-0.017377157184680723,-0.0170152107887577,-0.006539990578319608,0.029993145789282846,0.020733230137663494,0.008019200371877259,-0.006572612879887169,-0.02483441792134515,-0.02859107866550314,-0.026166021214202726,-0.03788972930348012,0.006130435380713169,0.011160012179652307,-0.014575569144553886,0.03182269355011971,-0.017980494511716592,-0.02202359027547879,-0.019888298225411685,0.010497236403142983,0.0227376853583317,0.00989808870467656,-0.06932471791497077,0.007814844416719018,-0.011697178505689647,-0.00850706716016279,-0.005056415933059022,-0.00782605708447836,0.007960057436544403,-0.025447868125468554,-0.027582378553650443,0.0034072890159930506,0.02412064657909737,-0.049462944423088795,0.05169362811291895,0.02401565397029129,-0.007949889887452391,-0.013559324669179886,0.0042911617062705056,0.026011683968392513,0.02902915142004879,-0.01920890034089157,-0.015219728685244587,-0.03562164267608068,0.027865050056961743,-0.0389939936395192,-0.06579940402134833,0.05165984300986229,0.015472528542049857,-0.034375309827423414,0.026731815491087347,-0.019316009648344994,-0.013329831052950923,0.0030855772478217843,0.034988459803681364,0.048350538437845626,0.054541191358700856,-0.03843623589910551,0.07614165910003168,0.05133463877853072,-0.030860544519675962,-0.011433393759597824,0.038192398992447196,0.0021550701195209854,sport
37,0.09614130352979379,0.5844473300757633,-0.2033697625719939,0.11787029472996995,-0.06894835168883469,0.06323854447039172,0.06039136990158598,0.003852683810333064,-0.012731551580575855,-0.022995633490624275,0.023677563948277094,-0.0280323242820802,-0.00641984797626051,-0.040755223760652506,-0.030266169389253268,0.01874775086972125,-0.04967493014950062,0.021314687716276048,-0.030992044303983276,-0.007796295776962533,-0.06052367201474183,-0.045637024083837886,0.029361726358559426,0.0007996426497341119,0.004016359812188643,0.06794094041200456,0.03084823607333408,-0.07427424407577325,-0.07329972819939287,-0.06185406819041061,0.002799504766668391,0.08054489939954262,-0.08144693405123918,-0.009348223721736246,0.018907812644873418,-0.03491513561533003,-0.04957190473156578,0.06789336357446436,-0.003581498703228508,-0.06663612036946055,0.08077631801438834,-0.06557493970071622,0.05304089821619988,-0.01624613127652569,0.04545357511309907,0.0934405799802639,0.027587251060804528,0.11206280506613736,0.17581396887421807,-0.07061185462545712,-0.022300450595374284,0.01452330375753946,-0.07390824992300567,-0.09952735325132787,0.016376660472545226,-0.030648268749115415,0.04459614080107989,0.10865519379724833,-0.04855985082826657,0.04708017769222676,-0.03872937970432622,0.018166613088868567,0.007762161019274789,-0.024919178726062696,-0.022518885184609694,0.050816208935929696,-0.0031440448490228866,0.0291538346095871,-0.042190864803117574,-0.0482904336763636,-0.010405624283248364,-0.05441738884597237,0.0230720714570515,0.008362989433875024,0.0800768121855401,0.03928105666010506,-0.01883249749730008,0.018225625173398187,-0.037681126318839644,0.04649505168765757,-0.033000150593417536,0.026550111143294933,-0.003699293322008866,-0.026440076013338816,0.009570036574399683,-0.01656417289357029,0.02597635581883337,0.014405908361596538,0.07576093374617202,-0.002502233181588252,0.09800188698043985,-0.05911410495274672,0.02377513069981885,-0.05686551554994036,-0.03775535474034065,0.048352237673194146,-0.05448147336184974,0.019251301004265513,0.014273594751705128,0.036045292134989575,-0.04555109610612835,-0.039184690555057314,-0.009806470111325233,0.005944923689518766,-0.036431705711054495,0.011055045548707808,-0.035073777068419465,0.05189974673641081,0.02993948993152103,0.06744828987774015,0.0005429126701273286,0.04106631153644539,-0.022890646540079784,0.015458078790720552,-0.026549142209233358,-0.06433220462373565,-0.030311558020051657,-0.02077607380425653,-0.0005058750470474933,0.06547731612346991,0.03862678472791108,-0.022935459722471768,-0.10745074347501897,0.04540496469833663,0.055167999423098156,0.03093146276157741,-0.05439667040815177,-0.010432039638742042,0.009183244320684097,0.03964548806516715,-0.05052420748237804,-0.024768488526112492,-0.05898537086014788,0.03927283462419352,0.09340075792186626,0.043830743396765744,0.01967563612509084,0.0021494789932753004,0.06316843986251881,-0.047278458453109504,0.018515679420940085,-0.03330180748760486,0.07226926324186604,-0.06613149287656965,0.03715127827185578,-0.08386363500485676,-0.01996310047601846,0.021794474824564418,0.00997611489834051,-0.005160939068949691,0.028076568218878918,-0.08418168919442066,-0.03496137035751656,0.07147513437150121,0.03629460381449292,-0.015447768164770576,-0.02947184579566094,0.07096674277204292,0.007306614756297119,0.039997869192978305,sport
38,-0.08807615899478168,0.004024690171571166,0.02347533039836566,-0.24851411608573132,0.6373327037610851,0.4963353820779554,0.10295330836101636,-0.04663472900834735,0.013284119940297944,0.011414560371382575,0.023630037914553037,-0.0028629691665195034,-0.011164359782501137,-0.029395589541567617,0.013681161602463543,0.01968409717788546,-0.014099520666153643,0.008216344026628127,-0.02520034701353609,-0.027318218255501542,-0.023165728790834398,0.0020234678660018975,0.013206497250920683,-0.012815359252378415,0.0060513007170799014,0.03955348554023609,0.016899234198547816,-0.019912222946772064,-0.010662046361609856,-0.007908452099986958,-0.008283207037280263,0.017450085827146977,-0.0047738435700548695,-0.013878959143423433,-0.0013990357248647336,-0.0068921175660300454,-0.006508588167035588,0.004246609683196012,-0.01627240771326288,-0.0029175660352312237,0.011620347434421977,0.0021023907814063376,-0.010958601692814892,0.0009183828226972143,0.006441229533833906,0.0011037162288216082,-0.009311948640363606,0.007830799197676461,0.009148311467656581,-0.009101599714299864,-0.014291105153697003,0.014953555430361195,-8.74868126753375e-05,0.0049510667472007575,0.006006592263546014,-0.0006793744437560709,0.020262465763595423,0.009087085273437595,-0.01722301486964157,0.0006112647364154355,-0.010786032454883137,0.010565808705701727,-0.006490251978665002,0.008585861361474758,0.007335406335431846,-0.019706852405025423,-0.01127862516335256,0.01128724474434475,0.00608785396477766,0.0018130585709778316,0.006584335656800974,-0.016882572663743337,-0.015663017664235803,0.010420797495716602,-0.011497738805945595,-0.0008005386671743256,-0.00249066434458954,-0.008388030812193827,-0.015456702745630628,-0.0006944720788065265,0.0013181664544155284,-0.010789822492996645,-0.011936340125002429,-0.009009228136269299,0.014445275839821104,0.004023961588358328,0.025211748488495972,0.0012575441229611048,0.019844198658020718,-0.008256898127497676,0.01719079352570879,-0.012074849652885996,0.013938046778260231,-0.007818442629697676,-0.014316069379513208,-0.008977285357640963,0.007956341282197242,-0.01560205703149466,-0.008014059596911092,-0.003958730345454248,-0.008252594479928347,-0.0016938608410261532,-0.017468757236652612,-0.006234210502012496,-0.00740830691750489,0.01655839323435465,0.00807265528062528,-0.002008162440944399,-0.00723509499796211,0.016153298777953382,-0.0029033024887148125,-0.0030724900653682236,0.0018834718076272251,-0.007828549659529914,-0.00014089598832443305,0.010775097530801376,0.0012259178913899816,0.013861676693705666,0.009534924254968715,0.006207254842376713,0.016520817020957333,-0.004519217155460762,-0.007407091208512503,0.021046891552796952,-0.00012654885622534104,-0.012154811814532271,-0.012528915294062635,0.017041149698453526,0.018741836453665825,0.014936899386033032,-0.021758737519555024,-0.004073250931934086,0.009787455367879058,0.005301036412834883,-0.00368059070365024,-0.0069986555216946765,0.012737491659950627,-0.01688880376918067,-0.05216516391309447,-0.029095152274034575,-0.011472871154855043,0.014433118434670893,0.005343080318482755,-0.007273889610065767,0.011537373219910538,0.003474165354851259,-0.028872883920756112,0.046092061788071105,-0.007743741038378023,0.01467906225281533,-0.03860771314094826,-0.017280621648398265,-0.05986288223775766,-0.07072166482141008,0.006217869760554242,0.054954031912557454,-0.07612400880324631,0.005921154645044903,-0.034835850594813034,-0.004181831443126632,sport
39,-0.034676280090826184,0.07842857085293754,-0.010065501210111969,-0.012599450990725767,0.054665103527595016,-0.008778448315983034,-0.031466765419470355,-0.008765360406408136,-0.01400540408048123,0.07036122803405219,-0.00024873763497036146,0.021834065544921344,0.00012514690032005305,0.02636361523089813,-0.004083234690754433,-0.019610758045851048,0.03979969854485816,0.003480249797531794,0.05165112442680543,0.032456603586124434,0.08002151956286145,0.0014719859822809075,-0.01740266603111398,0.006530729195206568,-0.0747208662987674,-0.12722904768224202,-0.1314802764277592,0.056242915838567116,0.012734033555409278,0.14034070139586674,-0.0011839470093059428,-0.0671190878528606,0.03642216070711304,0.044840231788654566,0.011285509919108958,-0.017681889897477467,-0.036259160518430845,-0.0464070224494521,0.002542394609425466,0.019120784645011768,-0.08696960821944241,0.1358366426896575,-0.13777826738354174,-0.019256798912718906,-0.05256100162456768,-0.052354675195547554,0.05341574216049806,-0.04766340220811642,-0.021749236987576737,0.05537688647044894,0.3001140052038538,-0.09270610228228042,-0.11589509521775979,0.026696926083007222,-0.06198422474339392,0.06536087494567752,-0.02732724581369202,-0.1820939418843136,0.17396240301676835,0.11629002373893263,0.02836452436770159,-0.03167470517502767,-0.040332042249708426,0.05044450196077684,-0.01055536378940249,0.24547577634923626,0.15524094924537984,0.029198842630779966,-0.08692254337579643,0.21989076429780846,-0.05232055947323407,-0.15902125374418258,0.3649170688943059,-0.11325132483165525,0.14388912962675715,0.13636772119724916,0.16409521251292142,0.09173672868183026,0.13976836000079357,-0.07681432321700475,-0.17486555212758967,0.16881862828490873,0.009267762140518486,0.07392608298017808,0.07221300019763262,-0.1047578251933505,-0.031518797572421056,0.05044202222762118,0.05216776413747864,-0.007396012682326363,0.005467877616196224,-0.05276545430148125,-0.08210793146079735,-0.11313156646278012,-0.0016266276374260866,0.08947259557304553,0.025708534213283528,-0.0015090312388507737,0.06581800439068367,-0.06727166803104823,-0.025576219681697213,-0.020308761532799466,0.03160319787435982,0.03273689410814034,0.049797436890828634,-0.03801173630694225,-0.08863415062403482,0.04358722694589353,0.03394606337614629,0.04464343090942205,0.046488896168430514,-0.0038096477831049747,-0.1001131991088066,-0.077406364197796,-0.04252623946955431,0.009313875459075936,0.015378854750999049,0.009930901056061573,0.07826073242406031,0.012051063896960045,0.005478221208059456,0.019138934942287106,-0.03377720083131361,0.03296498981310242,-0.035223441986392275,-0.01883592834251597,-0.008046738536514764,0.028864098235824583,-0.02002809146713151,0.009498953256171241,0.024872139091224287,-0.006628416106844961,0.00571092797334056,0.03969033165247672,-0.04022502059468993,0.018250185318448086,-0.008585217537622364,0.0020392917412395736,0.024515895885184054,0.002283123003000747,0.01221759478513903,-0.01356367030888496,0.02675775120522275,-0.009814607567116326,0.011066428626762185,-0.005953053009777543,0.022282107984800296,0.0034171989950514308,0.00017587652634041816,-7.84644930686993e-05,-0.013029147308747309,-0.0006212300545644695,-0.014366641917400677,-0.01703700447202606,-0.02118667313098582,0.014516630148886633,-0.002123721857290554,0.011084451866829652,-0.0017439927568207911,0.0011801305743701673,sport
40,-0.37685169886912273,-0.15843145513137238,-0.200007628905263,0.07380252524721582,-0.042535663361428964,-0.06999184917305648,0.05994480091840129,-0.06808843402016121,-0.027670866023925742,0.05555123160482577,0.048696182861414285,-0.05436087668214608,0.04541907825102066,-0.028057193084792056,-0.06676888640634294,0.13765021474637068,0.02040622289205993,0.023003237423925498,-0.04382915228354931,-0.05594113366849943,-0.08719561584844097,-0.030412989115921916,0.025253575786785283,-0.108682744851701,0.06138519795324036,0.10387697113323027,0.09224249476888706,-0.05184151838924461,0.03695657607236455,-0.048765280310148075,-0.12684393311168649,0.14529045157858456,-0.0032684299347588547,-0.2108891981346069,-0.08479119762586039,-0.05799523225379444,0.0372387866894727,-0.16618743274102704,-0.027985523375950026,-0.05796276139969601,-0.010954034573105812,0.0418789165260553,-0.023556703006110305,0.06968642827727219,-0.08839577133371825,-0.03769974209029937,0.03810084658596597,-0.06864355211954613,0.0797798211970033,-0.02438778977606833,0.08825202412495824,-0.017827709165116567,0.035369967364084716,0.08038861227959727,-0.0026784052660389877,-0.016246330608158832,0.047135504998887134,0.016970513111852676,-0.006131936260676187,-0.00871273903974718,0.022557122492943844,0.01428026368346343,-0.011952402156061262,0.02617065015387683,-0.06902479225259903,-0.013854807947349506,-0.021343040923885524,-0.05215429033315242,-0.029732253726801626,0.033743243685384845,0.05127143536010941,-0.050408312557877276,-0.0009702633642159401,-0.03793508979822915,-0.03696002841427847,0.06564947615013968,-0.0033427356073327734,0.011243924298907176,0.05479556417638457,-0.06705973199735953,0.02877008557589997,0.01982001678053735,0.005620902608549531,0.002062281805103855,-0.005870008911399347,-0.021256678085785193,0.013008625815015938,0.020324726300290672,0.03590685007600729,-0.026345448214203107,-0.051405012503632136,0.056358747059077424,0.027428841756419665,0.04225651953789573,-0.03598182437105852,-0.007134553254496782,0.10119946829451301,0.23322122905267129,-0.061538724052372845,0.14346354405520786,-0.17844394650306622,-0.1333468497853114,0.0899143637848797,0.06397700384539814,-0.04196541123576157,0.03753779423006222,0.0438703369334729,0.026966948075589654,-0.036585547171220555,-0.0445844100155453,0.1744253784054684,-0.09364393080627775,0.15410862500627728,0.13587165424706907,0.08459656319440048,-0.03415638242779317,-0.03661827050762851,-0.04755951953880522,0.11490024641727735,-0.026675920221366754,0.02050343658268317,-0.01864536882418475,0.04590462636952189,0.017948595337764585,0.018662002099775053,0.06426270465840962,0.05270504052637029,0.009112425399402066,-0.10535507481148151,0.07386662851919999,-0.0800411443855328,-0.08285865029285579,0.049004837307332016,0.0718862713779739,0.0019431447537692137,-0.012721512031469758,0.02285754009523292,0.022678198228139417,-0.04037072803681905,0.007420200687030537,-0.025809588298988162,0.07350143441321239,0.008158841620601865,-0.05558415940642281,-0.01241178005443679,0.027498279396759973,-0.07027963264113248,-0.013892194966097345,0.04037139632262136,0.003026371866334672,0.03601299204807129,-0.0051171866659307065,0.04073645254857918,-0.026517637778755213,0.048209926240894235,0.0022393962233067766,0.00954603701546174,0.012752994248503376,-0.09385415719827331,0.03329890973026774,sport
41,-0.30809541000315116,-0.06391605815884671,-0.11329319861965276,0.044155779820640784,0.06720951350139191,-0.08322880264302147,-0.023196203204717603,0.33702588532209893,-0.005103118434812983,-0.23943625334338509,-0.031195225932076503,0.00894813970107295,-0.02255564822209266,-0.06785093854474505,0.14322126283016498,-0.222193771808419,-0.14917249053982887,-0.021961592889541186,0.0008236003902803117,0.03386361135332752,0.036302583453844746,0.002849141612429781,0.038781363780121245,-0.07890715862122426,-0.02748000851047015,-0.055158585825964467,-0.03966371417401075,0.03624019170106674,0.01980355086537146,-0.03263767543702901,0.06981332692267757,-0.09993121844862167,-0.049621359546600505,0.12457800730735853,0.022921473474574794,0.033358622892644164,-0.01284101332594552,0.016103088571501716,0.1049773123930115,-0.030301186067266974,0.018659172533185418,-0.04250130780632654,0.03945013400555799,0.054073116756968645,0.05590403823181997,0.016913873896423473,0.07235761547875956,0.05401115785245169,-0.09257038191617299,-0.06843398804335342,0.09454375019223518,0.026211752604868188,-0.0037433688795067486,0.06344119049443979,0.01689791648787746,-0.01957657462483601,0.09063226236451782,0.05028068737122838,-0.02079599128442252,0.01972227599749004,-0.024189185523964145,0.020285007314556878,-0.012308519919930046,-0.05157485343162668,-0.037087521642046276,-0.04336701283575061,0.009934288879376175,-0.016637230321320477,0.010747058537139765,-0.025619684873770546,-0.012200090134948731,-0.018237378658134216,0.02079379985709148,0.0022172542229668825,0.03966402202386947,-0.011475105254178383,-0.007602889526547824,-0.004495651102989767,0.0302458286344573,-0.008909867871698311,-0.02446859114613228,0.0036494176131250116,0.04338111890850178,0.001331292966033985,-0.0010367726320329009,0.02606464523763726,-0.025553320944241134,0.03318825302774697,0.025877852595672417,0.003977050869333362,-0.01194235063484269,-0.023586435415835043,-0.014619850360917475,0.005544087933863301,-0.0024440941992631433,-0.014036859084562533,-0.03253510141809468,0.014667302247250689,0.03980779627621106,-0.002799817256876809,0.006584546488801471,-0.02735997599336636,0.008179907945769567,-0.011111095107492119,0.0432593257440729,0.018484421246450215,-0.08359825262136653,-0.0005901689088886247,-0.057160552366414784,0.011184032992912353,-0.02396170536417661,0.03855986047033055,0.024296375558039728,-0.02876618521695216,-0.06638776790920276,-0.04042242951879604,0.006936014017837435,-0.08082674768945686,0.09074867365339889,-0.03223474713253395,0.0012141086255133882,0.012984266763999037,0.05116012776209914,-0.049884424108355425,-0.03593853631768955,0.10794834347840938,0.026359282458646254,0.07123042988949052,0.02067397602407338,0.23811482639887474,-0.12098116217489986,-0.08605050526316205,-0.1245468645772695,-0.339016635036708,-0.006971770429186629,-0.016461536615820338,0.09279527018537853,-0.15215491632205294,-0.13727123654119713,-0.07127822640097979,0.024446919458310252,0.037049821032778006,-0.05328418381956292,-0.10010044832873724,-0.016083358310073036,-0.16574110104606055,-0.018401016312884284,-0.01294418932193045,0.0047967134208081064,-0.06255066279908703,-0.03315057537834847,0.09392752078756486,0.007680955282308029,-0.052241139957521096,-0.012480109638241303,0.027623626140214585,-0.0062500197964686565,-0.058042778815580204,-0.06133090977752607,-0.019438263909036923,sport
42,-0.29308517998262124,-0.12164443863159494,-0.13691426757643763,0.02961602686191104,-0.021509402683354027,-0.010625775898033986,-0.07323224112186703,0.24233670279647926,-0.010924785580634708,-0.04312770749756081,-0.015266053438322888,-0.16373423794238962,0.20862035063870485,0.13232311917282277,-0.32559459678334585,0.5077944615207667,0.22133619074068903,0.020204274678254336,-0.002202101381705646,-0.052926362792234366,-0.06638325043416263,-0.021037335036990807,0.0027826564494896093,-0.015686976782284846,-0.010748699422506726,0.017824513241738366,0.0018902054997840844,-0.03848817347908219,-0.01425357485381435,0.024179721328152458,-0.029439427994843274,0.05098360480934419,0.007037627105096275,0.0098513214509957,0.011061724713065001,-0.004001636359731772,0.0002512010478119952,0.0959201995415165,0.004283776360486971,0.02548545551293851,-0.009773516137556284,-0.026662540011383996,0.007164254982258107,-0.01618135635621074,-0.039623738411749286,0.014033035619118166,0.07700751490079934,0.009329306017143869,-0.11225709548601251,-0.11624008323065574,0.04015330151637482,0.02676491084091609,0.019364447304617203,-0.020229113207093974,-0.013675329061441558,-0.0002702981328034914,0.00770775682365752,0.01572390710084515,-0.0286555037398682,-0.004554647335440479,0.05763617309624987,-0.017011763271991734,-0.0023385600460377035,-0.00572365709855386,-0.010814353568922122,0.002819807401937467,0.053569391891682375,0.01795485564453319,0.011949503316892712,-0.018394976146962057,-0.029849990935056456,0.005623521014247706,0.0032774238756914866,0.0075120771792300065,-0.017750543140265713,0.032828252907500875,-0.0049631564459848496,0.01998385449768161,-0.0009018541837972676,0.013593453159338421,0.02611222586035054,-0.010203219347839604,0.034919684194052024,0.00182048432999238,-0.06047357306829142,0.02771138586285954,-0.06659564807457201,0.016986003323590473,-0.028796278232363064,-0.003265745164610482,0.0106485386422829,0.013408321973232284,0.007727693414840543,-0.016529438090113195,0.05121230403581799,-0.03017242718010576,-0.07110493206402771,-0.08184460124145526,0.059851518795907964,-0.0396743553117025,0.05976099550583963,-0.007324221958722102,-0.07458488363624645,-0.01664183421413334,0.04902905705277411,0.016886574970197202,-0.021190356360364614,0.03098043625222523,-0.005699691449536426,-0.007082758269184791,-0.01900412783329547,0.009588384351870786,0.01760874911628622,-0.007487324316724065,0.000690414534402664,-0.024100277846125704,-0.028654990591116525,-0.0023003371814723787,0.05238311730727241,0.0010860561230854032,0.0018913968895097192,0.008485264046744632,-0.010801889334059171,-0.012553703501248955,0.024473466651047264,0.012615799884774738,-0.005996374372135351,0.050960201962262634,0.07935996768413145,-0.03175257578853662,-0.029762310056466956,0.010739696130684121,0.012153594214229832,0.007541729572526279,0.017656882422628993,-0.0008628491720054511,-0.009869849437344317,0.03165394409869086,0.015520903986826847,-0.030432708204725312,0.031117335225782073,-0.04049411853982108,-0.02745664684682632,0.02696309931103499,-0.004628062074378091,0.014368250720247704,0.03800869197183881,0.009345638059154095,0.03066007112001689,0.0382481442763218,-0.014817730003284487,-0.01815720347352838,-0.05101554175265651,0.028228057358222498,-0.008690556752791885,-0.02054233818897751,0.031175225826937877,-0.011553705365491,-0.09614095665891263,-0.022726515120312405,sport
43,-0.11687771859524382,-0.0325371340369268,-0.026282256330340422,-0.01892126981352886,0.007558814905180146,0.002052290548051026,-0.04716178487144703,0.07427194707798056,-0.002704524154385423,-0.005152858566316508,0.00185173136259614,-0.037926525083000456,0.06260566310150534,0.06177071492745448,-0.07264211700419611,0.09958728812899463,0.039686971062195306,-0.004900481802581312,0.03578149791575898,0.004132114349108219,0.030167598469544362,-0.004725861796734318,-0.00922595787140626,0.020696218946136342,-0.01596820990029539,-0.07044564472844354,-0.026045838325533734,0.04505530384037913,0.008715177042793131,-0.011597304616916384,0.04736129160843935,-0.08355479047174755,-0.014554464246577381,0.06056604696046205,-0.03350636083626899,0.04139440350991675,-0.006529059239817786,-0.10432200229434056,0.03985652516869731,0.023606146063158806,-0.008454520376467902,0.011419697807126879,0.0022679368906995336,0.09123957102416357,0.051802972721831916,-0.023231967922121132,-0.11062310870482786,-0.033619757922491465,0.19133897039965053,0.12881932731459625,0.045219808728329494,-0.019180580544231787,-0.01452830074078669,0.10496532696003197,0.06295364979774218,0.0014250248743576408,0.0512454408159752,0.16398233372270954,0.1743585660887286,-0.011927827717248325,-0.37078613393680815,0.06398050509830223,0.05152102347017966,-0.03656360880990662,0.11318033041383008,0.1820248196101577,-0.22430474381069093,-0.056617143354867595,0.274289152419648,0.11091737207102825,-0.19212197852758417,0.18410752303483016,-0.1612666385431904,0.074411822700723,0.30146582173485287,-0.10039632960835233,0.11408725222097087,-0.11199442501563676,-0.013142060034798717,0.04040263791658476,-0.004884509232785393,0.07946476489135954,-0.04679191020030798,0.17612610325319913,-0.06274197926146069,0.025585867224837373,-0.17422580694233172,0.015328477381843487,-0.013303470086114337,0.045302012251333,-0.029812971005556348,0.02248269659823366,-0.02238394185923711,-0.01486759611875773,0.08942767718046711,-0.13939057902811006,0.02956938584197003,-0.017723815753891935,0.08908879702896899,0.056439342527334714,-0.03914609157460032,-0.13868058642525052,-0.060122343729157514,-0.00587060139434181,0.007753637849667477,0.08455742363710521,0.01812098938385029,0.07188113618137404,0.050391902365716085,0.003788585347886802,0.02312550085228147,-0.023295414445440078,-0.010992686824239976,-0.004458883207396669,0.014592214212003745,0.007009677127039942,-0.03164231146674058,0.014722220304189813,0.03464330391085113,-0.004199663769563414,0.008153702367946077,-0.006420536434809888,-0.01887864686844736,0.004943945190109016,-0.016195864470696306,-0.017866045069802,-0.008137180729088835,-0.006707945956086315,-0.005026713523975069,-0.04602176790582507,0.02169777790034572,-0.007868179055415736,0.023405610862623077,0.01955089896073588,0.005714976585144314,-0.02375971618755922,0.020303225844908027,-0.0032438382473243244,-0.03085480409359391,0.0036615261227355795,-0.03121218649372608,0.025425386723248854,-0.0016453458084035913,-0.006709406358623398,-0.008113414916498413,0.00016924104420292652,-0.007074225315604914,-0.0005952603440593999,-0.013877719605909793,-0.010297331997977837,0.0038948545778683553,0.007855755464695895,-0.0005501808610937458,0.0049570023108921465,-0.006359482883642995,0.002432584644160598,0.001444856302365855,-0.0038385020040753513,0.008403274806126543,0.0027059129262156706,sport
44,0.08269852000149262,0.5943676642087619,-0.219632336117793,0.10310266775830818,-0.07672216759716138,0.07312273492121198,0.06949962413537472,0.03509936336420972,0.0052229219020108585,-0.006738295460119021,0.02809805022552626,0.018951305387650674,0.007164968252269157,-0.04927793527942386,0.023684443950415374,0.05519920445872573,-0.024262870410817712,0.004401402724164376,-0.06653709414371223,-0.0745082628971904,-0.05533665183231296,-0.034283094114219155,0.012144164087495914,0.008396749291070399,0.07812366232447777,0.09575486962093754,0.059528140656776925,0.02299089098095124,-0.04381153075349365,-0.012962663507882267,0.022547602803187395,-0.050224789927973745,0.06663997361922591,-0.007272163067224203,0.023426440472502492,0.0054960940136472075,-0.05232253531952573,0.004005954816379235,-0.020356330433225912,0.043199691410504906,0.06405033255229083,-0.04432474157676355,-0.03534430958005622,0.039153245159172734,0.07343863096463543,0.018558107377830615,-0.013145521894182463,0.011087363299537824,0.03043642819155271,-0.019370160144838274,0.04573364918783261,-0.002811455174004251,0.0317049218351954,-0.03345229495702715,-0.033263873539394445,-0.04231589253021323,-0.01477917709210115,0.04033643442804436,0.014219644940495314,0.010344539345239908,-0.025483374563084044,-0.016275272739776813,-0.04463555966964471,0.002447068260714961,-0.006577524698078673,0.014729595213505392,0.004121697595092126,0.00997805050927176,0.01452407815454173,0.02967738953502336,0.029776107715953914,-0.03388718384987767,0.026024167446874025,-0.010626327427841016,0.046500431217311226,0.06429841096038318,0.04269013379717183,0.01407625014875637,-0.01986373103868909,0.0225226337629168,-0.01729264495939401,0.028150126528698492,-0.005008782596133838,0.0020875625662316885,0.03978242368956563,-0.04071912350270015,-0.03559242049327194,0.02967163377545611,-0.008052116061504362,0.029818360876999437,0.08618520321036746,-0.06919497449894775,0.06719911241062505,-0.07335160942686866,-0.08243618936408406,0.05098863984000526,-0.0465760758243878,-0.03280767706802552,-0.04790289471793301,0.043857631025657005,-0.007261553662502769,-0.0068854297606802985,0.04155344364555657,0.004241356151682084,-0.08132823160955925,0.0073008864038542915,0.03386284376586587,0.07107375600461131,0.053094135333975445,-0.018502636437718087,-0.023640076486249145,0.029391718445753154,0.01170240918409948,0.06037378826250232,0.022635530718938257,-0.033539890427415724,-0.006231171656972612,-0.028039878275904786,0.000273396549186468,0.05415063426059169,0.08284206668076989,-0.045705444624208155,-0.10346048253526503,0.04411814956719323,0.0935132003289243,0.043367014805365284,0.046754808667741156,0.0014365835796656718,-0.046749354067849413,0.0030667789708611797,-0.03248305603274883,0.027583309672186914,-0.06911225228359501,-0.07891350451149277,0.06396677354725216,-0.1315541009977872,0.08706139966721856,0.15868282075185655,-0.023636300110818947,-0.10143757986330738,0.013176850679153494,0.014915031829901098,0.08341431933116805,0.14364487229634101,0.03181323828580832,-0.003155541964949745,-0.014850910965611079,0.04161085313465607,-0.04845415751488575,-0.10430370136858458,0.09283515644808325,-0.05484656841393466,-0.053264620729540114,0.1205205695479376,0.08623977690174152,0.03418307338957425,-0.07551170339790665,-0.09420686408835822,-0.01858875669428514,0.004697671624032105,sport
45,-0.3169757362988828,-0.13600126577081065,-0.15347294185227908,0.06157854032058389,-0.05946337303508573,0.017749957225900802,-0.03928393145680715,0.11626804943756631,0.0029738952306961127,0.03925491746308673,0.029320467290165693,-0.05256616144943976,0.07174738739893712,0.03146413775124572,-0.08124590750748371,0.1452189583392178,0.04313031006345173,0.016320297357535804,-0.005092385927519134,-0.0007327378735743604,-0.017916822706348364,-0.018296991750400737,-0.004794042201314564,-0.021839985680646476,0.012955279548703274,0.04039426149987792,0.02169163191780449,-0.04660066383041097,0.016767287312098794,-0.01746608300378159,-0.08663592932940514,0.04514495790369421,-0.0066394183707942245,-0.018117996302186107,0.0032666508055790287,-0.0613186829696727,-0.01144066660907665,0.02250217523214427,-0.2288649373013736,0.15077628734935844,-0.07312655410028907,0.06772146846440186,0.03411555348421021,0.0721040877113731,-0.03969770251454161,-0.03247280327200656,-0.09338085696248198,-0.03083378796818221,0.16573597350795075,0.11007340960835262,0.04334453893529459,-0.02721009715935434,-0.006223665631653937,0.10748920056675819,0.05040804715044264,-0.04678091134905147,0.06160014009994157,0.04570116301738564,0.020867966467396793,-0.0036534811277981467,-0.1690358003504755,0.04854510335261547,-0.017465320766294014,0.013322306276346512,0.02460025297590262,-0.03079465629678435,-0.12284632498381808,-0.0362575708646285,-0.05112471274445482,0.009085695515809794,0.03236221626120428,0.008685063923527504,-0.03256892138566896,0.024291444225987092,0.055745833369805105,-0.072044749070426,-0.0026640311767671993,-0.05531042990813197,0.0031208487984134034,0.010227270335421382,-0.0701269459059309,0.04529949329617934,-0.10010783659953325,0.009324135211936492,0.08572431835144512,-0.03494263018089997,0.0961344998405585,-0.07105901435046141,0.037203447562788323,0.03854853697414961,-0.03367279430030022,-0.12408656711000207,-0.0002665906829923666,0.03181041720908291,-0.1745231208829109,0.09465011253600931,0.10973134177276114,0.1122431351875371,-0.16014357300093213,0.05084818612439278,-0.022181002377509515,0.16057292124893005,0.22446410455259674,0.037443149306061546,-0.013426783461478393,-0.09968214877591643,-0.08568641869953915,-0.21501828171626194,-0.10554896859935287,0.04692044613321669,-0.0839202179528507,0.07158659811266516,-0.10963133182241169,-0.07719178781257643,-0.10252938224190744,0.05762044634828278,0.1262948786697975,0.012231131724618868,-0.16431170782476173,-0.009478923059279758,-0.020092547544249776,0.010334099527970096,0.01607897662673538,-0.05204245319094789,-0.013608674083326519,0.037833885549548314,0.03587045521725676,0.01141860125833335,0.018761952892607427,0.1100072621312665,-0.0471327978119687,0.053582542815145094,-0.08437114280251598,-0.06378042337868732,-0.03803855991833361,0.03944993986718957,-0.034347293833445536,-0.0027843805887104492,0.09120771013818654,0.03160220251122282,0.04782925550815686,-0.06429704774853916,-0.05502056479464768,0.030789967001700617,-0.003765548195187065,0.03956298945147098,0.060818546632995046,0.054590990112957295,0.03684404161621347,0.022980553119664845,-0.040719039244077354,-0.059310413448552764,-0.10093228030495294,0.062340880722821436,-0.01118146932829487,-0.045824670065116514,0.035669355309453164,0.020581480976872835,-0.0462503624837893,-0.007814680200360156,sport
46,-0.1348657822603329,-0.03375990088408816,-0.042767842115117645,-0.0003580257272995935,-0.04736025594315942,0.04524081143719191,-0.061975813557812065,-0.01642171737336503,-0.02951269819137948,0.2554245316850507,0.048789464590712164,0.008018685750388376,-0.026948979233297508,0.0014527730788863225,-0.004106765093809384,-0.028489658689291153,0.04190865678969444,-0.016521364413115115,0.003396488043458656,-0.0030255261197649546,-0.000590603173932635,-0.035210178926852846,0.03622867719899115,-0.1631899705764488,-0.08928935751700491,-0.13784474223138193,-0.12208336159440589,0.020420763387654965,-0.0548605430267996,0.053225796127768225,0.13470863412927458,-0.12759410517352665,-0.018989712027334824,0.33047616073926445,0.14499036013404903,-0.018125076461065287,-0.09275844754011481,0.32867031256305973,-0.21353368803727818,0.1926576748196422,-0.06762219636455581,0.05051724968398972,0.03214332292943954,0.014224816812615766,-0.06736801263676122,-0.015217097824427829,-0.03503290574069533,-0.05050375687342072,0.007088683985927754,-0.009231946546571447,-0.007134498191481145,0.020205273705525786,0.007193792554633906,-0.09355492110728592,-0.02493631509922883,0.01739964321698111,-0.08923833473477326,0.013700814167212484,0.010811254833862406,-0.09405964231928605,-0.02340275668386194,0.03130228145945372,0.05912673763444659,0.036473766622212724,0.016919359874191253,0.016692987597511397,-0.00484287718662017,-0.03858291804588022,-0.011478644142679911,0.03726879039081449,0.01089968190951828,-0.09571456156567003,0.012743756858729716,-0.026573655807961734,-0.03506616750347315,0.11614850972332758,-0.06297758892302688,0.0030402534512510666,0.0030644029160678404,0.006779001324581109,0.0006691077783684423,0.044034904699274784,0.014257317503446557,-0.07847859154501047,-0.0071683161405541665,-0.052576271875914946,-0.03599132729323566,0.04061188147838047,0.048214087910813656,-0.01844395703397639,0.012557677587848256,0.07608878420834093,-0.02658107395483742,0.03435537212232504,0.06160289355861725,-0.003181962903560901,0.06469700727404568,0.04399983522293044,-0.028698717202035064,0.022264311194188768,-0.11156551320564607,-0.1071873402802358,-0.01942301623967036,0.0606819785701179,0.06719999035544219,0.15220894061625495,-0.09315953309455503,0.08830337142180317,0.03824757308656119,-0.07303016299566283,0.006195183249673912,0.006811377317547179,0.25189563915498386,0.2035758703528626,0.047021982869952496,0.006150310294446889,0.04180380368335715,-0.04057475332336505,-0.2686956832681815,0.017652317167056675,-0.055144563080677944,-0.07587809402724047,0.05848499187350649,-0.03661182880484492,0.021977829650773977,0.05520743344189935,-0.008539954796367122,-0.04645709266600235,0.0032331553907350347,0.0389410202689784,0.02553055792056227,-0.033046704001318546,0.004608376144143052,0.030894671890375324,-0.006173604899823036,-0.026935028579042602,-0.017363259137487343,-8.243932591998966e-05,-0.022854604637671656,0.02015035136943553,-0.044546136198682244,0.0409916769377401,0.058449517353416344,-0.03574331564872086,-0.008574680187007109,-0.003017168066727814,-0.020742091527288235,0.0103701789359972,0.005270851331626387,0.0016543140967253036,-0.024114783303974673,-0.01648259563259503,-0.02990263286043809,0.0071195333358750786,-0.03662689226992245,-0.02682709843515598,0.007719314022523054,-0.0004982334070730447,0.015447591585444623,-0.032081509968889484,sport
47,-0.373863072093999,-0.14492659243200065,-0.20789384905469854,0.08141656787148116,-0.1102152325972364,0.051777581351197276,0.02339996449949267,-0.018282229686845633,0.007816443205650326,-0.025942944408549634,-0.010739190826972554,-0.003844947758122621,0.005747562079712389,-0.0006069986576433503,-0.0029201928042303844,0.0022960224426711398,-0.004501008945244667,-0.006933347598697316,0.012287119967318608,0.006009831239238157,0.01732228688048941,0.0036322553010808886,-0.014713116670943622,0.009781236142253562,-0.014249517489331802,-0.03200218105760921,-0.0206661530389156,0.022779986283758002,0.004609056848017347,0.03647262989209011,0.004587654066062178,-0.03136073676292775,0.035853252343692465,-0.012435828580911643,0.009563951677119714,0.006961401651698697,0.0037928867493075566,-0.0031935045886304723,-0.0438475412152613,0.035358997408942,0.0018871120842744835,0.02009916943500285,-0.04938861638344364,-0.023456571408012546,0.04220779988703995,0.010658748397151606,-0.11631602934227936,-0.030156924702293343,0.12654134548889898,0.17283209811635192,-0.08584592814186438,-0.06580585569846761,-0.011471602439945206,-0.04849415381800592,0.008754592016719074,0.020334752011165268,-0.10696067134708057,-0.006733290440608514,0.04203181612891551,-0.046098096924215286,-0.09733991954634545,0.06483024178363744,-0.04307569334520507,0.009214357097772675,0.09340683493662875,0.03517505653504568,-0.034363725876634936,-0.02120192581708441,-0.01172322678043732,0.015345931527149737,-0.0036819825019017006,-0.04191119786330354,-0.01935091206048811,0.024376848558715997,-0.02506320049509993,-0.04743952894686393,0.023881388871197902,-0.02787419891616937,-0.08296042032706427,-0.008962090980326277,-0.016399909956117096,0.0140487936052657,-0.031313219307147144,-0.10668963100955257,0.14973082885571562,-0.15335040694726043,0.19853848994251305,0.05065881417775309,0.03370718605040971,0.0971592536001725,0.08974554680232429,-0.04618252377196068,-0.050166607060819025,-0.006400082314841257,0.021479434193514245,0.08844596452526791,-0.0925655284572964,-0.11819588409253862,0.01434693437556325,-0.11596395297064858,0.10394898853007815,0.10978073512198434,-0.07980705112240874,-0.01910966344091925,-0.028707180427373406,-0.16418583268191156,-0.09561908700822482,-0.1334040745806493,-0.1503148013784114,-0.0953371808293671,0.0030557948996361626,0.21661000024950952,0.25650736183408107,0.0624462237570624,0.001088048316459103,-0.17323866976034796,-0.055906367510782186,-0.12963879285841207,0.19355236875946993,-0.05169304799832129,-0.004760964988813204,0.05847284595392686,0.0005916825394334103,0.03745068986005976,0.007026355214636204,-0.05380486400710138,-0.05882315823503663,0.017891315138546547,0.0825037429998112,-0.13670804740904982,0.02686868208337707,-0.05329517061087865,0.07550686296206735,0.04049729440837607,0.009132485932769524,-0.023776440340523834,0.011486298591165792,0.017617379966091327,-0.08967868775170833,-0.02487893691195564,-0.023456199243019747,0.03496268760872321,-0.0014611698373309429,-0.023028100192895515,0.0020842703520473254,-0.05281810855803295,-0.006085644969915827,-0.0606975735684304,-0.02470662387060749,-0.020613664341460794,0.02401280594924117,0.02790424000246107,0.03358407259820027,0.01120397061723171,0.018127808596487535,0.010920737137826726,-0.0021248361699692147,0.013713365761207356,-0.04249596629019528,0.015146050125881922,sport
48,-0.12867733383111085,-0.05026028064053062,-0.04085688221839042,0.009158621875040249,-0.04779546300579235,0.04321112831492685,0.02224223545156186,-0.10179335213979868,0.02074786652130686,-0.05873564084261034,-0.037078368496309626,0.03706841123174181,-0.003342225649642623,0.03422302594040847,0.02280173681839832,-0.04746105780400427,-0.00685427163210828,-0.002699486903157221,0.010364540008510583,0.0265903811904244,0.025609235844368434,-0.003135165443056691,0.0011734421964234472,0.045854058840512545,-0.028776944833841567,-0.04813814430484471,-0.04693300357161517,0.04268621666590751,-0.017911518243013715,-0.007603707398809148,0.11302733928279236,-0.07751220357369192,-0.025473691204650685,0.11447126843363352,0.008262284263307145,0.034635190179067056,-0.024958828250907138,0.029280880820884973,-0.03494485275741918,-0.011792292077262054,0.02097789818847037,-0.07570134887352678,0.09527390845724816,0.06402937535425601,-0.047744420035064065,-0.008880231095118624,0.07367837930231834,0.060843240778991524,-0.046432462853171715,-0.07356268108902733,0.20529085992304344,-0.025124368881436213,0.010635277395239028,0.28601669946059327,0.06504199956856377,-0.09815626892970872,0.30351861425667126,-0.0015627297008484167,-0.11689003052880431,0.19321186814501407,0.1310547432336443,0.02605795721349633,-0.14986250841383858,-0.11851354351664721,-0.17100008849610707,-0.13602523026419874,-0.02278286653681041,0.07444160249451433,-0.05304999179291933,-0.1904420137580484,0.005541109379735724,0.36039359218900197,0.015386666873225876,-0.14155022757271923,0.22114187570653498,-0.13333681824397703,0.1845346328122871,0.08919338022531362,0.1328146223972713,-0.16441772778964833,0.09547186544005863,-0.006644310411766578,-0.049621240221619664,0.013564849967175135,0.07117029511792064,-0.07877647227021224,0.14987155733832133,-0.043363659096957725,0.024973887082282074,-0.008530055194386566,0.05485521739884301,-0.004939375520774996,0.02242872134782813,-0.0036138816586539124,-0.0006489967082727742,0.052201469461123126,0.04003243292854199,-0.06976911710743688,-0.023092569269992435,-0.03080962611529336,0.006869871249773013,0.05019422495888549,-0.014749076604169162,0.01026685685686844,0.020536632942107717,0.048961979220547666,-0.04181786628348919,0.009132450050362347,0.005157108845339036,-0.032431422943379556,-0.004613332231398792,0.017187864776734604,0.08805430764777902,0.11862368500074211,0.038493034348344744,-0.00684177499488839,-0.01156546255375481,-0.029058461844057016,-0.04642072766385224,0.008316723880617601,-0.010725748912022107,-0.00791954684312067,-0.0024389706632650587,0.02013762192056902,0.03826210864801587,-0.015220630242519073,-0.015279256614476528,-0.0377569613817738,-0.011255843286843717,-0.07153530695737373,0.028409670295519593,0.00458700663123468,0.04384849445441699,0.07983470518653142,0.0009159943039160298,-0.012050309420162383,-0.020029191901817674,0.029889249458265797,-0.0016947752596926738,0.003871007904551283,-0.01764254247749456,0.007851481562286313,0.015710346538403412,0.013208480757915921,0.00850343607684,0.018360536318934136,-0.006770352975082879,0.012421552702974932,-0.005498758068156851,0.021442076861802356,0.005427183384164276,-0.006176809902527788,0.007516927732563613,-0.0008149637014050243,-0.012974991201778181,-0.0014058838583316609,-0.006552635151212518,-0.0046974866963599244,0.014774404185118559,-0.024909125025489646,sport
49,-0.369461905287618,-0.11743682262104772,-0.15027355799758255,0.04399922342528904,0.10149174996934496,-0.04380315578771719,-0.0513535944975105,0.4448355132972884,-0.009790675008781292,-0.21094881071178975,0.0037289243830961128,-0.015072689068801812,-0.0015539221444616517,-0.06500120154646878,0.1200206834942279,-0.15017150378648605,-0.11906979887782547,0.005570909592844449,-0.014013096508119657,0.035311779892284345,0.028152975439381684,0.01435728637651773,-0.002361825859281922,0.0392950488018731,0.014651110303629459,0.04867278647150095,0.027609291139493092,0.0006341346899276712,0.016160507093223267,-0.030359985348695575,-0.03875018096153461,-0.0330883815313548,-0.03859549294556257,0.00022107860341660977,0.027667741337403098,-0.019945529735210066,-0.006400434923190321,-0.024303356636070986,-0.08899667746479017,0.008663716620522033,0.005580816483359104,0.03472748540899392,0.0068615454190690175,-0.06545320474395581,0.0459146351746141,0.014813798803849924,-0.07863546499438756,0.03040109520252,0.03477757531548271,0.1151517809925357,-0.12211450700523305,0.005303534742787711,-0.05853303213156349,-0.10822224180966655,0.015137899597333145,0.05285554846972805,-0.05043621865596416,-0.035605319034295646,-0.01006702552216776,0.02291998880717774,0.058079155324548666,-0.06836681926129254,0.024776408520170174,-0.02595857643521397,-0.0006804187429620353,0.006891151812179549,0.032488691459220606,0.060395725282736366,-0.0006842552438973644,-0.04850594682680041,0.05907672802099887,0.03332387497681618,0.033383904830513275,-0.05497320327529921,-0.004894793120499503,0.004047980284736027,-0.015180815986714204,0.02210180414838605,0.011946158560214082,-0.0391792167404078,-0.011246817881185782,-0.01665753952763341,0.013430792520575023,0.014259770627386837,-0.018866767444860603,0.05740915628770416,-0.05029180997535345,-0.026281498729665967,-0.005376165823774797,-0.054191320227927824,0.0175176412368414,-0.03484032883849468,0.04564427493609802,-0.01677762969354392,-0.05124576529747156,-0.0026845866227276183,0.043464141650255445,0.051849178498271406,-0.021908068721642405,0.034837260828794,-0.04891174998459422,-0.0011575400473613252,0.05893206037275515,0.009658330933302145,-0.041065788142029214,0.014724867732219225,-0.004788090024319241,-0.004691462919519711,0.04348092941979138,0.018363162960020416,0.007092761717098931,-0.04257023486167194,-0.06480285847642286,-0.04396980100292881,-0.0028626862536004606,0.03547970433390826,0.013572512659993359,0.04359239301842155,-0.04063685719108079,0.03381640226985636,-0.012773126140935058,-0.0018368375669850934,-0.026551111245502416,0.05965134909014802,0.003973194261584041,-0.07224821193708097,-0.023588397196054083,-0.016715009282410653,0.04453191433871492,-0.15356227733856967,0.03602938826862015,0.014366175930695713,0.08357832224369248,0.12975135077356068,0.08247183903429747,-0.029554001406411734,0.04485682504652229,-0.008557166792049825,-0.13506799983318274,-0.047047463534989155,-0.037689442162846316,0.05168388883938538,0.0017531337889471281,-0.0491932693489545,-0.00509665781860306,-0.09256047796452142,-0.01717829222790225,0.03965111305766964,-0.09044770306187926,0.03174981215590258,-0.07539099197231233,-0.022922046282798095,-0.10815914084815982,0.052547805559417425,-0.15294697759235884,-0.037965389582452665,0.061716662706202526,-0.12571573408640874,-0.04534373087371909,-0.23734974905059872,sport
50,-0.45269543609270047,-0.18508641285069907,-0.29006609413638307,0.13947918795114284,-0.22033171157288928,0.17555319068615025,0.192048554441923,-0.383832667724644,0.026028585385290025,-0.14551984160128448,-0.047662883183102224,0.06699387325198145,-0.05807749114476284,-0.01284253158608409,0.04604172742458889,-0.08469244495117721,-0.018417614758606492,-0.007647237482084075,0.008326593139654956,0.01535028352328097,0.019908414827188314,0.014480930050818693,-0.01853639123729976,0.07618760255612395,-0.026382531365510775,-0.002114286164351804,-0.022943539177895392,0.009789717970189515,-0.0137690160112619,0.018628598339972425,0.028922012687418595,-0.04154657676501058,0.008215359767481167,0.045159728844306746,0.018840465841155684,0.019202877603665156,0.0015533537187512917,0.0477543262757644,0.056231688226817775,-0.019672192947846518,0.010613698499407779,-0.019101715861639765,-0.011393203870207244,0.006812361317721196,0.012892118367215826,0.009247970377994083,0.02264130356610404,-0.002125953917987543,-0.03395045874865391,-0.029232640587532575,-0.01566351155587865,0.007638863583441602,0.010160462924625427,-0.023168300087569208,0.0007596994083830876,-0.004357071859919605,-0.014106271707003678,0.021377533207406388,-0.012251428223580616,-0.0011048372664529563,0.02281474224256115,-0.025311172622722443,0.013329313804270333,-0.0129550326938907,-0.0061573699836137315,0.015340601842761705,0.011568326119053954,0.009316597531651767,0.01672227640236527,-0.013273947010349221,0.0010295058946094744,0.015399767251084287,-0.009238820495122271,0.0028624912378405875,0.009916651225775144,0.006359979242534885,0.00020713636236268762,0.007199198160798346,0.004912217530843021,0.005750726047462078,0.01971840381718149,-0.0032538813785461048,0.018480255192545012,0.030696777111634852,-0.055268596799745995,0.048192585669618704,-0.07243090625808042,-0.02596538558819341,-0.00445836939703566,-0.007349708347697168,0.006583738523223673,0.0020708595728788914,0.011380138330058787,-0.02127657021977022,-0.0011406301571500101,-0.023382056246403642,-0.02161036020602324,0.023829618349119376,0.0342188003241706,-0.001540012245240715,0.015700488214261444,-0.006453820629725247,-0.020078819997802446,-0.02418523604857646,-0.06705368390344019,-0.040060810269087484,0.03221347210240711,-0.019606009760479198,0.024860123363263285,0.013864347514797709,0.017762602835319028,-0.0036212973290452467,-0.04549740888820179,-0.057619105323901514,0.0052313210227883985,0.006812815257675768,-0.01801946930970107,0.02081600836042671,0.03647152434473301,0.004662389639939538,0.005224753349249826,0.004282977763590605,-0.01794982676431391,0.011989813764621273,0.002113303524018256,-0.015995178083322893,0.004972546826657965,0.009126127898843824,-0.0016834387212858197,-0.012260180675039431,-0.014839272474515674,0.015429573616564463,0.02032588115940892,0.02635889651799692,0.02106566828054354,0.012800667578875909,0.010508163343653665,-0.022687449041063457,0.01806020769476717,0.00934533238184082,0.008945431133347448,-0.043764325602940746,-0.027823584881448232,0.02823190880792852,0.017802538644119077,0.0377673596133355,-0.006155870769883667,0.05011184281477241,-0.014737824239038778,0.032155488955974795,-0.028131026612794232,-0.02377850868729101,-0.027615443732250052,0.006440140847907522,0.04918693859762712,0.01901607647319576,-0.016423811488627826,-0.009958202508630346,0.029478889248415303,-0.05075952257905421,sport
51,-0.44395230389564183,-0.17421532384662422,-0.19187260574915949,0.11254125183129716,-0.03378256690558169,0.039861170471643885,0.015441899602823092,0.1465327132064404,-0.0129102620954993,-0.07299258938442155,0.005245499805435575,-0.11144282522524969,0.14874748541514501,0.0663860673593662,-0.18766627734829883,0.2910497346002854,0.11864722268181156,0.02382839240840171,-0.012574832073640418,-0.034293433424109544,-0.053388060890688836,-0.017346356056597713,0.0027368569040067,-0.02770639589736642,0.010204712562920524,0.06057562020891574,0.0351917007964046,-0.055603826799798285,0.014681580947750144,0.00462516528157579,-0.12324008823955307,0.0817861759918579,-0.009055942807037079,-0.06087527939379997,0.0027334780107595236,-0.049922724306964275,0.0070145023398448915,0.04058026085243211,-0.12985813671278706,0.10036422174516572,-0.033324645699559875,0.03149385807085058,0.045027108474458795,0.01575985113406415,-0.058538409405667895,0.004686869996598761,0.04412157331029855,0.02898770291931288,-0.013295731880123396,-0.0488119074112589,0.043657974110509846,0.012015338463250919,0.0104626969199515,0.009399882407508059,0.00852488847847113,-0.027936427548815625,0.039376524141794565,0.017603905257547656,0.004817883509211193,0.012102092918017003,0.006470954397475411,-0.0398638141309214,0.019123351944178746,-0.006030415291726083,-0.027893073014307705,0.0007338235511254475,0.010267333777491575,0.0011920668627804728,-0.020195487020854518,0.007873555127777338,0.0004237766838306368,-0.04456534618939594,0.024051492724839592,0.011460148239545869,-0.02814655025455897,0.02678131593012644,-0.036400479869470294,0.004032851707323799,0.010971505680276187,0.006134480227391088,-0.022658353488335052,0.00693460702392859,-0.007911389307143612,0.05384789274594681,-0.03887906799812259,0.03513703451224339,-0.05606625172549521,-0.02288705024095457,-0.0027891366243259384,-0.014616325525466654,-0.002732619364652943,-0.06526711091960653,0.045405707663159746,-0.010009958587326532,-0.07042114012796385,0.013569953939122763,0.017119782655985114,-0.0010628982323107102,-0.05553762122296195,0.03208947573139183,0.009066164134755828,0.06532140749676697,0.08856475111205478,0.01708951173465313,-0.0159456505921678,-0.020646188492900425,-0.015533837247075674,-0.04835024073919043,-0.027142993655237587,0.032123226060983175,-0.03605694397222354,-0.009352327002600523,-0.08848434698290011,-0.03648247349320873,-0.03132294328048779,0.04853892430315327,0.04888918390931861,0.02729514405356332,-0.01973793222611406,0.01047763696648671,0.005728443195282735,-0.010904534890632946,-0.012277947828716298,0.022721955438981548,0.01659648214717058,-0.03098198093985372,-0.01589061982669099,-0.04371590216122348,-0.016752086407365623,-0.07365274579885166,0.03657871279436291,-0.01737947781445722,0.053743186659003454,0.07599571704464861,0.009687259601807925,-0.018346422327782066,0.04002796489298399,-0.012869517092208375,-0.062185389878528965,-0.030845600969224406,-0.029530125075145387,0.14005432998049522,0.04221544658760773,-0.08363065600663333,-0.02056935965958162,-0.054749823376191005,-0.11775000591145358,-0.04220497570923241,-0.05701038007444733,-0.10361053540098668,0.040676148756951656,0.15598865035053724,0.2552004923034382,-0.12085585361287716,-0.000798717151077623,0.11135450229604885,-0.10317443316265622,-0.05564501952591436,0.18075254425167753,0.053252571321672736,sport
52,-0.1195067744259902,-0.032873711524116334,-0.041850989546312486,-0.003581974012340039,-0.04712591514142107,0.03579369296585029,-0.1167752110055227,0.05625383265466582,-0.017253804583367022,0.360212772511372,0.09202770164076986,0.031963245503765045,-0.05508597415655594,-0.043032049224420506,0.04788424027702829,-0.06177463959349693,0.006151971750485344,-0.004832940847961973,0.0005148084559017277,0.024966269342227045,0.002290937082673588,-0.04828008083657527,0.05916754664800037,-0.1801387712523311,-0.08880244251928138,-0.06792234698456266,-0.08773304831986112,-0.015327948096388294,-0.03208198726745506,0.02652089449005414,0.09003559749508686,-0.08187022484030874,-0.006633150122919231,0.24726390127442227,0.10747659981514647,-0.03710551515165829,-0.09506277086381529,0.27819017567756166,-0.16128746286165577,0.13723505391544905,-0.019078694389955818,0.043506306317213486,0.031885261095106365,-0.0045591016421574655,-0.032752938425022374,0.0040586941206087745,-0.03731741224242238,0.0024252541339428355,0.02412421363338083,0.08090726588021041,-0.058686125530817035,-0.025891584795507877,0.003967416389759597,0.02129907169838576,0.030891852403909813,-0.01837781724320004,0.03617254096465627,-0.008855951860616565,-0.05855984631609665,0.023897245125861336,0.006895610370573208,0.027279036329697543,0.0012635842442380609,0.040963469683138194,0.034940475924710376,-0.05449920397358885,-0.030224049400434928,-0.022595865869280692,-0.007752752246075602,-0.013780170871990275,0.02545485415779086,0.028640093362497662,-0.07339397955982213,0.025097695629494175,-0.08817371764139058,-0.03319821940729234,0.01971489600063233,-0.023468033990382733,-0.04239267692559745,-0.01749475440311662,-0.0075944549578130256,-0.08502460047144648,-0.0417299467012738,-0.022744460287305143,0.05650628367723783,-0.036916598767407674,0.15444270257227302,0.0024660808629393557,-0.06301132441706878,-0.019071235400114024,-0.03540376746204147,-0.003218877333805118,0.019218138758619344,0.0024629593631064904,-0.05486849978989511,0.008745822875714026,-0.02159792049736958,-0.009263838723265383,0.003016808017764323,0.05641949303396947,-0.013595461727925895,-0.012617791294252972,0.023768192591409686,-0.03140917042878704,0.03502722872238241,0.05019827150517943,0.1638737586582087,0.06699650988065727,-0.01119533711995446,0.07031375289494698,0.050646250865012045,-0.16414380202236944,-0.23702615162094684,-0.08595202836302733,0.04379520795581584,0.00249810581931565,-0.1075235885885656,0.030135459187258178,0.4123710537737829,-0.010523708731149935,0.10065243547501444,0.06268739065476892,-0.04932405485356987,0.07259605264175709,-0.02038684048434469,-0.05344367626359326,0.04305164323643217,0.03959273257921478,-0.0928429185437017,0.031331621081814705,-0.09429631162735261,-0.02151833107780811,0.044494733806604056,0.03740809480672245,0.004528476608378646,-0.0016471264575919234,0.004480097779433452,0.010564765661123125,0.029861435758144893,0.010373896451294946,0.009272139799174562,0.035329247609300125,0.014809671648345546,-0.015981589619334356,-0.009846051963611751,0.05751965908541353,-0.03428965353805051,0.014326075819403268,0.017583475646709024,0.008779222401962763,-0.002129044595518073,-0.029776740929916407,0.005912977267461848,0.00015256407145387369,-0.019085092566318216,-0.023493710359642584,0.0312760056994281,-0.012343603611275176,-0.06530846610562424,0.011849536597197691,sport
53,-0.18138596128880155,-0.06610029637494053,-0.06404089885329033,-0.02047948026016531,-0.07162443233902725,0.03777172346093132,-0.21600773571686058,0.12580564201412692,-0.06416238773014056,0.739970463256294,0.19501444170857396,0.020298918128508543,-0.07736290992885435,-0.0749157643031717,0.07738643594161129,-0.09872205520516653,-0.02496423880544539,-0.011627358504787922,-0.0036917229533007384,0.0035317668834751142,0.002319420696065556,0.0037633538498792695,-0.05112004228300149,0.13219596520024218,0.00671939111009727,0.041712614359450596,0.02012434154581607,-0.02235070069850485,-0.014766259275765163,0.00013991150547561817,0.010151838697148549,-0.017992002740743515,-0.00786004412499888,0.0036415232103797213,-0.0024805796203603496,0.02751703970111156,0.00745988722803345,0.027892406222313385,0.08594920977929325,-0.03002879444490466,0.03459509283188361,-0.04866626298826858,0.01272412394091548,-0.01452292025612446,0.03487348430066027,0.008808654139496094,0.04571661593820149,0.049062671950740315,-0.05873929507043802,-0.06494718169357823,0.0012409962858203924,-0.0019004768849843461,0.012783796273683758,0.00590156587031431,-0.00785865071090008,-0.01324911147352723,-0.010579884088268805,0.018498809474886444,-0.0015068397313152532,-0.009748074063128088,-0.004716736947228417,-0.017372257700895483,-0.00024709339005436846,-0.03145202371562625,-0.005897100616131979,0.010132622813733588,0.009393427786104712,0.02679516948874538,0.016723951685566184,-0.02092603867527151,-0.022793509460570762,0.031866575064570475,-0.0007717330435159219,0.000605847443801419,0.034161752685158586,-0.023118152614689125,-0.0005145464556631491,-0.0016215639437613186,0.0035094994656816214,-0.0015059811963943001,-0.0007090122581180535,0.014024095375084426,0.00890892960329345,0.02619844411415427,-0.035256031368194635,0.048468476823630584,-0.060671659863322965,-0.027947740998042928,-0.01140561740115358,0.002813423313207463,0.022367791636724265,-0.04112559242663111,0.02189515078659427,-0.014651374525672313,-0.009520479517813613,-0.01713464177885347,-0.02454112173482955,-0.027370185245017876,0.013274451772209083,-0.018169839750245137,0.04798258672333651,0.038713792887784634,-0.006105913571689571,-0.013632039025254557,-0.013260723951206869,-0.04100515106497797,-0.019949069926903425,-0.0433528762622086,-0.0036387534506664575,0.018847410808098257,-0.023156158760434083,0.03030664125262816,-0.039047489845576495,-0.03885269710101478,-0.04162701025148705,-0.014618315552302405,0.016246521973170086,0.01853799228211841,-0.03242119848433465,0.01413486424003202,-0.011438738332042299,0.005535437370635976,-0.02695157232033612,-0.0081579014196275,0.01119357587051389,-0.022775373638519163,-0.024971830715449228,-0.004603313644440312,0.04263288187746224,-0.04614072901925232,0.05315005349855107,0.042589703798892216,-0.0269904198303785,-0.02636600070140136,0.00978192844527336,0.022601711581848337,0.026910616029587893,-0.011894042099965045,0.020584705479972886,-0.02012199228871587,0.04924260793623347,-0.07206642184213986,-0.04403731975716712,0.0403183971389003,0.004191120501077436,-0.04201139615285113,0.03254208417338855,-0.00845590363221825,-0.014195196112579403,-0.012186660824446135,0.018485581950357762,0.04655143687417827,0.04950991057770503,-0.027200422473576423,0.037346417537615105,0.04266395418212097,-0.030290031536767313,0.013431255517747898,0.0306505759010077,0.017893842899282284,sport
54,-0.09763870560401416,0.021972629982434745,0.5762204180906548,0.41786645004267836,-0.05721963195899716,0.1409723499223117,0.12130851828305585,0.033915568665003094,-0.25133748863188554,0.0074119922561225945,0.017676424367548405,0.008178564710305803,0.015850249643107592,-0.015050504272831548,0.010323261232939909,-0.003958653799823913,0.0009386666098725756,0.011975198855727957,-0.021746470340651042,-0.03024935490700483,0.0136748342082886,0.008832971184369804,-0.014041500482319384,-0.008721593565722044,0.01130380424022585,0.023937690254387866,0.024178502834424697,0.0021398899403576323,0.02097123248746527,0.0006833597941951433,-0.061325683167301595,-0.02324444819483844,-0.01845448329949183,0.015836664480821584,0.010508151484913133,-0.018130636467684088,-0.022929295976067608,0.06398471626657547,-0.03680374905151264,-0.021005410533558585,0.12377490670702772,-0.021900656618629884,-0.10392062866390761,-0.14577502005851595,-0.030039976506581693,-0.028132267525965263,-0.034940233566061185,-0.06644088625805145,-0.006643044173510181,0.0077816519234112655,-0.013840333287011267,-0.051752808952712254,0.11412832518953993,0.034324887541251785,0.08864328175071928,0.024237014667938327,0.028405204872472407,-0.001830813156173234,0.07240048459682437,0.06739216823408191,0.0018313893459094303,0.0781812111616176,-0.04696749443731668,-0.0093730863343664,-0.0524815050542484,0.011833856875827026,-0.01580413604617642,0.049218639838652524,-0.01446204686606176,0.009894097698099461,-0.007608361917543444,-0.012355325728639566,-0.004909546712177145,0.006750519637305227,-0.026667729964945142,0.005202092216315597,0.02802345222950442,-0.03449389733126704,0.022321575255817416,0.04301481250396277,0.021462803088465078,-0.04818201566337706,-0.006667060743722251,-0.01374190288229785,0.009003670380373925,0.0036474354438749005,-0.001377285328785296,-0.00047772069237201064,-0.036897830317041594,-0.02306350217249529,-0.01713046121113749,0.027297156698314607,-0.009161042825237612,0.019862527063772364,-0.011096722488414671,-0.01859484514512825,-0.021642380499837528,0.01181756156544367,0.03932463132981061,0.020597321161422797,0.0016104392429873349,-0.0010132464707764625,-0.01211105561195843,0.038063784223961804,0.04313595874842676,0.003773133401433438,0.01634551973606413,0.004982464613186836,-0.003788242051711948,0.020223407818179284,0.05311900750828274,0.036015024024053245,0.0068385681815398185,-0.014831664536703577,0.020424984253642177,-0.006718656038069637,-0.01809551064570469,-0.019793413484234416,-0.014712520960307666,0.008605264307761172,0.0012301333193052433,0.0055790115874646985,0.015135627376031316,-0.01665783625178426,-0.014434806288131388,0.01113047640425087,-0.009582791374434333,0.01957086704299672,0.020557526587623227,0.05054843036683118,0.0022898940666312593,0.0888404812957293,-0.042825245230225434,0.03682407215568733,-0.012727620760472238,-0.020867356756988583,0.008541632088246643,-0.005742077556177284,0.01544887396916895,0.0031382314689203435,-0.03317090124793171,-0.01850915971602005,0.032395115442214864,0.0009752869316200051,0.011074172108052168,-0.012078489955527296,0.0022334455835027853,0.011660971408055052,-0.036492632341203646,-0.013146217191429043,-0.033396318694661586,0.01684135807296293,-0.030280999188974228,0.02835166416946785,0.023543033107183642,0.024309172376753396,-0.0019014086386229642,-0.015369124214524387,0.026700280545238937,0.13548684556207718,sport
55,-0.059762525684890495,0.031574932710134854,0.30716587019285185,0.16781288454903173,0.012968584474163922,-0.031348469151965916,-0.07233646574229183,-0.06606484154580763,0.7528297872555255,0.0027298811771224035,0.11113670321641166,-0.067913966270864,0.03635338212625645,-0.029996169694806455,0.008019183402958978,-0.01744802234774539,-0.019384351108088393,-0.0016352794877966172,0.007686773910416859,-0.008981573554503368,0.0047665054359712225,0.0008282550872434451,-0.001241416489089524,-0.008616274443157672,0.0027049615038819974,0.021773969009147184,0.005207387146627898,-0.0137712327343879,0.01650247066797324,-0.01508904927340469,-0.07200767910943008,-0.03791148915482761,-0.048015302524746346,0.023599031316303323,0.004987258466684363,-0.005098378383348075,-0.009561908220055572,0.011038361906779441,0.034171201286325774,0.008112115218432695,-0.0016199962067442307,0.007422359519578178,0.006347717642381883,-0.003492988042414573,0.025838093531223037,0.002909580983011863,0.03429188848082298,0.011339805535307557,0.0066064987746780185,-0.008337429801507099,0.005878220606247049,0.008514109837148,-0.004911270359153132,-0.018204072952480388,-0.02679484888598696,0.003026529193313468,0.00013403027264725215,-0.002698700321538403,-0.023813153000154158,-0.013762633652678767,0.004340413526171467,-0.012852465417821196,0.0012330054664715145,0.010936427324839217,0.012558811315820503,0.0032574005503706034,0.013759141786036896,-0.006235293412287439,0.013057412678185476,-0.0009436152082158075,0.00020476776227199486,0.009923832986537037,0.00400354877524868,0.010556455542897096,0.009192971670754242,0.008174890902319302,-0.007924645491059885,0.008959124383791855,0.001477743117580312,-0.01216810257001674,0.001352230219004396,0.009527882011564032,0.0024495522185942276,-0.006109685599144954,0.0012063696848873715,0.002529179098376038,0.0033976970639820535,0.010299456456502269,0.010633649851271222,0.01191383701646103,0.0063591911855731004,-0.015506022215765126,0.005381005688016855,-0.014943993575205816,0.013430148117186434,-0.005363100701370516,-0.016382392194343075,0.0007748229032688549,-0.012092450888108938,-0.004530926849927384,-0.009079958335399528,-0.008185030315237098,0.0002457953281824678,7.298178710493872e-05,-0.009830056455268587,-0.0035308742463412267,-0.006807162965551469,0.012959022446537781,0.005913296613694555,-0.012266026865148185,0.005100967836787843,-0.0011136270831359056,0.010006262636862197,0.023051306065721047,0.014251929820214676,0.009841982703650179,0.0069724257574368224,-0.009633938180582355,0.01932166877103781,0.017498394657502907,-0.0028293514301240175,0.010998372603566972,-0.0412634427020829,0.025248693733278232,-0.007181266411277395,-0.0452177176880267,-0.024118860445941318,0.005145957149608665,0.010494234541467242,0.014612695469659808,0.004511866254617713,0.011372035015819374,-0.0020121121511228785,-0.014364773826938616,-0.009899147216616415,0.04248329379935118,-0.04886364859758124,0.09666356693119794,-0.008381046739958004,-0.013274874450586567,0.0848445767021321,0.1274432579570381,-0.1553908096540721,-0.04286208364456093,-0.012142170166448878,-0.05597313997047014,-0.014697339995495353,0.06077229593429198,0.1369975974508781,-0.0025714923439768187,0.009230021925809006,-0.036571824295176525,-0.004097334196825629,0.005692369881012582,-0.018210367046340322,-0.00281365217727827,-0.005016585387606711,-0.04221742739226717,-0.02900637854213007,0.07511579247752169,sport
56,-0.005284186180087138,0.061059473216680746,-0.012730553069657938,-0.0461133886785186,-0.00113828964305583,-0.03758982908232161,-0.06086265003989922,-0.006224490669677445,0.0020721701903072295,-0.02677211338718059,-0.04862364239715125,0.21925966669859956,-0.24852551887113608,0.011982178045454754,-0.10374153821322199,0.08378785581920487,0.13475334159437666,0.02158201495207638,0.15148849788042376,0.13125944415990154,0.4964882341868279,0.1517583740607951,-0.15614503033754468,-0.1858312185826084,0.18729648790915718,0.08932190343709019,0.05325357409226754,-0.036921980450657144,-0.005735639415841989,-0.04470110558425461,-0.04925524752253572,0.05008003609566661,0.010472234817012554,-0.015595863759438451,0.013645010423830694,0.02587595106188973,0.02597314300015952,0.042403282264647596,0.006086333134821583,0.0325102722873371,0.012196553604055617,0.016521103141386488,0.013230870104490138,-0.004904992834961906,0.018150957552948835,0.0004696932015487323,0.0035196964648645922,0.01097427894530425,-0.02057365045194132,0.016085684827802177,-0.013297730334429549,-0.02696750361389423,0.042734505002844946,-0.0017796993684407027,0.057176460141375215,-0.013421047479834577,0.014055815241435572,-0.013314632323510097,-0.041538758421029186,-0.007924555543675372,0.018437906438259433,0.03717534667242173,-0.0027043667760891696,0.010260686492978384,0.047172506513838114,0.026696773403873934,-0.020100297565245083,-0.000832228725007487,-0.0012208369114984948,0.048009151678496266,0.014130970165421008,0.0013765994562881963,-0.015091560564039739,-0.00041030768521971967,-0.000676753963654287,9.79804328094504e-05,-0.0005486111803838068,-0.03326054597091812,-0.007627709497481518,0.007978246673237448,0.012992280712011521,-0.00975483045398206,-0.025440361647075433,0.03152708468554509,0.013423176966372087,0.021370516799773222,0.013931059936245082,0.0338662741403367,-0.04549547667965522,-0.00873353843333828,-0.01972318965115987,-0.026321422155944012,-0.0051535717582073355,0.028203611924083414,0.001806628451015788,0.04773029647265163,-0.04864037806257095,-0.015108698697068733,-0.001201764419144425,-0.01772891336742487,-0.009616447014419242,-0.03435325580400402,0.019778848789206754,-0.038420208806918515,-0.023239113247993704,-0.03361720781803588,0.035190127772463935,0.012905207610341253,-0.02367548012703953,-0.003138903193851281,0.016797770700284872,-0.03527616038503717,-0.007570268430220146,0.0011561211300830144,-0.025990728464238878,0.047730653739654384,-0.029026705530811284,-0.004331556717960755,0.0017482944672636215,-0.010697415690666144,0.03687461824677667,-0.04379290105669988,0.0007297445105284529,-0.09834884616286756,0.16540365295086198,0.1473323173553184,-0.028610709710470663,0.022405752218391285,-0.06740250475337953,-0.03659021674641852,0.12750242489501754,0.03997677935961366,0.0510221214553097,-0.05833722025703047,-0.19028397862584345,-0.019022633969478578,-0.11024433610486353,0.06192991952686324,-0.05162546773444137,-0.10368780158530802,-0.06582659825770983,-0.027957217064438898,0.08327430693533891,-0.013760332430658941,0.13606542836867422,-0.1589215313583032,0.08175274800348015,0.2165278331639547,0.023024478600433246,0.11617345528538604,0.07551615415380132,-0.038859044256262375,0.0952691020455753,-0.0831970174435059,-0.01218983527082549,-0.00045699556030106875,0.039657567304001703,-0.004757872795741294,-0.05351289873225485,-0.0060097039591794285,sport
57,-0.015269218677666823,0.05419921805905487,0.018592299730545804,-0.04411709630553015,0.0039050914751891995,-0.016195671963902942,-0.08375907464347794,-0.017034878306747853,0.004408029193510697,-0.008096401580284173,-0.04796622432858501,0.1991372280544621,-0.22407715941223558,0.023899151546105345,-0.13906307046926056,0.08609014609392546,0.1167683305563532,-6.834847999837894e-05,0.12371875402220404,0.08346015158461903,0.4569778104351013,0.16376515551004428,-0.1935582079402999,-0.19472381711970774,0.25011981214638296,0.04953547736172837,0.08381786739548316,-0.07526684353049905,-0.06274263839908856,-0.06337971453266321,0.010522853431740803,-0.039349778481311645,0.04842104141328049,-0.027127304814486903,0.05929752151352604,-0.03707395391875171,-0.05690172424586844,-0.032505238929579905,0.016517473711468122,0.04358678437839028,0.061377974691401355,-0.020089371417549302,0.02932900921370653,0.03082154782584318,-0.02683163695095385,0.024178189793729002,0.004239983022028895,0.037434394484370935,-0.019794950320165938,-0.006623743889594163,-0.03538335133621116,0.01738685258136136,-0.0024874562104174784,-0.03198995038406456,0.020023423667989038,0.00028990545246131166,0.00948287929340833,0.0025821629811140947,0.0006687919070464496,0.019133374692337415,0.023835200645427157,0.04731791426889627,-0.0022585246881715137,-0.02379710174137042,0.0382144728061318,-0.016825913059426063,0.006050569426224729,0.005514599101718566,0.020117678223460167,-0.04570445555590986,0.021197256527480363,-0.03490849407006139,-0.023902335068569466,-0.040751595013551925,0.01319463020707392,0.03285872983408703,0.0019081863751466267,-0.0028136549017705203,0.06687321857231596,-0.0506758232177971,-0.051879697542028515,0.06946401154545882,-0.002548637568090716,-0.01804562983000894,-0.017513243932241324,-0.04237495341111923,0.001254254345807341,-0.010336109570962223,0.014339475012373181,-0.0276683100440228,-0.031786860889926306,0.012568399840255647,0.01140477792274195,0.013878346568469814,-0.018194369915795573,-0.030279395815850183,0.02421165598886248,0.005712518716097138,0.022790851111221557,0.0170538499355594,0.02152876498706794,0.006131654958236675,0.00393183068629734,-0.025932368800105687,0.037316604410850225,0.01311790668398508,-0.017168878677849844,0.0061472296543475516,0.027671707438347234,-0.031677222060646625,-0.0007493340498745753,0.02290533013556215,-0.00890038693105176,-0.03751788649476042,-0.02895176757898721,-0.051353348497979796,0.007541616349365379,-0.029139503334926375,-0.013878067613668997,-0.03492774412478054,-0.08126455848159742,0.07234853028146877,0.04199315001875505,0.10704899028676709,-0.2018186471110494,-0.09083992928536441,0.04972980957529504,-0.027955213563158457,0.06356415202478376,0.026251582571097266,-0.044170440803626164,-0.12408890788848895,-0.1455855202065046,-0.002517007174263068,0.36633253593872445,0.0034937813305423297,0.005374892610907592,0.09426104819849927,0.05986562769952241,0.1759682190246712,-0.1752743546669225,-0.006720938861065678,-0.03976333364764928,0.040968804416576514,-0.0362807636965346,0.0030947634143764628,0.007538326545730916,0.004924154776300115,0.01024211417087248,0.0006235580885272227,-0.004937718614547551,0.0013611797939605185,0.025398325059904327,-0.044608346179250594,0.011291223766704248,0.005672971974124193,-0.024240558928724086,-0.02741592969721772,0.0018676820575913489,0.009893275521502414,sport
58,-0.004763971775645855,0.08603601864639762,0.005974563285211095,-0.03206448417955725,-0.005551626741964793,-0.019391407553458685,-0.08245954281295195,0.014838434901845405,0.023270740064442106,-0.034524578384111,-0.04978985434835954,0.2200833904401861,-0.2311945423004137,-0.031265683484733006,-0.058083913614216616,0.08598465014009278,0.0794837300954798,-0.008185878038639202,0.047443397394247744,-0.06474432305028431,-0.03249898900887729,-0.04179076499187836,0.0027893041512464666,0.06498477622161267,-0.035891854063561664,-0.0781108974779279,-0.030389265039276313,0.014056325394049106,0.07543508945743986,0.049731576912233844,-0.01967479677864707,-0.013943828519160295,-0.013460866041742457,0.02506432754187754,-0.03227790081194545,-0.030012426040983628,0.07602212803091862,0.029830042523799227,0.06899920056834377,0.0064868270280106066,-0.11248031473318168,0.027128516997561306,-0.1115917267766188,0.09734170160822611,0.010556417148936667,0.05401260895830264,-0.0673192864221351,-0.048913724566639366,-0.013948674791020797,0.07599021513043588,0.058660618261930746,0.001529936258151593,-0.007024196098653024,0.04661591304615624,0.1515730613722679,-0.17661870769728438,0.07401060658454724,-0.05487456481047918,-0.0886062481887469,-0.1276644886103965,0.10360935789615874,-0.09624523986562565,-0.03327284219420212,-0.06520114055092839,0.020211019951869153,0.14202341172971192,0.04060309066094764,-0.05850961409051249,-0.06472677810567588,0.058636859519571004,0.10805859653484341,-0.0009379048353761947,0.05803054902206928,-0.06915919748087568,0.03182906678954496,-0.10027874631585422,0.21120618746145872,-0.019858130014860646,-0.24746763698547872,0.3059688927223012,0.1769611192763653,-0.0959278276375609,0.17284169605532934,-0.14704166770825397,0.018866019535088666,0.028601646847856044,-0.09275538278589728,-0.01885635991807438,0.1398527135373303,0.09744111108609882,-0.04809596358640644,-0.00860073475304834,-0.04118133026464164,0.024190519419787147,-0.006658984347159833,-0.09700351395135468,-0.051197949788475396,-0.05208023373908857,-0.01670064349519432,0.09093730130775984,-0.01986020120292104,0.05436572462070167,-0.005281044354066263,0.08855307609242868,0.12181189495069236,-0.09464787465857467,-0.06753809201784622,-0.08814919740468641,-0.08766678516025203,-0.12612298821110018,0.05864401160139088,-0.16905141270024762,0.047023561539983605,0.005002481261926124,0.07865117487674336,0.13089681611430934,0.06002910735811126,0.08432334116319669,0.01615398310800446,0.10856956391127039,0.03389285699803918,0.012027357855264239,-0.10705527048518718,0.018911539506822426,0.042941926762713904,0.006947093045638599,-0.015472997300871268,0.015243162302216947,0.01684805849972396,0.029927413867140894,-0.012136068360607327,0.021717168834209946,-0.019164699997585712,-0.028787913390978775,0.0938760767040944,0.0004379499987268199,0.04362046881851451,-0.00015460499953645016,0.018362014320945152,0.004260028494328074,-0.046520775812204464,0.025676022356401287,-0.008899900189132937,0.006861871344399972,-0.013002999457254385,0.006453418010677077,0.00521493970242814,-0.022675765841219896,0.0018053835282646653,0.010350920024648106,0.006996704311414945,0.015074581926183776,-0.013740683531393108,-0.0045788968686465755,-0.021180754191345158,0.0028269044620515007,0.00478269423610306,-0.00574593354742085,0.02117980797628041,-0.0031815367397847625,sport
59,-0.17508123789060462,0.03943953119561391,0.03579117058846573,-0.00020069091676820316,0.3293005877502848,-0.5850550548538206,0.17599584419518527,-0.18869300304516026,-0.06545256001831226,0.049690904564941255,0.019580589453925427,-0.0011348074598585404,-0.012440880483441863,-0.050614646035822115,0.013767819738124725,0.06957932231139008,-0.04102297199834742,0.011635456096176089,-0.03870251049776477,-0.02197697758659741,-0.022688807763058375,-0.005651302522863057,-0.0021866082560058,-0.01546979268248098,0.023685665255160797,0.07633397643524487,0.026619479736637315,-0.0328557966873499,-0.009487739551220228,-0.039823471396789,0.034050459866253484,0.041993822167929545,-0.02744860938669897,0.02817216283094663,0.0004455016619769761,-0.020196821516011054,-0.01733258034596537,0.02282014421375851,0.017205022684282763,-0.0320354472473935,0.004567892559044323,0.028509242769476896,-0.030508409371281183,0.03748216933001982,-0.050095038841264414,-0.03230268766052239,0.014422255973589348,-0.06956171580656516,0.016863835770799945,0.01172315240944359,0.01692376111946637,-0.017029819978318633,0.012636160810674812,0.009893571331391847,-0.012360725152186856,0.02100574539232217,-0.03610145405028529,-0.02753797561202303,-0.007087797172010296,-0.01514980357236194,-0.0046837653765778526,0.014128794481610888,0.0022788384020131737,0.031141272852086444,-0.02362549876880328,-0.002488531777071799,0.014702011573417002,0.00039189948070712176,-0.0019760169951636083,0.023808379412883357,0.000751857153324851,-0.005484318516219489,-0.009025510338305037,-0.025361983842943803,0.006006424089504968,0.01310225340374093,0.031186746030466023,-0.008184490860946025,-0.01393972326670284,-0.028776372896196962,-0.00586818402891523,-0.002957830170133534,0.0029078427584234776,-0.011592561040969698,0.022120220166778608,0.012561660501583458,0.005727200672600896,0.004429930982475951,0.016684808813492148,-0.013188322643683012,-0.03349840238784027,0.011518329654546033,0.008803969163651065,-0.0010112905585843112,-0.00887529772801426,-0.009257980814181572,0.04538824956660256,0.05484145997840836,-0.0061242847879031,0.024932512131101238,-0.05201124818660753,-0.02744339815448675,0.016226397691022625,0.004660987103163861,-0.017736463026281395,0.0055217426466121315,0.004780537678783913,-0.008493026341565464,-0.012143169632849086,0.003356134112204549,0.029806854782847392,-0.028429172266143162,0.04230158938227209,-0.00706241353114591,0.011585266138194116,-0.015357183426843455,-0.008653392404925889,-0.03138381243130131,0.04839542492197425,-0.01092916874716389,0.005155258913198572,-0.0029334712534781447,0.0037802591436460367,0.007149489057854859,0.011721466982364152,0.011234892381932777,0.03829709616166778,0.009478770648892371,-0.02637173790110792,-0.06342798235787091,-0.0290172900079554,0.014922941791257954,0.02875781845301397,0.0551158530726908,0.06339302551813314,-0.007417563243621398,0.07088599859108781,-0.03313831267239457,-0.07404213236690287,-0.012538827152718552,0.08132306439934069,-0.06035912539401475,-0.1472124769329695,0.09380588072908645,0.0376136838599874,-0.13793602107123687,0.09371728571417594,0.004738499496562279,0.030661512108707253,0.10190086468904384,-0.023123509680689176,0.04588610699695447,-0.0862573881133534,-0.026928455087863158,0.347484108591019,0.05429324256872548,0.046171346072612154,0.05573367152606604,0.109973397040101,-0.15641393678607637,sport
60,-0.028291175810666862,0.017613824925137803,0.12110688906637239,0.02977429438015771,0.0014878887658173682,-0.018059164717258682,-0.0407758629279655,-0.008741403684088576,0.08676887504142987,-0.0008882594469653393,-0.003963101153166912,0.009672724871988034,-0.008436837056607154,0.005954662448789921,-0.0021299215647019904,0.014274972186013948,0.010836696412852799,0.003528578444067429,0.0044599405506133664,0.01947837719396665,0.013302483823519411,-0.00017487767839384177,0.0032720806756840783,-0.0008184684794128831,-0.016401725769699033,-0.041847799857537865,-0.016296264039007406,0.019859205533254425,-0.031366266661139466,0.007861015351432436,0.1374713019590188,0.039605072426297315,0.05300260826416186,-0.02557415799879344,-0.004513130356313838,-0.012421467190095582,-0.025859093684736593,-0.10044316564504716,-0.028197158216839418,-0.004761791645162923,-0.06114826387039455,-0.030508094710868766,0.04727081597334186,0.1293011507727851,-0.06203075960630085,-0.03421333394223367,-0.031167195539668378,-0.1307381100997622,-0.0020467688608990157,0.014872493529108197,0.12569207128892707,0.05816074319800265,-0.2452715466227949,0.11014520258131144,-0.08922730451968566,0.0834809297182933,-0.2536613041050383,0.0451102273230925,-0.2518248440944501,0.038686231491048405,-0.1254787532382776,0.19973398098256526,0.05036549087258986,0.1080605135289454,0.04144851339139088,-0.07619873481086184,-0.06639398315793343,0.4708250229614017,-0.14699043571735673,-0.12796067474930736,-0.32940004031156267,-0.18582179057177653,0.041951268385007276,-0.049678549174830125,-0.04497102965349519,-0.17191478525139225,0.11394061142581884,-0.018877895868799902,0.009646650583117908,0.05314221800730486,0.007445295446672178,-0.06879329575764413,0.20233320587620912,-0.040007006969900526,-0.0034491530681325677,0.0561626521817133,-0.03976949041872785,-0.05009100442713432,-0.10669700407977671,-0.023879014768139466,0.024236602701452364,-0.01718399471141142,0.028388954660282885,0.08482444373901295,0.006458212860683976,-0.003718558495402608,0.019494344952179558,0.008056018633298172,-0.04511973681628919,0.04717477578999649,-0.013681403163818417,0.011176111124796068,0.017956383964495518,0.026678258033139907,-0.0770705108792975,-0.02235062804521925,0.040915064364273744,0.02541456578223848,-0.008390308086364345,-0.05809785353994069,-0.011174623982528572,0.00027198766288922453,-0.013040326035567951,0.015786817928412227,0.02603937467575589,0.020909862695586475,-0.04653643257890711,0.0035789342841398655,0.0013066054522187205,0.020288539738604033,0.01159877980140563,0.00017080578961353013,0.015009748570516993,0.013337192839587913,-0.004863581037674286,0.011453228781906317,-0.013889586620590125,-0.0060841169769330124,0.015016327526761136,-0.011753884975241158,0.019517578697129976,-0.020199038549251955,-0.0014565996720564717,-0.03669001501917269,0.0003946458322153016,-0.007316736293396119,-0.0036822377808812643,0.0045767966024716136,0.015846473847616553,-0.00675170967117754,-0.015406178425940761,-0.01151763650305174,0.030147640057872533,0.001896725339770251,0.004078685011986319,0.012751406052494191,-0.014004557222099222,0.0023133801124869896,-0.01562935419787132,-0.009539143517455766,0.001388723376455814,0.004206852266520873,0.011105616458528509,-0.003926826644989364,-0.006578976600545645,0.0059052559254728285,0.004635989644160982,-0.0038119830396107332,-0.0037065495904474656,0.0008801694524568233,sport
61,-0.08531145508709352,0.01749062145791751,0.5306527488023438,0.3747665593913398,-0.044529868344356724,0.11732514849179969,0.09894243724549592,0.030180356082790436,-0.17996101148691065,-0.018352013433168134,0.010959607589321019,0.009184055803758855,0.01086745048869156,-0.0025550240328677523,0.017399998389778713,-0.010679192518741705,-0.005363653097766468,0.014443648632917786,-0.02259995373599276,-0.02724358472878107,0.004002150450638049,-0.0023268897627382328,-0.010065801791289415,-0.0086487967327057,0.006581564692885451,0.0024346293415699336,0.0261281990977133,0.009288642676319236,-0.00047108178211018666,0.0006830309464809373,-0.015870386787482968,0.018858744418983758,0.011167074814642911,-0.01984259866693144,0.015903964362011674,-0.024399708947283164,-0.023131679853929412,0.06980784443168413,-0.04532642326611412,-0.04468920334071046,0.14220058592153104,-0.03976842069811347,-0.1301056395208714,-0.14439515196824645,-0.019638589490363248,-0.04139447988711735,-0.04929236046325262,-0.10027583204946808,-0.005684868523678426,0.00014768273613335512,0.006656892744870603,-0.0375426393966581,0.08091935785742524,0.02540939958439393,0.0816026232777758,0.04229883541589505,0.027955112661546856,0.012846161901978466,0.027734089801715572,0.04802898902342837,-0.002996611540576946,0.06874447094743176,-0.03022497763324764,0.006555785794287176,-0.03738556383233355,0.01835906626635197,-0.015557409890022007,0.07192551488231459,-0.023025401229984647,-0.024566218116182446,-0.014160805052779177,-0.01845429958739067,-0.0012491903979512501,-0.006618704524554931,-0.027219805897850165,-0.0027247994040430793,0.03293986617294904,-0.014155309036345407,0.018750221005688766,0.04734267766942362,0.014010860380359829,-0.032727841928414596,0.0008156354960143306,-0.012605826325719046,-0.02387604455542787,0.011241604339875047,-0.021212340520839517,-0.009763282880040379,-0.05497898766426797,0.012484818753727873,-0.005928349837401884,-0.0010666933697914855,-0.0193411558055981,-0.035818998656181864,-0.05290007282718185,-0.05419717639128425,-0.05029509108874442,0.020294024652991616,0.07019855489706184,0.02204656968220495,-0.011886666588670337,0.00294547552205026,-0.007860506490729004,0.03275016874487262,0.03963746629808392,0.005744524390654456,0.010861988180695554,0.010462284316411812,0.023468372060843422,0.042679134218412663,0.06291358585306066,0.08122092414895443,0.002790626900561886,0.025583585249816954,0.014300311202890437,-0.02673769482908597,-0.0018651418099005842,-0.01749405856798874,-0.004893818082094285,0.030975485006284213,-0.002606237649530613,0.012630626047128982,-0.026703738401265654,-0.004388432559785715,-0.008695427312229945,0.008929928615884488,-0.02915993422007539,0.03368789406158937,0.08122148446819351,0.1415772981144992,0.003112297074862498,0.20035207265645663,-0.13964110075865463,0.10819619134676305,-0.02012245020822741,0.0007421257510204692,-0.044528782315397315,0.06483653713977618,-0.025405743284745076,0.013188485784186618,0.0003262335265276026,0.11666625584856663,-0.1549242573536984,-0.03386597794708963,-0.020250605369352588,-0.05192523469363632,-0.017969869241619432,0.0038910677788831067,-0.03085754230774353,-0.03463129452841775,0.054182687992539606,-0.03881583379802756,0.09747061836984748,0.0025330147944508464,-0.03699634282474326,0.010495867787736849,-0.09542918913235464,0.17481919936799903,-0.05713970576796405,-0.16506397723884958,sport
62,-0.12636823311458126,-0.010014356228813054,0.17915398221944487,0.1269055719588325,0.012419387078809848,-0.020005233919447234,-0.024836993735661592,0.08497747826977116,0.12678613261925528,-0.04875664210025742,0.012439527124573361,-0.02021619574354062,-0.007407475555170169,0.006243533620115588,0.05481757374545174,-0.06676474843585813,-0.02726946292554545,0.023895101444085413,-0.0033845255223319643,0.00921291315613305,-0.0033159659010082955,0.0019828185845992617,-0.009757584198268174,-0.005455335747778608,0.028639539592880327,-0.1019342532646368,-0.018556986590829102,0.0355414450006157,-0.17755396580791172,0.1569243718522833,0.4622859639566867,0.42724882806482795,0.2998728717912517,-0.20890095088034688,-0.05126954130759711,0.07771170139800877,0.03978413371608025,0.0866274140592115,-0.0486750918837299,0.03242667684978113,0.012451841044706442,0.004216605116418187,-0.003353893183406353,0.055773533663476156,0.0031765686804846884,-0.004911398797520059,0.023588103484159167,0.04536851735389437,-0.035037242775127,0.0242477687932288,-0.04236069301492568,0.0020008029161285527,0.028901762789463385,0.007587947237960364,0.040023377710574244,-0.02817892741650976,0.019128219777690816,0.0003880970394785746,0.06313897850282624,-0.002379501032651985,0.0010651857935835985,-0.04102643833312935,0.002247591502892076,-0.024168122709167843,-0.013040919100988271,0.012111050368869407,0.0035104692148677273,-0.03972509757366745,0.02770378574806838,0.013714293311999288,0.012638235467374439,0.009889673360349564,-0.0004710675810582631,0.014276421090436165,0.0037176987302099695,0.0157222596934537,-0.01213791912400025,0.015908956898264222,-0.012244667176753996,-0.006570100952993897,-0.014879144841103567,0.01456868687621636,0.004898213869979666,-0.009553835072129114,-0.003105051381239312,-0.00694353383256341,-0.005303840345292151,-0.018923273693054053,0.01975326137366594,-0.00018158390453227758,0.012300137437908011,0.0032599430846279097,-0.002821828353448952,-0.007469160774859886,0.011153888398572905,-0.0021743650109898567,0.006679441861670714,0.00675672228743142,-0.00583185770475248,-0.003940095118754506,-0.006589060797680057,-0.012926338747713394,-0.007080412343712839,-0.011046067270547818,-0.007804177502350584,0.013807749704644504,-0.0052099213207831745,0.010072788989339559,0.0022857776666643736,0.0031189753215051606,0.009767543495984063,-0.013475606555155758,-0.0051550653284955054,0.01678506100640302,-0.0030646405268119686,0.001824992829271624,0.0009317980231646002,-0.007702814912407503,-0.02174741067241473,0.028958522212761465,-0.004254135205956318,-0.0010802504422607938,-0.02961773515968979,0.0025408781932964256,-0.0026150739984412918,-0.032433998279094975,-0.02992294809852308,-0.003212762500717049,0.018581065638606942,0.011790423228508798,0.012812801492175622,0.012873468259688367,-0.025739280657642458,-0.021621980951413062,-0.05030688840411457,0.02543640146092138,-0.06996933710610985,0.08916531212905285,0.1159150932174679,0.0620832461734639,0.0482759221845373,0.1427241928772502,-0.09222099719556205,-0.0179146918698828,0.017498225234772583,-0.050532239980273494,-0.04694023112962092,0.028076023586804357,-0.2756386733233956,0.06073375709026446,-0.03694759859581759,0.07449837391692525,-0.07732861752670875,-0.025116096353821706,0.0734791285374561,-0.015527612287728353,0.10171265150385404,-0.11566382232139091,-0.008553261692446473,0.061908675285018984,sport
63,-0.17933252535506014,0.037145068210096104,0.0473737568331537,0.0037284455643338153,0.30160002524492896,-0.5098567165702137,0.14748218628723103,-0.13269912806089104,-0.047433268078852446,0.039993871509649614,0.011675694490995113,0.0030364788956856507,-0.020403154067030003,-0.054301651894401545,0.009250613304030063,0.03397267418085388,-0.04546656679471451,-0.008220299258999756,-0.016297132726547117,0.005433865032201422,0.008586084004057026,0.004341604308137899,-0.00597465544722188,0.010465355240421248,0.005006361186501678,0.0063501066960947134,0.009698631293218131,0.007265086919445951,0.0012867187749755246,-0.012933442913118622,0.03319172508129283,-0.008595577261937049,0.002962588685635431,0.04459615977283677,0.015951766708139758,0.002106421004922168,-0.01559111851548868,0.027925940490974636,0.027674412970308666,-0.011462369863520686,0.0323861962830487,-0.022968382510906226,-0.011959950892905519,-0.012219297163140186,0.004567082183718955,0.01942129770282499,-0.043738873448764586,-0.021820449374883037,-0.02310834915170972,0.017289233022011904,-0.02922426374267154,-0.003364367670151796,-0.010049746241690343,-0.01549503945978066,-0.007666106825103915,0.017203686335157575,-0.0593667728208524,0.010078814601940123,0.0071090572814171684,-0.0014845660714687947,-0.02269790532889417,-0.0036405805129656743,-0.01202542041597221,-0.02988217454910482,0.03023436341927402,-0.0038141821020608465,0.0029206361924782862,0.020954974173097315,0.010832749156688005,-0.021013175596486407,-0.05025666469719233,0.024573922730930273,4.338747243922587e-05,0.036518669603039414,0.0037808345430764027,-0.007399213109364285,0.023073287748136377,0.007556730376160555,-0.022280641576404105,0.02221664106170929,0.04326277129174687,-0.007510358707660799,0.01884249767421961,0.0011678256744491785,0.006837129782830132,-0.0075744411419008065,-0.009268118415148446,0.00041064096918754374,-0.030937208563080732,0.04683951973921518,0.016189372036646513,-0.013791386987798934,-0.016959897711848086,-0.012520151185714716,0.03940266365550151,-0.016418644556330683,-0.0726673559974627,-0.17466130857959922,0.0342208650619692,-0.08023893745803434,0.10227624734080093,0.06833776830341079,-0.06335179284865708,-0.033610076809863935,0.003974103744595664,-0.01481833704682088,-0.033949691223515426,-0.06691296334901049,0.048123270217213396,0.01003158610749397,-0.10261961959108387,0.08509642367424068,-0.046594969193133676,-0.045476583348589554,-0.005669155272457293,0.07701826813446522,0.0571589669575751,0.028080416184865502,-0.09207407917235222,-0.009934557755390913,-0.015342237433180705,-0.060275565684084896,-0.0030359238060221672,-0.01906375416421641,0.05671258446134257,0.16891819737307384,0.1814557666481172,-0.046507191839461885,-0.2109178417989457,0.16463812438290978,-0.23889723180007053,-0.15818626816486372,0.0922875010200624,0.26543544619907744,-0.00507037903176298,-0.008352873452827562,-0.01882609140314008,0.042403792711441686,-0.009168912483587083,0.07764491160925578,0.038161141784463566,-0.019883848092990535,-0.04237065999620268,-0.032431180307105845,0.014081140760656342,-0.058823159441222385,0.002774454230588441,0.009263881357790832,-0.03552337182053669,-0.025527410427561396,0.014462687617821534,-0.003005787229413612,0.005478063344089537,-0.002413541933191232,-0.10660226040833587,0.010460354948383429,-0.03945949199647886,-0.03503668972039327,-0.03990421786715926,0.05354698868141792,sport
64,0.01075409204007095,0.03457998721660349,0.040941560838081745,-0.0563475594952804,-0.013372068190305262,-0.013628529221340604,-0.11325465806795064,0.0007542628475760976,0.02875986051920701,-0.04136327435151216,-0.06622274545058596,0.23010796124770208,-0.28778797443228066,-0.046935553242503585,-0.12026079966230263,0.05411066598080142,0.061522016832607856,-0.02840667964460931,0.0030583877642027186,-0.07937497747264556,-0.16302700643380838,-0.0661244763170938,0.03230278627140157,0.09756319303199693,-0.10807782593578875,-0.21819214858660957,0.1292263218243777,0.06482151173483115,0.22630582749752742,-0.15398958198058998,0.046769481390819316,0.15802206142167352,-0.13202677417933034,-0.05620646564056924,0.049484633284858,0.027055151309426546,-0.07743296925803318,0.0171659159159123,-0.04153139990100707,0.048123960288009644,0.09111011196200437,0.02485502991078315,-0.00804028073327304,-0.0003915343637829015,0.04909682223958461,0.0016982376086684236,0.04833925120689908,0.04150965871331714,-0.007880550160032269,0.02694827354130623,0.03112143268369665,-0.019423769800619224,-0.01761633959953012,-0.07972323214832859,-0.05282291100522736,0.036613000127486556,-0.03311023909269537,0.07477531853266223,0.016991329424695556,0.037312235630740626,-0.02043341924162663,0.07884732714957933,-0.001254370193252865,0.035982468695266806,0.011480965730712845,-0.07554619715767398,0.0022355616235623173,0.03922854274351102,0.04278066471263208,-0.007115791679758177,-0.043998395571571335,0.008342376586492952,0.0196126574355753,0.06300027467651646,-0.01760872249256287,0.019689649742026593,-0.11640291765674808,0.010564421576496156,0.08032006010329278,-0.12198260481356096,-0.05644897547416912,0.03078194787596656,-0.12921686289074397,0.06947500236066133,0.016293296877523795,-0.015295317867622634,0.053059380616019426,-0.04189560634179977,-0.07728414242445245,-0.024718923531991777,-0.06558548902322243,0.08526645477477923,0.029698181170285255,-0.024278649494914064,0.08357038748314252,0.039166844874422686,0.004676551579375579,0.07005305305945368,0.06771342293391511,-0.0609497406371599,0.032069287336677556,0.0347377984968453,-0.029452254158401466,0.028945606860812958,0.03980406498097781,-0.056716405493999894,-0.05740157249817964,-0.06609704560113859,0.029296332261911185,-0.07095541512051178,0.08155377026887696,-0.08904157062742052,0.006698098204606422,0.013761349244038969,0.12034193749771242,0.09686099211508864,0.03433702562212083,0.08320444647005937,-0.025938965345105015,0.0063777798677163745,-0.2142853929758031,0.3764356729807427,-0.21758281513307132,-0.08766625525726938,0.16445466829580985,0.01576623902401248,-0.020632021559731095,-0.016685747778148973,-0.03284703450626753,0.02397719315155071,-0.03113728512409966,0.01217282315293534,-0.011390371044546323,-0.0331914898782856,0.03150279165411672,-0.054259338408646794,0.05162377825607736,0.029197378683782534,-0.04469983703305646,-0.018053081216295074,-0.014845693991516347,-0.001053972100037402,0.028866590231100473,0.033368801762651695,-0.033690701247170426,-0.00797808626760929,0.00805182349132038,0.005092884439344327,-0.006033346688117171,-0.03923100260138372,-0.0026956201996179764,0.020789613587183647,-0.012956768911156612,-0.006263924678394276,0.0024380318112121697,0.005388639666519262,0.017505032716359264,0.010218921465986753,-0.004237507097194511,0.0064771314338980856,sport
65,0.07472704431937852,-0.020089372840907522,0.029808750070623922,-0.06739883575698619,-0.02347689750634765,-0.0016937666138680785,-0.12161280997892732,-0.06545295528449221,-0.047393722628788305,-0.04046575276700331,-0.1036683300353533,-0.1338760973460558,0.017137176791043044,-0.10943912929494082,-0.21716037092013235,-0.14290269097802466,-0.1237473349994492,-0.15349827085284326,0.26909142184191664,-0.03637579774192655,-0.11456038680589938,0.025174454984138565,-0.02242335648472705,-0.00128370307148516,0.04171250316674771,-0.006967422732453334,0.05210714508514899,-0.03756577860885938,-0.11528892591773676,-0.08597795161137389,-0.09383301656556131,0.04627137924399468,0.01912615665683537,-0.050197870540082595,0.13509119430483527,0.03224563319981909,-0.0756633092714626,0.1661019658091819,-0.03882370862420865,-0.21104183947041769,-0.15758349255474946,-0.10857933799950752,0.009512161624098035,-0.013814005637713891,-0.014601018261015626,-0.06765495225467945,-0.06541367379055438,0.0956835320931482,0.018875511021991632,0.041833635596793206,0.06256265186026619,0.05223821800108525,0.11199754689020049,0.0649916924199981,-0.021380475549383014,0.14130398203556432,-0.060169227575993516,-0.0966309954125775,0.020450040194798805,0.056145024965495706,-0.03490034042484431,-0.020209672699333138,0.13882031506768236,-0.10777324616272153,0.014831666772358568,-0.03363344337815715,-0.07255631652266145,-0.006403207498800371,0.015816487315327393,-0.018394960599389058,-0.03957370667052073,0.017911760401562424,0.03867354697781685,0.03152381601310981,0.0006568774021651013,0.02280419350978803,0.08393765698587283,0.1167036549447325,-0.03662848440032909,0.05393195350572444,-0.02424627989558632,0.06010155593970368,0.007226015345709506,0.045250752259904416,0.05221122439687888,-0.03423842713239227,-0.003998869693427369,0.021724012457455682,0.089945569273186,-0.02091995546036842,-0.10304868772032559,0.033600185330171416,0.03914953126663834,-0.09836480018103566,0.004403659332364702,-0.038180552826226434,-0.13084737897418952,0.08239417722779506,-0.08499655364533112,0.023034368535762104,0.12766048935990226,0.01622408906412128,0.0736814315749624,0.06239461632125886,0.07836407871776793,-0.05919938484011976,0.2015943191516505,-0.03599091870973968,0.0912062830821958,-0.07128328934716385,-0.017872797958727173,-0.005806746620155028,0.049771931989974594,0.1102451099596389,-0.14424766211499776,-0.03213915353599704,-0.00848876433808016,0.13484193218340987,0.048060242151294,-0.07060292962006998,-0.05654081631878688,-0.01368029556863923,0.019847795106399238,0.009871097649424647,0.0341663158539969,0.07642416866365012,-0.09686591798554721,0.0027510140965885726,0.016953324867826608,0.04674373885818949,0.02742049328267169,-0.04984821300342268,-0.023218243822326054,0.042051295122277545,0.1378833703371755,-0.00951249217665297,-0.18863260362308776,-0.13833663401331145,-0.030580475474400928,-0.0875290115978991,0.08380752913795947,0.07084653378156595,0.014429907284385585,0.09624450074811966,0.08936497301439124,0.040497397453095905,-0.0013296477463274777,0.02191577694115046,-0.009631173459103247,-0.02764941506569722,-0.032081772939419315,0.03434862275596436,0.0019912763290661504,0.01778303347515145,-0.008217468494645273,0.009284217691835177,0.025637699124327354,0.005492865305629001,0.003472283358325774,0.007016127023623629,sport
66,-0.08465894520837638,-0.0027232613620408407,0.18407871287640687,0.09671854899849079,0.006346572747682709,-0.023767831490170015,-0.0409480733190623,0.037791506032341854,0.2621460477434301,-0.03227177163517638,0.03605551057497271,-0.03896760556237755,0.013731827235022,0.0029428429410565705,0.040457580995035096,-0.05939861352640147,-0.013343732943105433,0.0203737113088389,-0.001989833877198941,0.01656368654445758,0.0049556316981579935,-0.000205195719730851,-0.013898442139904581,-0.011673693389904195,0.03630825600780195,-0.09805513603595904,-0.018034279236264075,0.04479850961260111,-0.1692326086779585,0.14012790514811438,0.4303145932984657,0.40118257047727685,0.2846225328558916,-0.19552560748572148,-0.06082356012732968,0.07030107707693778,0.019163239406079557,0.10739222580369424,-0.06985782108261315,0.050786046182492155,0.0376805824603425,0.00921425375187203,-0.003022531211529709,0.044867883178095515,-0.02196875456888786,-0.028585793553887767,0.017253534444007217,0.05829411989738989,-0.010807744718907396,0.05287662978373645,-0.06850820368879074,-0.026917836180480482,0.0645161200538417,0.019006750082040995,0.09248681632237497,-0.05233171203173695,0.002822440015339235,-0.006991845190319243,0.12437090705251423,0.02998868108038689,-0.00591076156469349,-0.02998225237941958,-0.023222600098559115,-0.053827062959819885,-0.06135418309715296,0.012056811360816438,0.00026768313445039505,-0.015855788011953597,0.004579852973267366,0.025884926741973832,-0.00017650782501772055,-0.0056582448542614175,0.008634850990215258,0.02773718152742174,-0.0015639178131273222,0.026539382222871406,-0.007269616514767803,0.02720282367028439,-0.013510456659666787,0.003824993616464029,-0.006039801701284384,-0.009134738195721848,0.03248391227033141,-0.015993934206093668,-0.014678850405818865,0.019149509140608985,-0.021568173752877826,-0.05361463620885466,0.03870305400650844,0.004364116433519573,0.021287767655415287,0.01073349192627426,0.007701724725757271,0.009583306305979528,0.03504231681764307,0.022896111349990627,0.027643871734067706,-0.020975430566076664,-0.04903446133996357,0.013287711520256765,0.03290111376778725,-0.022103585996123058,-0.001967987504597952,0.017640335674204397,-0.014031053443478683,-0.009149075313050023,-0.008693082703072268,-0.013326302817390315,0.011381225309049349,0.004248338180841829,-0.004159032359559995,-0.014215140819525813,-0.035459271073098424,-0.035714562513497715,-0.020012104448335972,0.0013904855041273415,-0.015322463144379949,-0.008122473001605053,0.000346538205226266,-0.02153272402552884,0.0024170756642749084,-0.0012026470092348343,0.040309435722551176,-0.009799857278587011,0.009249026239997116,0.0287994194431823,0.0296822635353931,-0.009809180769329294,-0.01943711734432067,-0.03304875780714575,-0.015810940566049602,-0.03213125833941619,0.03811659949600622,-0.004542289716371647,0.06539898935562809,-0.02359745158901812,0.08540000644361385,-0.1034353935868279,-0.12039580113699785,-0.07288612163168019,-0.04307477193919387,-0.15116215566158336,0.08875956680567723,0.007951206980295987,-0.022554318895281363,0.04705049735281738,0.03710082708090814,-0.024507333278276967,0.26978643159273824,-0.04975867101155408,0.02992935094177138,-0.07442553566165531,0.07624667889714005,0.025704526684734597,-0.06892825103355872,0.008455813601541497,-0.08119708777256877,0.10419725114587054,-0.0016719933593377283,-0.04417853897820764,sport
67,-0.06466191968486068,0.023140301594189363,0.2668909101565727,0.12718760498740903,0.005301319639916723,-0.02819254118223084,-0.09696249997012409,-0.06376551033445563,0.7989460407588544,-0.0030056951578406243,0.10476805110137498,-0.06588780405186814,0.02016336858340284,-0.02857639482094779,0.009598401446861452,-0.010781421373637159,-0.006566918504286987,-0.0028730939356917235,0.0004216769161449717,-0.014738342645093345,-0.0032788914111045032,0.004654482266694906,-0.007274335049007484,-0.006778863397924799,-0.002278804028640261,0.033626117658096505,0.012421073179738716,-0.018770867048766262,0.030810880160414184,-0.023598380789368413,-0.12180649419247143,-0.07717132562519409,-0.05229326649497409,0.026480249591772212,0.012216472107666273,-0.01750720614604701,-0.00954439789893946,-0.009664074855693323,0.03700465059722336,0.011376430626284878,0.0007621438878025221,-0.0014404059486243087,0.010981526902885976,-0.020681324146348892,0.012039111253170288,0.008520754588785434,0.013245141559441877,0.019671471903332016,0.010571663940848446,-0.012386625128346696,0.0012064542280588104,-0.015048624581314028,0.004097209462377907,-0.014674943213194664,-0.02600941656147647,-0.0014806503010257603,-0.016611507093382605,-0.011737612920239365,-0.0008249943014949311,0.0033832053903449398,0.000513912506134999,0.0047885477789010155,0.011967691730023839,0.0012058251125669135,-0.004968087683841031,0.011162338976114593,0.002374225293945231,0.007103090943666576,0.009747869228383046,0.0072349832650074825,-0.006046513732524873,-0.0031356916710196313,0.0031351275586474314,0.005082272854878698,-0.003189607118637488,0.0050390351968305006,-0.014487622623753188,-0.004005158909761461,-0.004520067374588176,-0.01533649800947586,0.0019090219267900814,0.0019354013190901677,-0.0028960076269768558,-0.0069470086249625385,0.006196706605593539,0.008303484996510613,0.0001882527748152604,0.004968254926580825,0.010585055350466444,0.007370815027768082,0.018168297446597367,-0.023876411132996857,0.010646820620540504,0.00018725252492651556,0.015828703238477567,0.006542910875961482,0.0045445927312806325,-0.010972274239624198,-0.018076782717522055,-0.015028666464771212,-0.002964735795510891,-0.015709411528462253,-0.010677934555070585,0.017794950063991937,0.007477020116893244,0.004026158643011782,-0.006773737588590103,0.010457728995275478,0.013753356239799069,-0.02519396891782953,-0.003665118668903528,-0.00179014383912756,0.020100059431378128,0.025852527400441274,0.013134318186776019,-0.003751946896415869,3.3881629559704325e-05,-0.012288185528766303,0.0012737632122732613,0.011815642741305291,-0.018327716209560994,0.00331281715224583,-0.02768637715034325,0.030107989948364045,0.006225134873035302,-0.03948052350060855,-0.03090604032965136,-0.0014791801319763533,0.009678935965854745,-0.017044936638473552,-0.00046339325068375087,0.013478091982414354,0.007648908739960631,-0.008084397836326744,-0.016774388296065125,0.03321718614749156,-0.027615049903816587,0.06565802106325402,-0.004584808099270072,0.012070303869464291,0.07508986350044436,0.08874375439202667,-0.11912979290153028,-0.015173405501122332,-0.013184748301925892,-0.012107822850107752,-0.009065866056395042,0.028514024162230173,0.09245828011506951,0.013350778013374576,-0.009806604672090269,-0.015815451544046448,-0.010788140624722973,-0.014820065111863224,-0.00492419605965909,-0.01051414721467868,0.04526067778432974,-0.05977027343276625,-0.014862201704025128,0.06391093464825112,sport
68,-0.03169585982801031,0.013650893805552233,0.24941113474717058,0.14142347596662336,-0.031004045020571518,0.05478541347814098,0.003514419234215525,0.009711791889402218,-0.011336190141932491,-0.006229918203148998,-0.005827738630748981,-0.013342087572374924,-0.00967641281356803,-0.00016188973745861595,-0.0019419137685995657,0.0030374203307068476,-0.01400854463502882,0.026340926131392665,0.016998953646109427,0.027788330169928276,0.027601658856071246,0.003283848219986802,-0.004074486195527514,-0.006789889036583426,-0.005268796773158899,-0.04707169892021459,-0.022054077034824742,-0.018019202052367508,-0.03718585624546095,0.026017907820371725,0.13566461941049637,0.10026809009438291,0.0492981602595431,-0.013586199864451318,0.03910993184023974,0.006083534483277213,0.02271882400064378,-0.049152283971373556,0.03609432184587646,-0.05427916210635983,-0.14312539431618945,-0.031556303691356744,-0.0963448941198366,0.053571775675827125,0.06685999477018995,0.057285606991968836,-0.07210834757816204,-0.1686469649181462,0.04428180754947998,-0.04156308534340765,0.18077872117487498,0.11879200370764091,-0.14014782822022154,-0.06781968105600518,-0.20723287399553375,0.01718908970666968,0.09158128490447015,0.03489687455908127,-0.31010160184896673,-0.19926982733672646,0.0776154414338988,-0.10643258934119423,0.07944194632340296,0.1536141685293551,0.21475600270389136,-0.014651988535870014,0.03972996397047279,-0.17526560953704298,0.0457526164560144,-0.045876877328245795,0.09226264639032038,0.09246847696761025,-0.059202548654098006,-0.09838545411635817,0.003869041595193522,-0.05288525331085488,-0.053457397847296674,-0.010705557390832742,0.019713990022519445,-0.033670933163017,0.004415007409419289,-0.04045061293823083,-0.14943637558679104,0.10836856222713709,-0.023702658127401414,0.0016381431919315792,0.07218347381912928,0.02265432199941566,-0.1321648928161997,-0.011373355291059407,-0.022853161302495074,-0.1854808711917075,-0.14074698467223265,-0.07733595541475206,-0.10114317097796349,-0.13092105750053196,-0.06956078871149961,0.06354467660672646,0.03329987101861423,-0.021393585365064943,0.05373840005976253,-0.008919859870869786,0.053466854594044905,0.17320317446514033,0.160354568852645,-0.030887259720354523,0.03725484931912958,0.05805896893237052,0.06251884016428674,0.05972198226350486,0.17928282652593733,0.16756177399151237,-0.02087742694672723,-0.05241458459681498,-0.014876624894829745,-0.04207666110939262,-0.03861748150328916,-0.05728908391027764,-0.08575144950526187,0.04152977138920433,-0.02578624995727798,-0.026792245013737764,-0.03268011927962348,0.05258725985841291,0.01999093641875813,-0.02453251942381602,-0.005396987372343565,0.007394857720697554,0.025225194376000574,-0.015103841894075855,-0.03836591479793422,-0.06343852508059855,0.04655825392110669,0.006985988110054427,-0.024402271495728187,-0.03187092519658958,0.016518252671886655,-0.03450960647356215,-0.02658961906949055,0.015377887929315211,0.0027262586377713666,-0.026971444229933306,0.041726911573976753,0.018242536589748778,0.015151784377167785,0.005827662929963007,0.013170080726901519,-0.007697699239176364,0.03973169430587309,-0.01319946516908835,-0.00047782317050552056,-0.0008176597310030213,0.005946528508938325,-0.017453334336887935,0.0011626639132020838,0.0023201733575372906,-0.007786663559844135,-0.0013646425981282127,0.013729431411805198,0.005186958044524718,sport
69,-0.06639813676612749,0.015414518979218321,0.4203550348936409,0.285783560484758,-0.04311092268716196,0.09486947936882108,0.06658291097000657,0.02043197235003061,-0.10223340218908332,0.0036286472184341306,0.0019546146072615166,-0.011843654792717847,0.012389163151905516,-0.011781911196409782,-0.007882699879651983,0.010878178121998107,-0.02519719942024862,-0.018918114396691253,-0.011901104839000216,0.029858589533867413,-0.009199371128811073,-0.009130326487847945,0.014652795020327153,-0.005565126932837104,-0.00804384401706003,-0.0022599202731411593,0.00653371555293568,-0.007635498790146173,-0.0013757547860718544,-0.00433542115769896,0.03938362458006068,0.01127339825326463,0.022237232452186804,-0.01988607423103806,-0.027926923025684895,-0.012626741763167254,0.0034589055462858325,-0.059411544812087505,0.06883153932040618,0.06001871150073583,-0.1537581518163068,0.060914532854042865,0.15557793425786734,0.21368249250990984,0.04084509580494578,0.07236981209746804,0.04965743147282831,0.13425561116042778,-0.05036202675690606,0.003283837726419375,-0.04142376926519308,0.03972749352799704,-0.07567561736801581,-0.021262102401637163,-0.10176625718264452,-0.004721471657147307,-0.05459307605875143,0.0026987696834281003,-0.05506636475143865,-0.05110606975341904,0.018889418438862066,-0.03221203504873497,0.05158475993823438,0.030502986591152432,0.08311149541321193,-0.06630827648271972,0.010725388071096749,-0.05214864227702838,-0.021848730242924646,-0.009899612135417644,0.0281625343990985,0.028728175349301537,0.06662769715366368,0.01637876498409371,0.03450386563907774,-0.03528270325270735,0.046702793495702964,0.004988959402406654,0.00406812859852296,-0.014263661671497098,-0.009981581983526435,0.07355482278566725,-0.026028441987500074,-0.03412602983084335,0.037840972772805424,-0.0883465252673482,0.054711464686113105,0.09888129848553619,-0.033704072631804464,-0.0005375127487870048,-0.07695248737192378,0.0330514596834731,-0.0023214985536965816,-0.10951599881208335,-0.10074315909488397,-0.0784488714816694,-0.1484869113024098,0.05916776025506598,0.18366363021956586,-0.008744345201282902,-0.1545982756966591,0.03516097868675175,0.04159164565822575,-0.28495213951281956,-0.11579967101176923,0.09419615284082647,-0.06156795462828532,-0.05795604508765821,-0.05417725911782446,0.015510423022144226,-0.17044798222358234,-0.055402789376274526,0.0772953814210085,0.06975650325664394,0.012491859185145601,0.02374366253611,0.09415520876413579,0.12064467615540983,0.07356719084506731,-0.043362344487352954,-0.007280193710661643,-0.020683032747717555,0.04372345843028498,-0.04213890347033923,-0.04189875386926428,0.05469648669470237,-0.012974020771033315,0.07472614843279646,0.006499385046976822,0.023125156996711027,0.0522559560532705,0.11115487610414422,-0.052479102855802276,0.12867157720125783,-0.011046236049612178,0.008602385000119001,0.07448593420094159,-0.009600028766878068,-0.05311967575634033,-0.018424617155851024,-0.06544367957394495,-0.037137132606467886,0.0030946555192664952,0.018819747832300265,-0.017888011878919544,0.0350750946355886,0.019987235918923214,0.00898603819822459,0.0863540154622213,-0.016488429821595298,-0.016131687950737307,0.017077752009246425,-0.058441917799539,-0.008473561501048941,0.02477242263551917,-0.0069869220032363795,0.04198738231765945,-0.05875857680161888,0.07622034193510051,0.10964312752881382,sport
70,-0.07271538138335576,0.026528667160699498,0.2845209615632013,0.15123528097248745,0.016397477558988165,-0.04229008401854859,-0.06283099132584866,-0.054529631725879456,0.6861233577477118,0.008345839743428984,0.10104636440687452,-0.0643376255068519,0.04711686315473424,-0.018437695190747394,-0.011504380699599828,0.005090819590967278,-0.009925937815078612,-0.0067226967234055215,0.0039029191251774807,0.0015390385549516217,-0.0021315527591563234,-0.0010936961526727658,-0.002952334181870769,-0.014263975716035342,-0.002144142806534381,0.03555684836648968,0.02258050279781023,-0.01289379262884424,0.043083834676104174,-0.03144170094011001,-0.10765676716779178,-0.06941397818167415,-0.061664171704235764,0.02008497618317482,0.017107600925227985,-0.013160200708965675,-0.0022042373157827836,0.017207972282800826,-0.011593442309160432,-0.017947785310160603,0.004780824447381088,0.0051910318366937816,-0.012834798221876557,-0.02477774288572587,-0.0049654798606211265,-0.0022677089231034147,0.00523151487093028,0.0048987393135413405,-0.011448956010843546,-0.0023526925600457216,-0.00019729606997286977,-0.024429949411235965,0.03745284056922252,0.00613147604806842,0.02027422920746142,-0.004778858111036694,0.01527846303205089,0.009462280468210127,0.043526812547080455,0.0021894728024446537,0.004832964187187992,0.0006378193803425763,-0.023306537997701493,-0.01314123341916625,-0.014479066646006795,0.0011919587840665956,0.00053368869027536,-0.02333536333386348,-0.013333413576111253,0.014563362712903313,0.024873623371704425,-0.00918017652572402,-0.0027604023540893164,-0.007791808137819225,-0.016031423128433555,0.005222919949540368,0.005862521098894614,-0.0031871778910153763,0.00023920411469680037,0.010053484148746837,0.0019424745634428113,-0.01017375038941663,0.001125893744122627,-0.0035815138425727318,0.0021093663257820213,-0.012470609379565177,-0.004044544374693143,0.0001005995464716651,-0.015742132817969646,-0.005068025468541846,0.0020062613270895096,0.01690665777663808,-0.00841423039957137,0.018531818140326527,-0.014447900708496738,-0.012490890073687822,0.008405076246570805,0.010498925281462915,0.013339064676373191,0.0135104755473704,0.005416519050651329,0.008279966756736432,0.005809305533198463,-0.005629929181877748,-0.0035807673324729054,-0.013454014338111699,-0.0074951777575426645,-0.02177309193811091,-0.02175164076894981,0.02231634697401772,0.00020515381426973518,0.015856073912754332,-0.008967692222844064,-0.007793252494263883,-0.013049655135654556,-0.002552189297493555,-0.0024149245212096177,3.2687346094020996e-05,-0.02499858965465609,-0.015066576537492011,-0.006567459606645195,-0.006604412184700015,0.03785791656287535,-0.02177656849543599,-0.00422981222131458,0.04992737220469304,0.034568812159407394,-0.00848299710171942,-0.01936213944051437,-0.0027690600794155343,-0.014390198180058558,-0.03326463847240334,-0.00924989786603041,0.022238838393691014,0.020332448689603884,-0.04426533578328117,0.09768427271253498,-0.14922811772311792,0.04623185584121761,-0.022470919466564383,-0.08678451620176833,-0.1816044349918389,0.24176489361736653,0.028799602217161862,0.008909134190261184,0.10366716368532465,-0.006627831432332217,-0.04848498526024013,-0.22344816060707187,0.05549033565948719,0.017409641995696935,0.10811941344435916,0.04224038574678438,-0.0019929432909146427,0.08232646636803904,0.023293480450402568,0.049032259394187934,-0.01600052747308108,-0.11209161270610178,-0.07225739441971728,sport
71,-0.19293424655114771,0.05440897076628892,0.03275498033944134,0.0031829707986571346,0.3468706094983348,-0.6028393252413121,0.1918590363905877,-0.18903194794064962,-0.08733043715314,0.06013454561190027,0.031684338669330486,0.0011315893762453334,-0.008549438053584308,-0.06432665848732116,0.010590632101381597,0.06914092386490409,-0.051235051136986766,0.013989508431249006,-0.029907169426362273,-0.013388199531712426,-0.017021598221620603,-0.0045705841020477304,0.0009874329851266607,-0.00477572338931338,0.009929617493809885,0.042135155274764156,0.016779748106163842,-0.01684655540508426,0.007008120747571455,-0.014661043832428264,0.019023075897262574,0.01587049826883244,-0.01835259834484797,0.016120799902826756,-0.006325189817275422,0.013086123836798616,0.0028915212093667303,0.01044928900067945,0.0022341982897416597,-0.025439192645235323,-0.008713534342961756,0.015775001462686206,-0.005972230505802176,0.015662935126803782,-0.025449397708690577,-0.023527868595023323,0.023828511248521155,-0.03642775440247023,0.00372632104592124,0.00963651817070625,-0.002646270422509733,-0.009153425515226287,0.019913357767147477,-0.00916440553801028,-0.0008387118163445754,0.011081644375971337,0.0042407377140379135,-0.016025056755295117,-0.012653844569367216,-0.02580060200834423,0.003282392876239495,0.024353819927140745,0.009723847560760357,0.01917983689422611,-0.022566092586522108,0.009214126731807552,0.0023043237418920942,-0.03256337738975281,0.004857479355107926,0.009708903207516956,0.014980017229488786,-0.0034293877059535876,-0.00627517307258,-0.04400286955745929,-0.0008660672686889851,0.009671584479620634,0.021854849628422487,-0.005439693001015273,0.00046851340015029977,-0.029784721288807634,-0.020591074690284015,-0.010263374043210793,-0.006559696622136947,-0.024367485047438048,0.017919691188088154,-0.0035227362575761183,0.01007019785247255,0.012263748129588154,0.010524643776586547,-0.023647459560816583,-0.020831369459239288,0.026996234280846645,0.014403897720944499,-0.0086743034366723,-0.0011634691999934234,-0.03825785485689842,0.026841910549155485,0.05636119202506235,-0.0040520612740935795,0.027887401460596224,-0.0514656581863487,-0.050844107305552694,0.005907507460523291,-0.018282396117543516,-0.02917885087670408,0.002992815796057955,0.0003361307686638212,0.0069683530943518545,-0.030974468654091286,-0.017177282085398052,0.03129925530272365,-0.010215891560663205,0.036869320434322374,0.028119208364135374,0.005366106204103245,-0.02836369139691367,-0.02910255566344673,-0.016001160848115065,0.04979036748541295,0.019144121805384145,0.004879026486574633,0.007289809043660941,-0.02181439647428535,-0.007406659683538023,0.022211448591964406,-0.027971974655856772,-0.013820009613571136,-0.014365055189108748,0.02402851881939199,-0.05807649989148987,0.04165139650181129,-0.0016719571732278869,-0.00013913957811238786,-0.03716757888495212,0.01807641239999963,0.047419706143126794,0.01821277175354447,-0.01641593108600279,0.06329424832318943,-0.0029807722027978085,0.0783133510215204,-0.1091821328418505,-0.06842223844350752,0.06304138719117805,-0.0013699716420809962,-0.058407112035557866,0.11165483781544992,-0.01375850440497374,-0.10099644720633844,-0.057162660507778115,0.008418704223098891,0.03106953076002885,0.05923330401030909,0.03865251280805819,-0.22710145274752291,0.015859772195242764,-0.06459710710275593,-0.02402684240866139,-0.025422812578783004,0.058535428619400746,sport
72,0.02369881871952785,0.03784132259344815,0.025414918403283773,-0.05812953289002497,-0.005851488524823896,-0.024295962250836373,-0.10728510670304998,-0.030136906655397228,0.002367210017731641,-0.029156269781808682,-0.05614406041829475,0.23223481534579427,-0.2637499650692306,0.020321692796861773,-0.13876859934014027,0.0883489290967319,0.10119746223634694,0.00817175397880529,0.14404222098631142,0.06958521507310629,0.4593666352400973,0.16302998589492407,-0.20096466464694793,-0.20684913444402278,0.23703618951846958,0.07133278834458534,0.10329105852447681,-0.0973699704950141,-0.0470145447622254,-0.08159675835503136,0.0084175250795048,-0.026571109074662747,0.04134968875031022,-0.03437491614433335,0.05878701714613128,-0.053014571118253695,-0.04240378446891454,-0.015476395521469942,0.01911287277163659,0.01793364891689392,0.049695655344219325,-0.0186005348395915,0.0109272255392813,0.028345365420816122,-0.01513217159565251,0.012929545369173245,0.02753816846291949,0.044312801602557385,-0.01714603984992297,-0.009337899809477843,-0.0103179024385444,0.016953124709673927,-0.009756332847849086,-0.05153940004911168,-0.006944635869049758,-0.016362327777270806,0.00340157224275648,0.01727810613941033,0.005329346466288828,0.026605688980683353,-0.006888551457037133,0.007864081582474262,0.009111459054513339,-0.026292215557791446,-0.008473468185202603,0.00862671874005247,-0.004412977605378054,0.01188155808301185,0.03205615983574579,-0.054443073612526566,-0.01978859930149289,-0.020369039251181366,0.0019384744794951178,-0.016230974752687352,0.003327419797194509,0.007089484522790455,-0.007342215551754075,0.029006037496056344,-0.008413323507743292,-0.007682904194777878,-0.016655495226618484,0.010162112531707089,0.020484140559656767,-0.015652618541434536,-0.010588272368172684,-0.019894802157665422,-0.0001950677765072434,-0.02727211887125957,0.02340252651053803,0.02892288583397765,0.032447134871768514,0.007883729236022234,0.022195997936376433,-0.02510204417176569,0.003101123245208983,-0.010921346943266888,0.03242048491025075,0.004819402573982057,-0.010921843186529256,0.016056249364158306,0.0032489752520981994,-0.0070943641188271475,-0.01965631864986052,0.012703466932284106,0.015904415304217046,0.02749451058317778,-0.02383191342907419,-0.022868186353291756,0.02390154699297445,-5.3492839447573447e-05,0.015678202866918574,0.020754920434131848,0.015041821596504884,0.022393768188863777,0.04470175632006391,0.0072050369476149905,0.03127595976540941,0.011658733546180815,0.004077266561559199,0.04471966603662495,0.02186555911570626,-0.018447726310149744,-0.014302994925541499,0.015456038717862114,0.01221597815221073,-0.06093844251176543,-0.02557203135956437,0.009213858634900169,0.01524089940177373,0.013606813887182543,-0.07832830305208782,0.07777416263706642,0.08798331265285214,0.05236426655314059,-0.2103579333485339,0.012987011715561114,0.10237133926557242,-0.1511400889336314,-0.02022856569291404,-0.10503265891235752,0.2520681140855664,0.03943011893551576,-0.024919678210721687,-0.03843431927576175,-0.079835783648853,0.14419681854998984,-0.09031166167908271,-0.1877883778947677,-0.03458609521816014,-0.10056624373819978,-0.0535539512916061,0.03315140713238506,-0.11465525296112586,0.11048782577093372,-0.004424580779159965,0.0006405036362224324,-0.011699542485219,0.030457569612617436,0.046166364730287575,-0.007701141615041021,sport
73,0.02096897596316007,0.21419402139226085,-0.07322964225751555,0.01882878954292304,-0.02018904904183354,-0.018108446581777654,-0.03384378679207841,0.0747999490734229,0.041674027189370584,-0.08121892466598514,0.00025610470961765457,0.19790939618833567,-0.2597888348977439,-0.07747179618190204,0.01164964359635155,0.07258710772287294,0.04855902648237138,-0.02244481222978219,-0.03681692751287983,-0.14067948677980024,-0.15317750195188537,-0.04126546997871582,0.077449278490551,0.01758484298305438,0.02121310578403153,0.1590289335437781,-0.15945816998385245,-0.07461374799255668,-0.18256567375099075,0.23672230190002025,-0.1513650960854501,-0.09095539950151942,0.22738607170971725,0.1059255856185275,-0.07571155474321593,0.05095059202444936,0.13278383634006613,-0.01671874586984666,0.12083726751957317,0.012629530520169982,-0.1493452815157627,0.016850893274739858,-0.067218133795756,0.04122772471171529,-0.11616181892511507,-0.06639688928975068,-0.034947133056271444,-0.08616026883294257,-0.01034850202002624,-0.012781398496496075,-0.07267510067860944,0.05121913911013456,0.058023125184133495,-0.01781299670528876,0.01364100930867684,0.01034607535714227,0.012903280578471104,0.04217088056418639,-0.009904698741201309,0.06471476905795509,0.026807981091886916,0.11470311529959475,0.05948155380389977,0.019756338581617905,-0.008556844490005322,-0.04188873666338632,-0.04883647716614072,0.009934582346852155,0.09182310451292729,-0.04440040899397007,-0.023717675477268954,-0.0030887767909107268,-0.03223610169270625,0.044768054815575116,-0.0046468146150575595,0.020533920250308944,-0.05191208760214536,0.02844968071512854,0.06269972197501777,0.022586269676756445,0.046732565116231285,-0.0152549446709575,-0.09230440552445783,0.0348103226411092,-0.0013524999771965232,0.007568711703137205,0.00591114436824532,-0.08967522340633478,-0.012074588448863943,-0.012570337784248308,0.09234350797519943,-0.015070698152899898,0.035411649133950424,-0.08381333272581169,0.017453780349421317,0.15369099569926561,-0.034861643049914,0.08667723091162993,0.08554081834066359,-0.022332075004486574,-0.017667717677446255,0.009870076936834215,0.042588812253186455,0.03271024710132553,-0.029153097512410332,-0.007648169113860527,-0.06504583084552663,-0.012233161350749125,0.11510883870083756,-0.0362199988036138,-0.020625645354164293,-0.0021805060731287383,0.0009655911525579471,0.011135245106292819,0.061541755544573334,0.03455049866166174,0.01886546502577651,0.06727991734766406,0.014398770609385077,0.05614653143030551,-0.01651915295928403,0.0640536919284566,0.0360837236122893,0.024919340194355412,-0.0522741938006028,0.013162625243720461,-0.03123155482727658,-0.013622481200650368,0.01951323783701111,-0.024909604185599354,-0.029505576777342113,-0.033639981808276403,-0.02484870461565933,-0.013886621846448987,0.013865953778970711,0.03205538208320577,-0.013139528337815625,-0.07082062253638555,-0.00968751181012218,0.015947921517157126,0.04658599325485889,0.016578473788960973,0.030505224876984857,-0.11074564830814758,0.07237258247547172,-0.040980048625984936,0.031925769694147677,-0.016483281635287648,0.014817648188961025,0.14379200878400292,0.026653804242887692,-0.0766745037530153,0.052513118909942695,0.14298177899764872,0.005453404390576138,0.05138940827577255,-0.12627556226871148,-0.14646454949708979,0.04658646159673227,0.012350656312201993,sport
74,0.02870015742696097,0.564659056906302,-0.1961555351273856,0.11059728207852146,-0.03852706757155251,0.060324270012052476,0.06270021935779072,0.0029609630163283172,0.011890455727325928,0.01659225828691798,0.044679111277605016,-0.04525107537643257,0.06611610004205304,0.008803975928948498,-0.008109842409360059,-0.02065082751873962,-0.026954911942534476,0.014139002506781408,0.04444491484098946,0.06690013525144795,0.06664378923114891,0.023293999115465463,-0.03033355454018963,-0.03317265761040734,-0.028499231815785363,-0.06573512542754381,-0.018583782602598842,-0.03727427808267132,0.010200981897086282,-0.01372279430742529,-0.009457567725931612,0.11615821774628805,-0.06551985013168724,0.048757711296625234,-0.050271906313346,-0.018285429464309947,0.017083674893583353,0.06232950287584276,0.07359712390818814,0.008828971681375346,-0.03576843653282151,0.09453135405551043,-0.06140628318946445,-0.041817361856843115,-0.05782073111732165,-0.051378594612543335,-0.003330818499931304,-0.06777212372261848,0.03871439249266767,0.017823886195010765,0.007445296174722906,-0.02542786383602431,-0.03773570813604741,-0.03641287349441118,0.004497963623171084,-0.028592473369147643,0.03276667054991863,-0.021417821125776892,-0.011131910434201824,-0.001149390390518781,0.03547390074964492,-0.008582464169336695,0.008328099293506374,0.06832871310574896,-0.06408333997923853,0.03398334894634943,0.013881783127505924,-0.006815373344442359,-0.048956438789150916,0.03463914701006304,0.018225565750557424,0.01310326635625736,0.0013971724738229285,-0.02305116906296741,-0.00046259842843793524,-0.0018639063504633504,0.010419002161509682,0.01569769422299962,0.014344333200596294,0.012546000963344475,0.03931511398411947,-0.004058304451050394,-0.011113926669263113,0.07081104317544698,-0.02791173460385309,0.08755573622164586,0.024047687345784607,0.01100140378614459,-0.07353711507698149,0.0012109351382917886,-0.14497768866281413,0.03600358643141026,-0.027223676229768706,0.04496740484492831,-0.010401610200323633,0.045825411722716924,0.072770895780684,-0.05584743008067792,0.02978983314684415,-0.035333638729230565,0.010661761964095172,0.10197561504893815,-0.014074855961655173,-0.028962069739085817,0.00863686387938018,-0.020846149895191835,0.09770771977098515,-0.009163879963488174,-0.011252447484818677,-0.049449043478868346,-0.03225998991650371,-0.058135105767195945,-0.010119076269051423,0.016257055063750952,0.027360133569431996,0.057886597230132404,-0.005310223322648709,0.010227848510872935,-0.017062000389793483,-0.07575559280164156,-0.055752445489328346,-0.003392332647832339,0.15511233226224008,-0.08818255375813547,-0.04205273688339065,0.022424942275516425,0.029082735027050402,0.02981378212512593,0.03503067365785214,-0.057268622023648394,0.02883773822413041,0.015963772712800892,0.11195293422120155,-0.06411562665780907,-0.07982781317549939,-0.11945344107854636,-0.09815746931986054,-0.10971364879127277,-0.1538469358286548,0.1318864828460574,-0.1469684288298832,0.04899826256793252,-0.18846560018505035,0.13265630164836062,-0.07707077122411721,0.07180332905269238,0.04519251899948298,-0.013818837283293355,-0.03576672796032077,-0.11789535555730006,0.052352614376340596,-0.04218695951774941,-0.0009049162467736484,0.14798793898191426,0.05589982272422482,0.04868718431594239,-0.11166602298146376,-0.10271304368836529,-0.08308724367790557,0.01128627147441767,sport
75,-0.05350035285873238,0.22168699101126488,-0.04733907449319609,-0.003836510470635106,0.06325189432320068,-0.0839505644994031,0.0162018931777122,-0.061100568148918226,-0.04862054555958492,0.02571737019393155,-0.002385774136641718,-0.07744619020380034,0.07984749171039843,0.04019349833945029,-0.06916653593455441,-0.0986615287480164,-0.011544230232025074,-0.08288436352499501,0.2568346039575547,0.12150019500793566,0.08324088435395438,0.008002360787585126,-0.03057107328584837,0.00792323040981969,-0.15617665102683911,-0.3066950563696195,-0.12881447898136347,0.12232831345620877,0.07828523177664316,0.2197717599348477,-0.21480725539193707,-0.1741675075274757,0.159375514853679,-0.2300203397143791,-0.013557882260492685,0.06233954404476348,0.11045518771612951,-0.047560022316294366,-0.10710439211486289,0.0745528186262364,0.04520539302300795,-0.08808779644006128,0.027489069012090254,-0.06899217976632738,0.09081096921924016,0.03985978777551275,0.049948926469210446,0.1338193895758214,-0.0016265939533495414,-0.06659437119301377,0.020471093495708505,-0.00915111323304926,0.047048296241372176,0.0017917898452790306,-0.015121031943516591,-0.055017311280923825,0.005262100828492698,0.0868435799577707,-0.016419644123325732,-0.020926616045749396,-0.0014154094391669305,-0.003021673837828439,-0.015232155446668007,0.05224232583798087,0.0747865988584404,-0.01943739404157388,-0.007438701878434009,0.0214865192486252,0.023626399560506495,-0.046911095555725875,-0.0017157245901606917,-0.04251545571703925,0.01534307995289366,0.053578181561573575,-0.0336269110884226,-0.02158982932490531,-0.04809984223827737,0.00026860320423834934,-0.009426378514549891,0.008710058139425556,-0.018806263017243294,-0.043563519843983226,-0.0006466954982291427,-0.018920818708857635,-0.006675193130420641,-0.016313439573657284,0.020023466190180337,-0.042813924049282914,0.02870525772513913,0.008487997885161639,0.03649930477646102,0.006081340588875533,-0.0032796564776473563,-0.037282523733642985,0.01564808810825355,0.01036561380492697,0.01360585913884441,0.05887272725219183,0.034527953846928125,-0.006518037346513186,-0.03617011978466194,-0.05495815999237709,0.0036666628684986157,0.02636463522484966,0.010867785267556256,-0.03888231009411784,-0.03517585131024518,-0.0033494960597068497,0.04970297927186913,-0.04789955478665868,0.019976401759466057,0.034860618406663955,0.05526156968812658,0.016997885800922968,0.04741359754433321,-0.011071566424007417,0.00028595535453675375,-0.03172754883965627,0.02551069376953193,0.025489779833347635,-0.0005052558250153429,-0.031741336565926745,0.018997960199809642,0.008731254475910208,0.007634965218484057,0.0039380143261027525,0.07883480840298984,0.004818796788413039,-0.011639563100119186,-0.005435873743776363,-0.022562965607341348,0.010063011101653566,0.014202960691981696,-0.01593415946337279,0.0447168455342086,0.02136804780946966,0.12617908432552508,-0.07849883459733416,0.007713667545096638,-0.0535058391478023,0.06361191158759093,-0.07982324674683465,-0.1721059896935493,0.07227784308564732,-0.05471570574471018,0.17446491412005663,-0.10305285284970081,0.27735390039356095,-0.08097100083059852,0.02584310518257539,0.0162759864312633,-0.0698417106104888,0.08476969127031928,-0.0466731440633807,-0.032995667545199676,-0.0039869504325527145,0.007117093229903108,-0.016659493932221006,0.0513401713543015,-0.0341758466133343,sport
76,-0.08883814290892462,0.03435199090419219,0.26369167411480715,0.15718945156432523,0.033660704474114914,-0.05985485031576468,-0.05751347012201244,-0.06437731118518436,0.7312487052287535,0.008151665025561751,0.11980809666357986,-0.06307814963329453,0.032775526913275684,-0.02015798183710391,0.0059540276405252645,-0.01785140093067468,-0.008985602754489591,2.862448406965571e-05,0.005823935473949368,0.00540877248242406,0.0035629653217168562,0.012941030594027998,-0.018287391146553332,-0.0063360350465364295,0.0021336072375697773,0.02963018435029855,-0.001601367842233178,-0.027585570403145916,0.03224517451950141,-0.028632416244468648,-0.11077914268185335,-0.0514987645663154,-0.04933699384546573,0.02454595071837962,-0.00034743719801166655,-0.019091605727423605,-0.018714865711046583,0.02545335317193371,0.02944844246051215,0.004828610063934174,0.004015014417814487,0.014264525053457886,-0.009011581499800473,-0.03022731424266857,0.0007776175696148284,0.004205071194273139,-0.0033057141474659474,0.026044300621419526,0.007907789162292024,0.007369791271474668,0.00856929267232735,-0.017516925784990284,0.008836434690488719,-0.0053984269335491065,0.0002164792524395609,-0.0022788310819513613,0.002247698518000996,-0.020281767953443358,0.00799855767246875,-0.002111179036702293,-0.0056520260200646445,0.0016604027216473847,-0.0159312968702867,-0.0053016948165385816,0.0036276163649730047,-0.005447960396296316,-0.012424065697215533,-0.01636770017145373,-0.000637671249729251,0.0043362808807038515,0.014521303305519557,0.009427063787530575,-0.004154960076892896,0.0032752473617531043,0.01739518545368326,-0.010799331717100895,-0.0036556706549472494,-0.030682760487300047,0.009856219381635103,-0.006693569597582079,0.004880922941353212,-0.002852746498462513,-0.003367360678761976,-0.0012448590107015142,-0.005410315232863869,0.018484754034827675,-0.00502708231980968,-0.001509140568697044,-0.004050211342930209,-0.00231105392300157,-0.024792054496400224,0.01003052684519686,-0.0021875245968222836,0.0040134989543372974,0.0009684884671226002,-0.004699208196286779,0.01617256743762115,-0.008203898669593928,0.0046280141884462835,-0.001367467359930737,-0.0016823527136313795,0.0028002515343394123,-0.00534518165903173,-0.0021574332594194085,0.007121566314358125,-0.011841535316644228,0.021698224333004903,0.0005222955444246365,0.01248624742543094,0.0002998558445623663,0.008375898751488885,-0.0021318035024945705,-0.005425191266965007,-0.02790170535537623,-0.006762917840234068,-0.0076878835432946935,-0.018713793429054812,0.011438438642609745,-0.00040610904284622666,-0.01373337523726126,0.027963360374239098,-0.015880205511703032,0.02236488325782674,-0.03397278641928854,0.005550182777731797,0.022806754497461036,0.010596801396814466,-0.0007220715114051586,-0.0030844149741162466,0.012394277258199814,0.009275385765909385,0.007441212858039498,-0.003681383058329842,-0.009881773042501176,-0.0014478810203235326,-0.0277295598263678,-0.032175881217855494,-0.0007872994019526594,0.008096615900645988,0.03394446914647923,-0.06713355234254201,-0.02615677852736771,0.050382078737085174,0.028748472965761326,0.025757738304444514,-0.04033518177705096,0.020051590935633832,-0.041045422645943686,-0.07472052760437335,-0.05139700774564234,-0.02181722651677916,-0.03776140549512856,-0.04310871265361327,0.00473152711525923,-0.03872299970108217,-0.009162755205152875,-0.08136980569096991,0.111845894668356,0.15057233220953137,-0.06563385072818465,sport
77,-0.20883375604173618,0.04881915740706683,0.032523389423418016,0.004665230062125475,0.36169729815390245,-0.6189269579187879,0.20098605344992976,-0.18887583550114947,-0.0745828992036698,0.06273841723328824,0.029617112031173613,-0.00979216693414738,-0.001103721851101891,-0.060855532535949504,0.006886398758228731,0.05989831524004439,-0.06916807633942601,0.003560523334507307,-0.022430791412347103,-0.012230415341819277,-0.029083024765318162,-0.0022730273327490886,0.007040877088499908,-0.005984318999739165,0.002528695503659141,0.040359178160132965,0.019024708981871676,-0.014540013457294667,-0.0063871649326660085,-0.027724009564149395,0.01348797009126057,0.029180638074918663,-0.014995152882711112,-0.001998250216050142,0.01055441833168709,-0.011643593025270335,-0.014232647850904091,0.029528678216585415,0.013615130395273883,-0.017194417687060128,0.0008346043746064448,-0.003684978216975056,-0.0118885745955561,0.007586248114457959,0.005994923894970927,0.009692096476131562,-0.006959994157306938,-0.002792432310810008,-0.002521388651635165,0.006403475228282247,-0.01747079178476053,0.009676261552356777,0.010117188625740901,0.012185947753155398,0.006080636244952528,-0.013296383992069092,0.015394562078179443,0.00372056762105864,-0.012900843345537589,-0.010423730383923762,0.016440292928494075,0.009782508542678096,0.011050890496414023,0.009851499016259733,-0.008426242901196541,-0.004353567593943896,-0.030575280862892282,-0.013629647651605688,0.013946931184581502,-0.0052707801305796834,0.034007010968826065,0.016099323327045494,-0.011901757445302674,0.008755705287115275,-0.0003733772218218284,0.02015737385980288,-0.00842395432665913,-0.016333139637558138,0.012534408357331855,-0.028493944057232837,0.0018197949268901343,0.00820214808010513,0.0021497523628361205,-0.017269020890209392,-0.01306153488465386,-0.006778581202538222,0.025844676932258965,-0.002599508649256925,0.011302672989724295,-0.003252007483151455,0.0013416249111286292,0.0146194768764734,-0.001516371272562953,0.008797874114574993,-0.013649260497783831,0.004020600651215055,0.012824813271441379,0.060155892533821545,0.0014877181789539268,0.04119378718706168,-0.04886662530658147,-0.022059954702022617,0.008388232490589322,0.01217786716712182,0.003585142364056688,0.017934710746549933,0.007090977688525003,0.020043249890697633,-0.017423559439691833,-0.021420147394347045,0.025459702722189483,-0.018566549835510746,0.013812558000567429,0.021491890397781457,0.0022010227985323687,-0.036643436400890614,-0.01681265057969184,-0.0026199286603687264,0.035588635044084715,0.008902210703702201,-0.0011123617507420413,0.02267114900499302,-0.012706689229125573,0.007243966731624046,-0.01920500400418324,-0.06305216597246659,-0.07405553864214941,0.015191501870594173,0.07360097854029982,-0.043791610405110544,0.08178474621917302,0.03154645832113726,-0.039932827928112404,-0.06904952903979686,-0.01675027479474598,0.02236728520745563,-0.032869755224818734,-0.0031699260932896867,0.08492564684207013,-0.00016980914440885574,0.027332986795874672,-0.09359517291841736,0.012342085821309481,0.02588248424913779,0.0004739840574038273,-0.011401094792307614,0.05766862188990078,-0.024917350028603756,-0.006812650811495539,-0.07154476016207087,-0.01460238149175236,0.0054380564104162706,0.021882898098308293,0.02643479709992157,-0.15367813554200424,-0.034933119945767296,-0.017799076137631015,-0.018754997721223906,0.024444532462988434,0.05889577578433939,sport
78,0.01338133807508567,0.5422037510683545,-0.18062361282309838,0.09567855894445429,-0.019680410026074062,0.033486542607677534,0.0782121296793169,-0.010044993179380898,-0.019318843638111982,0.03641803708167383,0.03946282045410148,-0.058259895322304904,0.10511939159680231,0.046673495943014044,0.0051119857263858285,-0.03170796941299619,-0.015903347860208687,0.01755333744585091,0.03898032189840957,0.08315721587876806,0.0866706992361412,0.03166761101719143,-0.021635778840780006,-0.01078207010219422,-0.07711202980976761,-0.14729316802377176,-0.029500219604936814,0.0149274967768133,0.05654878067772998,-0.021785009974105176,-0.04282361186281506,0.06000648706124001,-0.06966766136117257,-0.0007392715593405549,-0.040422472398133756,0.023027266673304337,0.035282107004239664,0.0027779395529226197,0.05340821344036962,0.028493001134654663,-0.07099013251298572,0.0601641132280045,-0.01526073806246596,-0.03161282842089101,-0.08088464140821937,-0.04496758591793983,-0.026726598027723154,-0.05650891485201812,-0.09514270302492807,0.02403461170565582,-0.05128921788712366,0.051641585988548865,0.03685117753267424,0.02819401059482459,0.020923046394460982,0.029139934528814228,0.022455021631269535,-0.05617187449001099,0.03147179400680725,-0.005890095466289113,0.04431292606501214,-0.008398992053417572,0.03204320829074306,0.012415242452571132,-0.009544407999872027,-0.01083441123397377,-0.036023730576722986,-0.002115291230183094,0.018564240241777028,-0.01882098296278226,-0.0013905390991190095,0.060494666825824196,-0.0055710099272216615,0.015110702618882909,-0.08930708693648788,-0.0124536685747805,-0.0019342284485579402,0.047231469512274415,0.048827423013630626,-0.003956678868806248,-0.0006842857132461052,-0.032284463399642416,0.023393985617798416,0.016362761385507088,-0.032501161301816656,0.02451222086645693,0.0178806479978059,-0.0561910819388352,-0.048999155880196675,0.020225936739068997,-0.03153647905629646,0.05401525793148895,-0.04848891362078588,0.05878374156285215,0.05996013161706424,-0.05501972038708858,0.05140834309393599,0.0699768570031235,-0.05916884378392302,0.011112374269786077,-0.05359119656173497,-0.0817282019005792,0.047785591439274355,-0.008441726444853918,-0.0035463738671226144,0.03243607220787095,-0.06357912498667447,-0.08922673426812791,0.07187967359600736,-0.05747167915936833,-0.12711508986092254,0.2039783787731312,-0.018470911928465956,-0.07127521694492543,-0.005033270149687209,0.028819478591787108,0.001878117159743034,-0.022513064738975568,0.04027936311825034,-0.06038885093142958,0.05664204168322181,-0.012148791688747792,-0.10563229660529506,0.049244722106746804,-0.043346131727082175,0.0004380027153349973,-0.0036808576946561616,-0.022705921544644285,-0.0598971255366252,0.05087466561157024,0.030382576446029437,-0.07583107212460555,-0.04916505459106566,-0.042092324347646766,0.0020169767002948254,-0.10444709670887453,0.06494396281314084,0.15391617558045348,-0.04137506805732961,-0.19643911157245678,-0.012740203293622533,0.13861185102000048,-0.018673059635896445,0.09858501607918134,0.016169688659927305,0.10973969743582843,0.124788588325241,-0.17843507403053535,0.010341075900999258,0.25199624690012307,-0.010385456059312872,0.08535379454231573,0.010742944262281534,-0.0031969094481021977,-0.08700632999537777,-0.02076719170471985,0.010698007732506771,0.05794606821776246,0.03710221472408304,0.017324367811080113,sport
79,0.002704724963083353,0.03148611426428512,0.027822665290034316,-0.05033223240065531,0.010015451588841914,-0.02353980924198958,-0.05605576369265215,-0.019078433989816564,-0.007259454837762449,0.011503704814426542,-0.05165796553925843,0.10497238750074035,-0.09053493023615766,0.005480997247269556,-0.0459882899697231,0.03895484514707076,0.03162985076110594,-0.031239969166137246,0.015750785038646978,-0.019647115596275272,0.08624692359452661,-0.0057793651278826175,-0.017791170746365437,-0.005208478824114571,0.054270140034859395,-0.032495891924946105,-0.004415688749217504,-0.02381836818707441,0.005167416696202769,0.0010738546224768602,0.05482067605866627,-0.055058867543114384,0.05709227611412419,0.03744857495305344,0.029713616982124588,-0.04611554968622406,-0.04487862946105611,-0.03613235479617447,-0.07051716555219555,-0.048097787760744845,0.04258989850591337,0.008002575212395984,-0.016077958542065125,-0.08477699744564413,-0.07158162265136418,0.04061064700718626,0.044853754346077836,-0.025307683779337023,0.11898684823756343,-0.008952222756629423,0.07440788176561382,-0.039163052673422856,-0.15304461125402438,0.05695446723265815,-0.2951941056282144,0.22272347428646613,-0.053228629050782725,0.05916739897248033,0.22727210203824835,-0.09165056977320495,-0.11602151677773288,-0.2282167149819206,-0.01983241764365857,0.07675973163093715,-0.36548148311241285,-0.12423930454670509,0.19016015515159998,-0.16247856439108765,0.00257635037941151,-0.10198865606211897,-0.08625241293828795,0.19588276694669896,0.21344390785660874,0.317674979226771,-0.005775874251023943,-0.17137482305551463,-0.056857862709968725,-0.10620518899364711,-0.07027674214552197,0.13357607972554664,0.13551404720571844,-0.14202312596150563,0.03632369644203935,-0.07940103506500765,-0.021300349087655636,0.0026286843620527624,0.014344888965507775,0.02005010640730913,-0.015830627600418704,-0.01111291507529438,0.033618782801588275,0.04872844123255684,0.0027586326986028184,-0.022930739525847933,-0.01902817493815839,0.044823505799801155,-0.005359165134025143,0.08453534952905035,0.022664787959618713,0.0019956177249808023,-0.018554486490251595,0.0019916243532911325,0.05614164467028837,0.08517167504061941,0.0014871259271169927,-0.016091396464040432,-0.003809116949440042,-0.005648815482306219,0.008373373603147579,0.04764639256471029,-0.062026444254239935,0.012190211460452814,0.018700203347457235,-0.02097923922469733,0.032142711595218705,-0.0021988664307333885,-0.034057047822110796,-0.006872463789947363,0.023026833476274235,0.02143271278205129,-0.00541992777160494,-0.009090448009966421,0.024782921219106937,0.006653201209200535,-0.04711112543289122,0.0025123448031149896,0.012545741246722341,0.00741716703293472,0.008448654943726088,-0.004593775924465622,0.040402773449584775,-0.016568787884722904,-0.005182955889505847,-0.010155590855108672,0.004098975768716955,-0.0011182405722723427,-0.015169092131361889,0.032097452645958924,0.004203229062962291,-0.002673240184668698,-0.025451465827361623,-0.004330326450117317,0.011854642041776296,-0.003565954724203468,0.01457793025645677,-0.02184659662749847,-0.00439795264866844,0.00836341149974283,3.1372741109281607e-05,-0.0010209388746598785,0.0028151029134825946,-0.006978794083441371,0.010691863341810003,-0.004274941263125642,-0.00026285974210055836,-0.002965905604277462,-0.008572059100012179,-0.005143276834919491,-0.010402410323222547,-0.0037621187219567514,sport
80,-6.352411997315184e-05,0.10472310203606684,0.006929663569775014,-0.025170881832126502,0.00595123082021328,-0.03553662905034248,-0.026441708436309365,-0.025518012557208702,0.017969310984260255,0.0031111018025771647,-0.02135509279738365,0.03910618755934215,-0.05471433077355654,0.008474613769273057,-0.03402732013429952,0.02381678939435406,0.002732393192165065,-0.024185404301430836,-0.010657108008435908,-0.01844037217457017,-0.05312761754606663,-0.03803911548178434,0.019828288523047757,0.02085900253775349,0.015242886626092748,0.001487256443458468,0.007175511106341036,0.014746047913175454,-0.0459105069024938,0.0004537030424562359,0.04907692059005424,-0.041476234198335515,0.013617992430339438,0.07930432150058335,-0.0044929729437557,0.012325395374893904,-0.021021890718973275,-0.1010660292705896,-0.00025180943409918143,-0.018785516042785198,0.018229954796850634,-0.052028552738852894,0.04660593939515168,0.01607582330940855,-0.12828383140031796,-0.04823208234599431,-0.11423153559429976,-0.16877311012899515,0.16125190154562977,-0.19810891449805818,-0.184972134292693,0.07013689028155201,0.14289327381204864,0.001503328877366415,0.06075617831070239,-0.03545353872052739,-0.04815568721454662,0.11056536914698865,-0.00948218261906442,0.3169652599965477,-0.007731548785679183,-0.35892395521183346,-0.12096608872867497,-0.22567631005993108,0.3876450608201411,-0.11706500433769047,0.049300691676010616,-0.1514872401586144,-0.282489885707012,-0.07909140470964644,-0.21262207615683634,-0.005181355162922432,0.21513555330501713,-0.0334239836255725,-0.00524977396174362,-0.0025200106254254333,-0.04730799056159086,-0.1569678912879399,-0.051962053362929424,-0.036344983486428756,-0.11785744729768255,-0.016437346624858462,0.00121957735477407,0.08016108526574656,-0.07391877434845752,0.0035216610933785785,0.024422045969531726,0.013668937567864551,0.002609530914968077,0.007975862326844078,-0.053224608681824714,0.0405663616028127,-0.03857937836507812,0.03719920980798778,0.05134652779126756,-0.01890067534590035,0.030526920703858523,0.03308820851651999,0.0064130624324050985,-0.006859574411700537,-0.013017188281815417,-0.010582130805269577,-0.01794286931800883,-0.0025444994482424097,0.03938730302565252,0.011636454249910043,-0.012481354553950235,-0.03678814930776965,-0.02223346214479834,-0.01819678590677834,0.026535029388471097,-0.005594188336095124,0.01711249188359985,0.00430298187190609,0.008428484603719017,0.030071102373324277,-0.006096716413654217,0.015248665255265515,0.02715676756416673,-0.004181312079734013,0.005584577691242691,-0.020196368179014587,0.006117061806497562,-0.015202032201262969,-0.019858947276368603,-0.013562773565855809,0.013657544850139824,0.00507899474640289,0.007181339180378407,-0.014243236958657443,0.011796540622558622,0.01174788868507995,5.9501518370063174e-05,-0.02460003638838874,-0.02675052120563926,-0.0186390140254578,-0.004818503533947144,0.015114699707921415,0.001798519866553952,-0.002164480162145283,0.00084172572501018,0.008347941117148622,0.00372827697550642,0.0036320429502324668,-0.006920918720523118,-0.008486549319388942,0.0005270409396726599,0.012678800644941719,-0.005454770525238146,-0.008686958293137625,0.009517934133475127,-0.0027797506574799005,0.003947057438109914,-0.001339855868899073,0.0017597987258197074,-0.0005009251334908495,-0.002768179733640085,0.0010633186617414923,-0.0008584550691847961,-0.005169367937420069,sport
81,-0.04466927819049428,0.018344222209396636,0.05287757276193363,-0.03299255286570968,0.046471689610554145,-0.08590843567888384,-0.0509134491228503,-0.0184740216633344,-0.03458186571228711,-0.020692252861994085,-0.06782952861276814,0.0297549138972665,0.08649368793965598,0.4235361527693616,0.014893724271759213,-0.4003907522315874,0.47194373816247487,-0.028908599489564014,-0.07239410783521678,-0.11728552434533006,-0.11883514906762178,0.0033463572023033072,-0.012659082373921292,-0.011436499274390359,0.07893501226018555,0.07955239410950107,0.06750697951987761,-0.032552926259616026,-0.03285508330199789,-0.00968130576330277,-0.05521075477177441,0.027990875431353965,0.004168154267966213,-0.006030305118365348,0.032523321210735964,0.0009437044035715658,-0.05863096473260978,0.049780574038335676,0.047701026701756445,-0.021685595577492417,0.05966972520733672,-0.09570094313239373,-0.016859513864172466,-0.006478353921884196,-0.06588751900629905,0.0169089992225601,0.014312259147550585,0.058996555817793235,0.05562313145698341,-0.0011729703088832236,-0.0010789334391134422,0.009859288857512274,0.010550678196084825,0.057867411506241556,0.006503731434921906,-0.07560407295664652,-0.031705641721496466,-0.03068636026886867,-0.09776381901603773,-0.05973425901190538,0.012444786156265498,-0.001152955833777186,-0.04865679179162237,0.17903443174610384,0.10458516011438904,0.11364541847847351,-0.03003985855771395,-0.0009962679488110682,-0.04402289627400242,0.021077538471266952,-0.012513392543088562,0.1218446448297661,0.07121702990376502,0.19241270769260838,-0.07570249989581102,0.0817974244923801,0.10084828786957241,0.0003552956711196244,0.019326295836432597,-0.05906497433877242,0.01630149569811522,0.0485765732565917,0.00927932547584751,-0.010251437871908757,0.017817828552137427,0.016547320568539817,0.00033517961651999273,-0.0802471622697754,0.013769634309741716,-0.0099855280827863,0.018132542902117417,0.05513245332264552,-0.005557745886522815,-0.0035805025048909443,-0.03395569642841535,-0.0005687865644639173,0.01284288345483133,-0.010867591189349143,0.008077360039243245,0.016982399549713548,-0.020502950248303294,-0.009101350673144524,-0.01390221784892454,-0.015197462389378549,-0.018993998941248754,0.007478297294045316,-0.004884795020144748,-0.018782982427305795,0.013539750550944184,0.009833636636073456,-0.012821709471713807,-8.612545965958866e-05,-0.020624227300164267,0.01800244181241525,-0.00970239411832638,0.018173455564831072,0.011162102914264452,-0.01482306041740751,-0.008457511856051073,-0.009275833415365026,-0.010759246237041989,-0.006944386561257335,0.0027770978121775484,0.032156339473184255,-0.02473423766112659,-0.0029145292054919615,0.008973328534931333,-0.02491909056037786,0.005543348584630966,-0.035459474436348185,-0.06701420111553685,0.0030283909913986183,0.001575289211409035,-0.04642797856776811,0.006549995888349303,-0.027963352281168436,-0.001981346577682587,-0.028009846599546914,-0.04380334705771147,-0.02239126291175596,-0.011597751601137574,0.00902654633903781,-0.0014068415979826636,-0.008825050594662244,0.012180352319855014,-0.025859063441169214,0.0008587473685552657,0.005955829115139091,-0.02833868553544236,0.0011816312490526644,-0.002227695719475437,-0.001214678997872817,-0.004985298900138458,0.006018931435919091,0.0005917751152716015,-0.014240289669057216,0.021909215781654324,0.02353155775567196,0.0076351015157311575,0.024348620699016783,sport
82,-0.058804650261666855,0.009476246214488162,0.29307276953017725,0.17954859890223898,-0.028239800190644083,0.06293325978232917,0.027913636327403547,0.016219354317392576,-0.060710913143241604,0.04048131466590327,0.008366316214986623,-0.008264628405478518,0.006966200737436818,-0.004231221817964371,-0.0019018736811670623,-0.0003361907056171376,-0.006501459119694291,-0.016303793676762372,0.011895189764823668,0.018797749287608693,0.02700202569530904,2.5594274598199745e-05,-0.013673039243649807,0.018857244207603475,0.0024845117170435144,-0.05027564999692213,0.007041769237529519,0.040415451465108373,-0.00980616483471291,0.041524972025354684,0.047280773985229216,-0.008725339052480043,0.010225014767905013,-0.017778136590262658,0.010503050410509848,0.01541478726007131,0.04339247359822709,-0.08635353660438774,-0.07802704952834166,-0.05029166000574812,0.029961619387360864,-0.06087816248684758,-0.08661026288419547,-0.11331772476013183,0.0251150075204463,-0.008051404200487845,-0.12084987324581421,-0.15559665704149128,-0.03453584597947611,-0.06239295139580067,0.09811021425630259,0.12919257180475008,-0.12724107557214998,-0.06739417201700877,-0.07003782105480039,0.04321633619378429,0.05540697447031681,0.05903780223565291,-0.22923003995869146,-0.07937317877585055,0.05633581667682595,0.007201457743295165,0.11825007594840059,0.009116222082630958,0.1087929031415861,-0.014640056503208121,0.05382807076631687,-0.11191964137619842,0.08137157956929797,-0.02125183890958772,0.015368777432114481,0.0619019326719342,-0.07228125196581445,-0.0035235130231461,0.10325914473172146,0.0408316950739381,-0.053410363945773344,-0.01634059356371247,0.03260539530533642,0.0504922574516802,0.04716519384840937,0.15283590435636477,0.005682933199198485,0.02639342137501258,0.06305896580244154,-0.10316932785929613,-0.1408697048605523,0.2508668441561674,0.2737360646472441,-0.1392464220657222,0.07013261328728351,0.3183572678052119,0.20582885297971815,0.14321176717830958,0.08847582970863081,0.2448998950861174,0.14769314966054387,-0.051407949066980624,-0.13445539016292643,-0.0020337942275251712,0.02519860696022429,0.06633134124164407,-0.018319306526097826,-0.038153190333279276,-0.01922538820659381,-0.023990738709332615,0.002363801732781685,-0.04882536462509297,-0.035716617319958704,0.005430447906638429,-0.10524961961033633,-0.003257442145383392,-0.07514543077439703,-0.047142094077502375,-0.00485548404953431,0.026311026085553836,0.009403012169398768,-0.02547757433507133,0.09587684442277271,-0.0027698934064823706,0.023117292731147616,0.008845774245109045,-0.008314704767955646,-0.0229889800340111,0.02388819933266742,-0.0001100992303146011,0.0145074702171226,-0.011455006158461583,-0.017592404264258548,0.0036924859822950037,0.007948705978346779,0.023225671025116586,-0.006797035189251309,-0.009268014357455693,0.0038512049014866366,0.016160805926432258,-0.003075457250838375,-0.0015131091833156488,0.011019040049978885,-0.0066396294174884685,0.003246850612268906,0.0027160475278063248,0.004896360140347599,-0.0046514004101905196,0.0012255670372967751,0.004887288996633649,-0.0024665923711853967,-0.003971544019444186,-0.0221370628447677,0.005218436150837241,0.005059337104910772,0.008407950472180174,0.015030713316377039,0.016956345460962422,0.007178752189906142,0.011567793797569005,-0.018053406364512515,0.02498610730371875,-0.013646104596572612,0.0009708012593456196,sport
83,-0.09475217154682997,0.12589939868429909,-0.023024566953113015,0.015722884548951155,0.10408972088784127,-0.1227666729038643,0.03148756624135875,-0.05874888546120156,-0.03781113101720777,0.02791215843625499,0.0028696017922022203,-0.01214935100320606,0.034440613215773005,0.04957165913320404,-0.026679444559966566,-0.057064871336987004,0.036871539658247764,-0.02911372710304657,0.12704095832581358,0.07783418674197844,0.09537385012255037,0.011538079351746234,-0.029715695827772854,0.010103030710032015,-0.1172676209944151,-0.24136866543821367,-0.12882213773509626,0.09520080823279307,0.048471012320102126,0.22632901310358453,-0.1525797502242907,-0.1293665109018829,0.1345743313570062,-0.1784697602452224,-0.024889841868155467,0.08150195914680988,0.12692685425677935,-0.0947577548082231,-0.15350794443964094,0.16550117014382812,0.03426047677374732,-0.052758888401098575,0.10156047506678102,-0.24402889647543424,0.1644712838273936,0.06504109427915629,0.023688480299084547,0.28984777361159203,-0.06965822740693577,-0.10502851270390122,0.06609947540504701,0.046847261227327894,-0.024616404257833575,0.03128103701614463,0.0058631258407584805,-0.06745461327153633,0.14444787030596748,0.015865499773432018,-0.025983406716640775,0.0471455541595081,-0.030467259952375713,-0.004524058532963085,0.019339775426475518,0.04472371420105301,0.10633162906653539,-0.011400495861532684,-0.09000440421690789,0.048974481284449915,-0.022958698474447727,0.0011016344557102933,-0.0015177517377798896,-0.036844166865546396,0.05356557229737873,0.07131829078965343,-0.0798452418795121,-0.11100136314692972,-0.060896427658578924,-0.05738711696504162,-0.01880534898997323,0.08758696373110532,-0.10128503893131698,-0.053282536316818056,-0.08063278653646949,-0.008690029556760811,-0.01752634832061316,-0.005089758894244061,-0.004499988659909042,0.014943603408415556,-0.00915323084900865,-0.04315936307899004,0.009417832867401974,-0.026434520739051413,0.04929144446097944,0.029350581796054386,-0.02704747729051623,-0.0036589940461153915,-0.025493218137361825,0.03786632329919888,-0.01044183860308824,0.03653784438862214,-0.0038250831218316662,0.004369114879306698,0.002505582976335106,0.02366554463561682,4.919093257142641e-05,-0.0068698077662965144,0.056410083072202306,0.047461847209694055,-0.034229897984497895,0.004247326761219968,0.06553850045279368,-0.10021988372557983,0.02131781422021529,0.026546629680463237,0.03145220622986238,0.0028091869649014543,-0.03888147105523059,0.04221874570803623,-0.026645926917713916,-0.01316522866831919,0.02924167302960845,-0.011855013038977721,0.03661113480787317,-0.020786402306460297,-0.014653128510378144,0.03619580927428748,-0.02735307497602526,-0.008090617366414758,0.011608687538387154,-0.012769865413927562,-0.006684842989392755,0.00015405032547977497,0.010972677145160262,0.05168987117267649,-0.0013321515976434848,-0.018780059568383474,-0.10421464095725715,0.04627377783377136,-0.010404525987911048,0.07389003947278347,-0.026632154432512344,0.028577540847221146,0.08497514600537184,-0.021997101902662106,0.03251122428440938,-0.16146600102559533,0.11640982508583145,-0.2301762346027493,0.05846016509915768,-0.03758838614458873,-0.0187961737671439,0.060212517281782896,-0.09689401800444135,0.05527205818947895,0.04747423057259352,0.017731054697862268,-0.017574486359624067,0.022082381407278504,-0.030532716547979254,0.003620933659951879,sport
84,-0.014241138364950265,0.43851027837854606,-0.1560388138631345,0.06907366827349784,-0.019546165600319507,0.030960845152323585,0.03221411701668924,0.010671566591855213,-0.017923446756938553,0.036073462870766855,0.03461216874346206,-0.034066115595096466,0.06352071749136509,0.023557529507405275,0.0021594756615983817,-0.042887309639498765,-0.002477228939707668,0.017456476802310078,0.08235680449246792,0.09715905847061451,0.11849118637480686,0.025549116461249754,-0.05241503164117359,-0.009961328858777433,-0.07274260859094321,-0.16454557958776053,-0.05410733520521172,-0.026137528535326457,0.02878488333108485,0.027494387718315704,-0.023274745421701305,0.07009707166690793,-0.052786753849797696,0.013745120635876927,-0.05360110461332807,0.0014684184566791526,0.022250044736173376,0.03734296803448114,0.11556802519982037,0.004917945664423389,-0.04854942379490113,0.0947316107895231,-0.09577377249919265,0.023710969087950725,-0.08004784522537546,-0.033922833996008026,0.01458375452820503,-0.1268421464315163,0.05111271192597575,0.00845588602817189,0.052552375414644074,-0.08411499455461863,0.035725236697687394,0.05064860921986598,-0.043814293294464915,0.04777272999858161,-0.02117291201449318,-0.0026665251899648714,0.0021678500606201593,-0.0625605808507107,-0.01348665871643136,-0.06800255941572808,-0.06855811937028297,0.03395857551428987,0.0003352590621485784,0.025678708418998972,0.025113901176761246,-0.03428945299870394,-0.03503432731144856,0.03462982251420543,-0.014113875276750731,0.008837952857386318,-0.07573350269828952,-0.03841320980771683,-0.02602785883576472,0.021090851695992383,0.003355108935600667,-0.049490018867123654,-0.041317876683375734,-0.021790037956546833,0.051628392007011935,-0.011510869363987406,-0.10235733704362239,0.1331562831787395,-0.08298948402212891,0.07007359614326897,0.002152260728460674,-0.002230377804732045,-0.10281177818201157,0.02587516254519575,-0.11411379627915608,-0.015502761947278999,0.03048636103414863,0.01601019593616033,-0.07322593418511636,0.09664740295094024,0.012982594233627666,-0.12721410695780616,0.005446025321527147,-0.11446091302724112,0.048790121515092245,0.2046465917673612,0.03060969254202384,-0.04394524472309874,-0.1359001736612255,-0.023317091825804513,0.18027201194161274,0.10375295263391823,-0.022895856862637,-0.03183910410540408,-0.00931839126853809,-0.1137951383743419,0.05109320151765039,0.11252590222137994,0.02890559033554656,-0.03527119898930753,0.011447303524479755,-0.0714268773376511,-0.0402457258931392,-0.015405143441662205,-0.051398777577747315,-0.027458417150208976,0.08504262140610502,-0.05881782561677166,0.04304774497991621,0.07774792040030394,0.07050529400173215,-0.06155391726083097,-0.055647966096792255,-0.12570858991007702,-0.03190199847269068,0.13856118785997362,-0.11326618758873792,-0.020448637167051087,0.2101659745289046,0.08432237106351484,0.08983702824216462,-0.028188410001332025,0.08475918979547503,-0.07960051877161231,0.13550760771335293,0.035577685063713796,0.046208013654385545,-0.15411636282766322,-0.030687672812577022,-0.05734861045346397,-0.06703138012281622,-0.06008044943711205,0.0050694344762141795,0.04375462312524061,-0.04808765071465506,-0.0027843242041177595,-0.03750105186464495,-0.05441523203537167,-0.06155821158958253,-0.004780503879590547,0.05680045860677225,0.05334867825262985,-0.005146542136028433,0.014135767922486301,sport
85,0.004125019958163328,0.01451206556482052,0.04615584247939336,-0.034199895205231895,-0.015197502203567826,-0.0022928349369482396,-0.05729517122756729,-0.017480118174893262,0.0490724610672834,-0.010957240199549727,-0.02612417588773171,0.07384011559327291,-0.0502573786431895,0.021551611608536803,-0.015828975764255227,0.027200681004948834,0.004403174247713142,-0.004433469072426716,0.020972639240610175,-0.006536025817369664,-0.01610991789575897,-0.015789333877233337,0.009836872282686947,0.013647685988164194,0.016795240846622234,-0.03511952787152517,-0.0008206459397267116,0.02813648383452025,0.0038200251589239047,-0.02182397236750397,0.05567798765790128,-0.06485496384341695,-0.03354697025390288,0.032556459623471805,0.07273440911446075,0.04637923669475327,0.03270139240440913,-0.13042270006853401,-0.09242919263565377,-0.07510129702983051,-0.07074739088306244,-0.07887801871922202,0.013665204366809947,0.06364990222241258,-0.09557626348951931,0.08721348957791845,-0.09600071188668234,-0.14023266075115798,-0.06144517599534331,-0.17236490436075633,-0.12817964371806437,0.16105027726172724,-0.1522471868958266,0.2396487438695674,0.05810683766499599,-0.04332399428879187,-0.17478073907112798,0.2307439883058864,0.06277490663268796,0.019791251107762302,0.04319311137028272,-0.24278610710052853,0.03317999671521354,-0.0059174722701489015,-0.21760441023312205,0.3725313428444606,-0.14855693951754587,0.22676781502013785,0.025527536993515867,0.034218341588372864,0.28023952515684997,0.05727167807297555,-0.04333338391064725,-0.007108868182435733,-0.10698000226964553,0.010141845796308696,-0.09167457979578741,0.14056766508277338,-0.04949005260466809,0.07315208235720777,-0.22638316868298142,-0.07794864829322279,-0.13136814600914745,0.05985580008732579,0.04135025890706443,-0.031778056470832476,0.09526546953925395,-0.029930563700057432,0.02978383830198782,-0.1713837493727884,-0.06301117712146073,0.02150463137324676,-0.04224708221754783,0.012752222599715236,0.05167365942944399,-0.017629904694912185,0.020589791169306815,-0.058358053781832855,0.05017977101993534,-0.006659203077087361,0.03361789926359707,0.003697670390553378,0.029578878319423605,-0.0374169903629269,0.004244288961874413,0.0232973997240399,-0.0015847082801403903,-0.015064987108513422,-0.017405783681972695,0.00588230527886646,-0.010128429913150163,0.013390972437930889,0.014460094695905864,0.01168956293453813,0.012535973854195841,-0.03840402795315985,0.01932316155000139,-0.030659178710432444,0.030850046623238817,-0.03657115100533227,-0.008384777756107693,-0.00751825184730566,0.0038464629725207286,-3.8310371868119425e-05,0.02801024623394393,0.015229794797968594,-0.02539272886418272,0.014061065550030184,-0.015298089209705283,0.005004596196058053,0.0047410186365757934,-0.002289400069058294,-0.03674896658853427,0.008738657782477871,-0.01964874729664349,-0.0003453567170506489,0.004175863592323105,0.004684898895554727,0.010610086777703151,0.022512781005359465,0.009991200224268299,-0.011510142147127814,-0.0017339766598390759,0.0015125521042685974,0.0012620729048284118,-0.01382543912535732,-0.012728782513420293,0.017943806751948545,0.0035243664504840313,-0.019236548860927235,0.005654961890344327,-0.0024878373923054365,0.0011823718211318194,-0.0003315787728566035,0.006081121787542389,0.00017733937420829536,-0.00853237142522808,0.0006010377392316597,0.0016447149894599164,-0.003350983395397191,sport
86,-0.16890998392236803,0.042648411950859624,0.055850726477362105,-0.012488864710963228,0.3604629576167331,-0.5888503214439924,0.20294121694497907,-0.2551048669886101,-0.08493239098812898,0.0937560868163507,0.01996441280495988,-0.021557431152301826,0.02133433010871447,-0.03743878399260468,-0.018835570095213923,0.06848350382740462,-0.0417613387431309,-0.004447551470396477,-0.022272600591265606,-0.008000191304329565,-0.022959286895972437,0.0015828331301969035,0.009973358732420877,0.02817641897657651,0.005848200650452223,0.03237442506014751,0.021568244817211195,-0.0010512856314186445,0.004205126473295512,-0.031527541566214096,0.01037453647013454,-0.00811797311208315,-0.0056888949338961435,0.029683430369655137,0.028040378472965168,-0.01583095313536801,-0.030010970016321303,0.014387608440151066,0.017505960758866426,0.007197584978464139,-0.010713876862793834,0.011083026112897363,0.021068593544766277,0.026941491268803373,0.032806073999966164,0.03327814023943711,-0.008036764595760916,0.03423004842779599,0.016114481322933034,0.017263693668898863,-0.008070997403292621,0.005156003852941168,-0.0017541498835231242,0.012704265069734752,0.008368794796151465,-0.03191864920029841,0.007356884332426469,-0.003145108629548478,0.0006675753056955546,-0.006870948334863879,0.016455301134685643,-0.0018607324966809522,-0.0015970025789200678,-0.005110615660505974,0.004973311534369515,-0.0011891825050022852,-0.0019064832655463083,-0.00038903678967489193,0.010013422346472307,-0.003013647514619126,0.02941878342972202,0.010297511134120961,-0.008356229337291141,0.003773090250606423,0.016392527697928615,0.0033217002798789854,-0.02720009717489917,0.00104617981500191,0.009444924432265696,0.003798046308452891,-0.00836387281235009,0.012015347907194697,0.004604364618155093,0.0059401451177315875,-0.014111314964308345,0.009167409311094051,0.00019157042861843478,0.001488697081451559,0.007173982143373084,-0.007262804950864929,0.027823257052899904,-0.022630786884133763,0.003655047334900836,0.011455899922689281,-0.009099626657755204,0.036383981197763794,-0.005888508288866174,-0.0006577058255649018,-0.018781507692831118,-0.008428163458642448,0.014257341211190254,0.016169512275194,0.017564160574007108,0.015824851019153763,-0.00010802578288412826,0.002923861021040313,0.012540359990418203,0.05009646139407342,-0.002177030553899203,0.012214878875426612,0.015522007443052864,-0.011168508663026332,-0.023281563082379268,-0.02502340999671595,-0.016365458659383485,-0.032484370732712015,-0.007475958196257566,-0.007568958011846067,-0.010526792101755311,-0.005435989912100011,-0.0188775743243453,0.03692591938475519,0.015280006148394858,-0.0014444365667011711,-0.027818530575435287,-0.06990884347166344,-0.09900361458616902,0.027256678942846203,0.11903885759079907,-0.0385722790456321,0.10434696316298256,0.1033699468715599,-0.06476133007797705,-0.15321362154861523,-0.029479444250788064,-0.009681898073248206,-0.012699063970571798,-0.007785203911427687,-0.020938508053986962,-0.03352150951977093,-0.09464776178664519,0.08591663382411478,0.10974580655237169,-0.07176218727439024,-0.0368726501257853,0.11293057033907376,-0.10189553768302476,0.016259267635077984,0.04397449358342389,0.01987782312970918,0.0030359736567930305,-0.046614325526452484,0.0004789038962603716,0.010269299725369184,-0.018329048309729097,-0.02838533640304483,0.021918648023958404,-0.015506354401368693,-0.019320279673372864,0.0038229349876311653,sport
87,-0.02146890087004679,0.04706976129046583,0.023048212898242344,-0.051582814394912885,0.00834665354111966,-0.03714044979263022,-0.08938584680595271,0.05768948614631842,0.022322559738016785,-0.08418707934856429,-0.02643140217957278,0.272279929895656,-0.28636545235452077,-0.07543730318844437,-0.07123565153853596,0.06168399834805314,0.0661908477679671,-0.041671903566915386,0.023343136310567638,-0.14290266322354084,-0.16355878857643472,-0.1003026933448494,0.010071289401715868,0.0806512877226444,-0.07345532446430814,-0.190073162944728,0.10708204111496313,0.0801930191728388,0.17135435870657464,-0.059627128293564584,0.019857319778848116,0.11094743389641139,-0.11410387250657203,-0.08021414649456686,-0.0028216890831563334,0.018268791201291067,-0.08246304510670291,0.02703313973864954,-0.06171974957423018,-0.0078273259451919,0.11807860742009871,0.03069849089859253,0.051752747554791714,-0.031267029943533586,-0.00595116730770274,-0.015121166774200702,0.03492800610478189,0.006261501626598575,-0.019150573286001688,-0.03711609992535141,-0.06703850482117722,-0.02259967274279683,-0.01444946952042759,-0.003909699466742676,-0.08028584207386304,0.08436966392131436,-0.03701290506841275,-0.020066459668195674,0.04597174454268826,-0.004216146251471408,-0.08636475614613079,0.08981367574512703,0.019667616507860832,0.0845768253562638,-0.02545739275271973,-0.060883902715775394,0.020899518508611922,0.02114009261961103,0.0017816363743219977,-0.01149443776548895,0.051360707585554125,0.0005436273564702887,-0.037035814057454604,-0.0033800359559306853,0.01883399489546588,0.06546732388684749,0.00332717602686096,-0.011308535802164702,0.10910062841174151,-0.12968083458988464,-0.03257894366962856,0.06715122023453378,-0.07369124749949181,0.1079765916006671,-0.04076456619781642,-0.0181353746031392,0.0540591084288923,0.05071806303289956,-0.057640787180900814,-0.0325761539430909,-0.047412018945907665,-0.0030339612420961317,-0.03127448913089314,0.06958744173602306,-0.0016586351660944321,-0.05445277329797523,0.025199208984439985,-0.048984061260096655,-0.03494233721084501,-0.08142867887814335,0.09970061125946657,-0.009881637768954935,-0.0567428278585148,-0.04903694492521157,0.08042556318379564,-0.0463316413966676,-0.02941863738791062,-0.12145627240247979,-0.029188620127846402,-0.03423535956395347,0.0550350325449744,-0.03382479959033268,0.10596115146746547,-0.0012918913306376354,-0.01846640250260446,0.1707526445081944,0.002639360925773358,0.07299010657967354,0.027397602065926528,0.1211184930067698,0.342797977014923,-0.33519077789851626,0.05858287302802539,0.1316546598368569,-0.044994858259495035,-0.024892867747978834,-0.007082191079147973,0.02984978278299765,0.046968399129588015,-0.0025101139292247367,-0.013847978120792042,0.04327069169449361,0.009774778469862435,-0.05411252401109699,0.056184105403123415,0.0472862588594914,0.007444173306261603,-0.05745344587670566,0.03656626110577101,0.016217024681292103,-0.029596717088248896,0.022351002795321328,-0.003712815125175089,-0.030723140480957062,0.06635110540111391,0.009050158125863648,0.02073024146040114,0.004976582249983655,0.013251310953324394,0.023105012756709096,-0.018231439056199703,-0.010798050221584043,0.0218195757407113,0.027933327404304605,0.010948676974537138,-0.018540454430299873,-0.031592572686092925,-0.009171682501669555,0.0026998676541508913,0.0019821030207947876,sport
88,-0.046684243122963515,0.027729749513177228,0.05239480804149833,-0.03755906736762462,0.05652955579619609,-0.09410421654407888,-0.0570357217980976,-0.020758800984807098,-0.03318198128560824,-0.01118891676487129,-0.0690316972902459,0.0329523670963823,0.10381945695792809,0.47359760445918403,0.009856600307656695,-0.4411356024241673,0.5103010054524,-0.03512253365973293,-0.07850556325111774,-0.12781842835724333,-0.11358934461563157,0.0008663964983743089,-0.01274440955456347,-0.004460995683603497,0.07820181511970893,0.09025443162039148,0.0676687766556443,-0.03446623045202367,-0.015553249171775621,-0.008868152781412942,-0.06380528363455874,0.03144750789006311,0.009063410183965677,-0.008792057883518311,0.02205587218926428,0.0011852619725957084,-0.040305713347951536,0.04450413741824187,0.03746397139947676,-0.014841357162963812,0.04083182572382637,-0.05963158381355622,-0.016931246860420253,-0.004180336649233603,-0.027665847602273676,0.0186650571261421,0.0045041807500511895,0.040699200115797377,0.03866238419053333,0.008100375821719493,-0.007136819046568114,0.007374893725287493,0.0007049715881201994,0.029126991015969633,-0.004459440272448119,-0.05276182238600632,-0.016808296256945788,-0.014719038638300446,-0.06076543237487069,-0.05005324171146211,0.006650718391069909,0.002365990899162714,-0.02186190768125658,0.10919323854036443,0.058526903459637215,0.06358155167082052,-0.017206064038988184,-0.004569512239588012,-0.030912272846269566,0.013085851105767467,-0.0031100921052815587,0.06161661444021602,0.04195185654402368,0.09900535578293132,-0.039244957394281174,0.045008649658344384,0.056119241500989146,0.003478998349753365,0.007588108139923032,-0.030177170712885434,0.011667714451978232,0.02478065070446481,0.0050509200067238805,-0.005235224600131386,0.003946115707581894,0.004869762725496767,0.012276586382114534,-0.041049507369327845,0.011784856058615333,-0.003003300839438234,0.003150895831593368,0.037788075506718574,-0.004189583644447884,-0.002626648410644927,-0.018077107537105463,0.004755623194391706,0.007933916635244521,-0.008921163654375364,0.00163257815946139,0.005052837880831142,-0.01349284955258592,-0.0012168650406837143,-0.0076075150629772515,-0.007066854152272422,-0.01874728237034525,0.012908604797031879,-0.005790698090739122,-0.0052308129703900925,0.0050906182389398365,-0.005937259033536936,-0.013436008202472456,-0.004820772722539089,-0.0036173666032781,-0.0043909267978558065,-0.009493364282934666,0.0095500080642829,0.008680216452142347,-0.0005132576738424377,-0.003096672374419145,0.0001112782445634972,-0.013022348285166532,-0.00180928997511651,-0.0018152451793086348,0.01060361080985381,-0.008002897365140135,-0.0009341076848966252,-0.0024304293757219176,-0.01471623638350561,0.010193887559516836,-0.01319990569871417,-0.0268064723896043,0.012208812873733016,0.012892521049298958,-0.015045925140238897,-0.0017366365769915727,-0.006341813951038601,-0.003924625851848526,-0.012046105675728077,-0.016973194359845657,-0.004246400571828745,-0.006067619896036171,-0.0028575294568901014,0.00809205496248043,-0.013663183312287932,-0.0064731525537487745,-0.014744778788756886,0.007774137942296294,0.0061856930743667765,-0.013081859128028391,-0.005917065519350303,-0.0018308469239258405,-0.0064895588917775445,-0.005791226778945834,0.00933162945749915,-0.02818138142537261,-0.0053365990797185564,0.0058076623512645295,0.002256752767399446,0.002873689014388623,-0.0014986562657236468,sport
89,-0.01940247936244027,0.02729672934249802,0.00933438448155534,-0.033871785345225516,0.007915386316537489,-0.03149825742208836,-0.047394365870894635,0.04397899323720766,0.007274329259574101,-0.04114265947803464,-0.024751283027343536,0.0849179690174515,-0.12709211787882801,-0.007191704075775681,-0.04061254799737173,0.017722165698248825,0.02045602839021611,-0.026347981227151124,0.030106874467586125,-0.041914356238585644,-0.03350843341540461,-0.034334903856490476,-0.006309046628751307,0.011557407126416478,-0.023087112072882634,-0.08730493703265779,-0.061200370897453865,0.033905976382320666,-0.07026845819264048,0.05221985896720573,-0.022829688042574695,-0.043848229171868716,0.05241828815649323,-0.03879305474830701,0.004060572051515454,0.05338356169831434,0.07654323168941903,-0.03789132317263017,-0.03530002089893328,-0.014325807108863947,0.05488469270368056,0.0359720535215475,0.13495335419818252,-0.16746847853736652,-0.0471128757378898,-0.044052126791816415,-0.023120011320047547,-0.037648486472818446,0.10074883719206874,-0.29115459457322085,-0.251565081782232,0.0771356271430239,-0.017610726978642542,0.08440811636985768,-0.26584217172414437,0.10444214311032728,0.034329130562142075,-0.0924566276885752,0.06998964648749878,0.05296980657344863,-0.24256358683379334,-0.01110846699863949,0.03501869899982692,0.13172723470768025,0.018701483800353223,-0.16108780900114086,-0.05179419311459141,-0.04924232728728787,-0.1564050892105402,0.09822700468602012,0.2922139827432078,-0.05438397694234251,-0.1936230530823949,-0.13719823936965267,0.05345181699193315,0.10604326697578723,0.3444804660865459,0.053856698323551666,0.09963304222641178,-0.018922842490343653,0.12553494061049641,0.041037826996791024,0.136602498188045,-0.06552958361550834,0.075443978108567,0.16022907996853464,-0.020986318592169127,0.011737529174014955,0.023857055887791485,0.04672302333163927,-0.03897190724494932,0.003644012470351351,-0.04651385687733649,-0.00953429441955795,-0.00601647417716354,-0.043208498016050215,-0.023796672204111663,-0.08301768087705318,-0.015132320677715099,0.022843396620854967,0.0008551479758544063,-0.034713631460467125,0.0042306014662396065,0.025001036972104314,-0.03330951552705813,-0.004169501187109352,-0.0344967285574627,0.04434203055205767,-0.03416796486773233,0.010259768751114179,-0.015851984835547523,0.0019873582893446787,-0.07450702092538793,-0.027365310361834115,-0.018814103812348614,-0.053423407329529986,0.014486229970316806,-0.040141841236077974,-0.00875340730436742,-0.014828561652743913,-0.12094042337758105,0.09412163619227806,-0.030771799601747273,-0.05049539816702604,-0.005325846153252505,-0.015680567358076335,0.02206041631167669,0.01265649511284293,0.008137713014000708,-0.0031239697540412477,0.01950470494978002,-0.015993333242309195,0.0036213893146307885,0.01704819062187446,-0.04473354757383066,-0.012811451450772102,0.02322753899914918,0.005708784033138202,0.009155805509787241,-0.027937872582000863,0.006751569097259146,0.012592316419429116,0.01256185948544378,-0.0125475639047104,0.04248325463089253,0.003974328138475403,-0.019446688290315466,-0.012731981160792319,0.008365115378461931,-0.01984679352266565,0.009039825202679163,-0.013074796253463139,-0.004031552026203798,-0.015011331616534307,0.003524921792725163,-0.0005323062244146514,0.005767857990783069,-0.003653951675690934,0.0029264830717967696,0.002429556155657793,sport
90,-0.0966191644948226,0.020456086844741355,0.5955852844139522,0.4335567956366035,-0.05097963246129576,0.14301555909882713,0.13105610469985016,0.03126188567754168,-0.19947169840133186,-0.007702348895246037,0.015242682848293297,-0.004689109633946308,0.006968834043229125,-0.009484132734181043,0.004884264645530485,0.012984828316085108,-0.016452337851371474,0.0012294529723380005,-0.011494585122663605,-0.021895520724099223,0.010291938988877274,0.010986163432422997,-0.0036665917402826506,-0.0069874522092005925,0.005315884283599604,0.011225356946167964,0.006856891573939805,-0.01157276100722313,0.015995463747598228,-0.007003246951578009,-0.04594385864316135,-0.020103343177552052,-0.007959819927120967,-0.004139344609930804,0.02560257311934245,-0.014191652761222034,-0.003068090746909224,0.0270513393387234,-0.02574293674464352,-0.020020776699855324,0.03548516904343088,-0.000549191233598293,-0.04556413480759527,-0.03816448300706003,0.0157428000408025,-0.010225210217641419,-0.020257779227090312,-0.025978326382677757,-0.024981195179922033,0.007501749959122591,-0.02269282745782799,-0.01715511808350022,0.056602315891851954,0.026512617839687252,0.04855344842853174,0.008068768272993711,0.02795236834763591,0.013310314891536225,0.047053917963042306,0.025084824540207922,-0.0006836147769016896,0.02500626866137708,-0.015938019795823224,-0.012883495149885077,-0.029610535468739298,-0.003025675637017672,-0.01787599102217541,0.012017354732730853,-0.010055791337575568,-0.006679372663558666,0.018225383757596244,-0.02795652498507979,0.007866985001236266,0.0005062664189758516,-0.008650123185827878,-0.0006495326623965985,0.03556597086590348,-0.02432881522525869,0.02405077182987136,0.034766128071300126,0.0035167920889013276,-0.016331841570685915,0.0013208249834232495,-0.009186836300682009,-0.002342916810921537,-0.01766464495694146,-0.00361151262736875,0.025801407099364532,-0.08537757567466141,-0.0037819088541405027,-0.018823960931166162,-0.002885422365432251,-0.009981271221732464,-0.022921823165938843,-0.059883177863507345,-0.037029797688959136,-0.0550337274940388,0.05316610156908317,0.1041413242997522,0.0219559795106127,-0.017693708935693293,0.03386943956931611,0.00803739558713467,-0.0233526856449742,-0.005820579346659426,0.023568378911910166,-0.011103062706740554,-0.0069940085378801305,-0.005299406232230292,-0.01306608290064219,0.007725286279457843,0.03258348650153147,0.020135736500730025,0.01084265559899405,0.012147894834669857,0.01156656762353131,0.01211375158485009,0.024778479160455433,-0.025001885857847263,0.011025905048505912,0.012156575102284638,0.0034691950005820153,-0.0060557757015173835,-0.008364180146499268,-0.013002885656666649,-0.03147302678115119,0.021089186698953724,-0.013795429251448508,-0.02141679336576503,-0.05628719667427974,0.016404648111600254,-0.06456645322872352,0.025643380497587152,-0.0510491912380865,0.00795488587732023,-0.012491809214601822,0.03312454878342137,-0.050030339529014825,0.04749001147782826,-0.035733804891212854,0.020421630315910082,-0.04720455384413176,0.08790525887381956,-0.0050092527824736055,-0.007028312702851396,0.03387343222932494,0.011833866792692944,-0.0010741153395267275,-0.09309903717339704,0.05355455379331603,0.011971972268960343,0.04091659644400398,0.021930510339788923,0.04504360422669778,0.0251712199834304,0.019721763368052585,-0.019222019477516276,-0.034062381290965525,-0.1540564882481117,0.06462332122906725,sport
91,-0.09282448617589859,0.02412150926814225,0.4901683007676452,0.3393834872628838,-0.041934198267888904,0.12135387248107722,0.09482075205306884,0.027727759567684574,-0.17178161819005375,-0.004543240020376604,-0.0033957450862463394,0.011657649034410363,-0.01235459744673767,-0.021763238725944656,-0.007058207267847517,0.02976110831200535,-0.023625278961347047,-0.007989922969262176,0.014189472267548376,0.01650650151262004,-0.0068935101819995,-0.008931694752793968,0.028453807695753938,0.0003199910406105399,-0.03660524221754888,0.021536322220095327,-0.015653875402102377,-0.025121314591420654,0.012508646297220715,-0.023639061739201335,-0.026119994944983044,-0.010227701087833545,-0.032019534836857835,0.007016355180239703,-0.025200426025015377,0.023799703517373007,0.00773244239243025,-0.053078006693179004,0.10783686053847552,0.07979461125108983,-0.17398116784020734,0.07360188279235312,0.20595287877871632,0.2684924124424967,0.017576028237327207,0.05786370583788174,0.09516155661554106,0.19880458987851368,-0.019588144564964126,0.022038031236621743,-0.06252241446426475,0.05802646836514345,-0.09476911125592777,-0.023081554156289177,-0.0741018374978567,-0.02141288577801923,-0.05204366946159301,-0.01686289720784263,0.005261295304832871,-0.0626145786934898,-0.015902015879795207,-0.0735334273086603,0.020339901413662254,-0.010902982349422633,0.028410807570546627,-0.025781578753693742,-0.006149063117818952,-0.05314706608598613,0.004320353693226435,0.006831515548350646,0.021436641145210242,0.01844871191914446,0.032036417275432647,0.010525474381744468,0.0036760683306799468,0.017382707345089256,0.006951569505086998,0.01045464285821978,-0.01095865280960863,-0.03987842604992265,-0.02090055375712729,0.05349833621260854,0.021493394679261216,0.009420493278461483,0.030169959287107095,-0.007690567865925312,-0.00422091361977889,0.04511623184149154,0.01870783418825282,0.009991898701117368,-0.018665711444771263,0.003939477956823805,0.005345401330481371,0.0037648253178051653,-0.007544050736440038,-0.009872794644667511,0.004626246963386302,-0.001621046294393873,0.02354460726494306,-0.0016228537192182087,-0.037962899465543175,0.01924557386484657,-0.003988224823806931,-0.06851062477300747,-0.042761357503880354,0.0009101953316783801,-0.0012306525047902448,-0.013823320430341205,0.004430333664568902,-0.02346110169787149,-0.053869269033161866,-0.023313751613688947,-0.007440328959954762,0.02948021751356321,0.003959873342343535,0.021927455641751418,0.032485013940702176,0.02732062036358362,0.01941675054780214,0.003967204095960381,-0.005974319793617522,-0.00974397474573321,-0.051599542026063365,0.00695559710825252,0.02174198867776053,-0.019303619230420746,0.006882093978815653,-0.039614277148092555,-0.0384285117834357,-0.05687285387065711,-0.03399571156650077,-0.0709483894173698,0.03003037759785327,-0.06764985162407824,0.004852462692847155,0.007508569704387787,-0.07727018033693837,0.014870886704768934,0.05003067101190097,0.014711741692105316,0.041106553401971904,0.05801307569149546,-0.020562047871251446,-0.004217385279376071,0.009924686452202784,-0.014364502784032007,-0.01632835175256029,-0.02229647993056016,-0.04254865853180603,0.003267715860573085,0.049661832162158026,-0.06895685406690563,0.09068727211052942,0.008800791160237386,-0.0503369439588401,-0.000556311357513955,-0.06551509870423045,0.12790877052712568,-0.06527204378932322,-0.233895756987404,sport
92,-0.038371466067517006,0.019001368783727136,0.05524837914194698,-0.033515406687498625,0.04431277519185728,-0.0744121831172842,-0.03915537352470364,-0.04849152399223371,-0.013067574356964994,0.016424733214939216,-0.04496208619034794,0.017233224376665704,0.07727136784005598,0.31175158513450557,-0.01054043323095304,-0.2605580542118472,0.32547466475013537,-0.02554429618248937,-0.046177832680167404,-0.07523013312704026,-0.06734044046730274,-0.0028690342123064887,-0.009949183176484957,0.012304853676195467,0.0364091345612758,0.044549404929601036,0.025131902369397184,-0.012282377387865612,-0.01014228363980745,-0.004872641727875964,-0.0005692800792120013,-0.0062699256080649725,0.007550774127040289,0.005799207545460273,0.005620321773115635,0.007007395494975458,0.009563408957926444,0.00504564726616845,-0.0501260056962192,0.02357119963770066,-0.019481201731814824,0.03502369557686329,0.03200672679074577,0.026302954323645766,0.058404212084544764,0.026393647809893835,-0.04516668174033066,-0.014254602977494186,0.010860822538254846,0.03938104492676194,-0.014204664402742232,0.0034260219565294954,-0.023303744389093415,-0.046491603336961805,-0.007645203148572958,0.011487578769997914,0.041328043695004923,0.03780519962794626,0.07364873432394789,0.03897435430310038,-0.02574587706913666,0.014926687621284154,0.06747178450391746,-0.1682552733138042,-0.12672205137806555,-0.12449216665763652,0.04722758925621675,0.001963741693049615,0.01648883403597479,-0.03776719717390364,0.042068429530839474,-0.15423104487935443,-0.08741440745144567,-0.27557692101049575,0.1283616098016507,-0.11386615104829885,-0.10335056701404467,0.03896087572490298,-0.021957105463108795,0.10018598075824454,-0.019697764578410725,-0.05208848158781737,-0.012309481626536355,0.025750469470609896,-0.08081967947220821,-0.010434141066424745,0.03737319274517912,0.14410273186230052,-0.027094057124360933,0.03362213577935645,-0.12292001737030493,-0.08577548098913151,0.004526737248766049,-0.007136964561731382,0.06777422788257845,0.07532270146059167,0.02510486629879407,0.1095286930627372,-0.0039185344353204225,-0.1028384184761454,0.05445577999293759,0.022708147593901228,0.08371578090301017,0.026421040877650244,-0.0053663691444968105,0.02325745918780948,-0.013349144331825198,0.23330005180843966,-0.025265924023001634,-0.09771888543772624,-0.09500814328776637,-0.02450210758429499,0.24396201193227873,-0.37967415957600364,0.0019296313148440627,-0.060418342485361515,-0.025198485973463303,0.13379511470057887,0.0270895790773428,-0.011717465856199143,0.021584472069854074,-0.013833644199715058,-0.052594215808321555,-0.01298832128612301,0.031625451789227745,0.02059498834542293,0.02678867714265272,-0.009355271033337045,-0.008662438047824787,0.022320375412892095,-0.00242155624602528,0.028676781299231242,0.0018643371333399458,0.029737878413398654,-0.01362751910959429,-0.012624041237595517,-0.007470599320120859,0.011835388171543277,0.02374322150458232,0.007429976598053013,0.019333564667875718,0.002835805991921903,-0.014874928951323148,0.011562620814497904,-0.006723620237100205,0.019714298944527243,-0.014496668885282038,-0.0016858320975327832,0.0007937047979637231,0.007362239436687572,0.01364143918986805,-0.0012780944633330527,0.014047555436152926,-0.016253257160966345,0.0020201468209017155,0.01168378737372982,-0.013334954624444945,-0.001019877504120071,-0.007325137521306297,-0.0006953403972841393,sport
93,0.09151607009702839,0.2705716620428609,-0.09033867520453848,0.03447559174892057,-0.046991254566100656,0.01377983881690077,-0.022040973798627052,0.01147410884552252,0.005326357943624579,-0.03931078211903202,0.005615959968216937,0.12862083504943267,-0.14377191030892758,-0.08274503748563863,-0.02034097782583299,0.061514685861077924,0.03632585198437383,0.012742397068570912,-0.0466155603659451,-0.09108750365989948,-0.10663605479128856,-0.028814567699465738,0.03753449467838011,0.04066046700103897,0.02150125785325012,0.18966816069160156,-0.04563666416298933,-0.019062683694268744,-0.11338554056221364,0.155555026801281,-0.036093206601393785,-0.11203684919318059,0.1546007151217761,0.0019181892286727466,-0.023155694427113297,0.016863599159650213,0.004994664144653889,-0.018227060135883752,-0.04864200582180562,0.0375351154940504,0.04529280395611928,0.02548951128319248,0.021400883174641377,-0.1256194118445126,0.04452794307680377,0.07043690917861216,-0.010321920990143675,0.056720013991144944,-0.04001890423609268,0.1006380940594128,0.14637318690601536,-0.06573341480861672,-0.012784282196436776,0.05554411038438948,0.060694502431487,0.062262590373738054,0.02380905793152128,-0.07135738783762856,0.009837988870699562,-0.11729758114634153,0.008657258679716789,-0.07209772907053495,0.009264653326095044,0.01391861339653175,-0.06766494204597387,-0.021676441340072287,0.0023634278020996232,0.017978767693816525,-0.03488922959384925,-0.011932496927023278,-0.07680736481595486,0.01972827818862577,0.039306231975520585,-0.034575545346572346,-0.049821098534412495,-0.05829983790869651,-0.024264673703365453,-0.07126591466594201,-0.003409370619339944,-0.11009363261757638,-0.09970754580378369,0.03208140832519682,0.019958239870085125,-0.02200263131381744,0.0058806692957826005,0.015135291869156171,-0.03190418712917366,0.11764239814043476,-0.019847447204153025,-0.04569127730198967,-0.2083089192634394,0.10314262451393873,-0.10625208587127338,0.15513285349018113,-0.0037415348313637013,-0.24986323005261707,0.054073445098462465,-0.04847426786209179,-0.1060582607079043,-0.03563698499072756,-0.0397948745076566,0.034373630940731356,-0.13521119697080483,-0.139341489090809,-0.001961412937288207,0.07288720017046721,0.12984915416751414,-0.004062879937982122,-0.26686163069104435,0.12931912312907912,0.047136555390983124,-0.0031256334224544833,0.04131821504419441,-0.04032779145370073,-0.18313567160707067,-0.024910659969231752,-0.004036904415359579,-0.04735186745857056,-0.10841286470339061,-0.08538299542859623,-0.07167071907977682,0.05671702329682625,-0.1094809834524489,0.025180238778413428,0.06722210416326282,-0.08661811597684949,-0.09689759438986324,-0.034256983375834105,0.0002944518181797049,0.03837270365475656,-0.05195660852544887,-0.05525281716370349,0.012426580338242585,0.01375362515947585,0.010313470794389566,0.001279023940897589,0.02803504961413507,-0.014984568617843159,-0.025853829440203403,-0.037294561231596704,0.05293566516692179,-0.027724281417272074,-0.015306380393313243,-0.026452139598471272,0.028729536194377084,0.017094491901112042,-0.08221790150781008,0.04239182212081166,0.012633359837112952,0.10003622534576236,0.022090320963756606,-0.03459383573673377,0.030294046004891263,0.08464685559137465,-0.008624723234382696,0.02730805046760042,-0.033748881855782044,-0.036632107672429595,0.025843076397017814,0.006942677798304715,sport
94,-0.02551866307528563,0.009267822077090346,0.050920345403840814,-0.03172191952536288,0.011464541687970587,-0.021519656111875833,-0.03320784968571222,-0.0211490643973453,0.004387906081972245,0.013890621223484034,0.017002832349589443,-0.009324209705939826,0.024154646156637823,0.026816786834167,-0.029124474947965495,-0.029521965575392613,0.013256454104882248,-0.026798552518100444,0.055540180880373054,0.021226594726259113,0.00959086610410046,-0.008857135064474974,-0.010676744624441598,0.029086163214729673,-0.022037352810864542,-0.049663586853656856,-0.015980526109723576,0.06879286241886699,0.00503934090250473,0.045467208790089766,0.060573848310964386,-0.07742131136952461,-0.010331737000055425,0.02142234197561133,-0.052786300230637344,0.08231077777985901,0.012261353930522485,-0.23195775353462553,-0.12019818109719418,0.03521474411439298,0.060268156582441806,-0.07109772978670441,0.13607488929569989,-0.013717044183925095,0.031743903154175544,-0.04473367396481042,-0.06764072331782968,-0.05162699367945041,-0.1522987225777768,0.014100944441463047,0.028819295811717903,0.1638992531807358,-0.1622848896585721,-0.1663713136340117,0.08987670394012251,0.17522642313217934,-0.03301364571224305,0.07093097801577235,-0.24619704431572023,0.12471338874279929,0.09462565396742534,0.17711854958950882,-0.09631472931074414,-0.2223149075503147,-0.3110161007646214,0.0768582275735822,-0.16456297350290502,-0.31108819415849287,-0.0717065192992077,0.18997163569354994,-0.16096099172794576,-0.009282043065770998,-0.04827184632565977,0.1527052082235864,-0.023970482352937503,0.3216720146869089,0.06887002936879408,-0.09291744708159652,-0.09156289256038189,-0.03261779879376472,0.07169814073781956,0.04185558698995236,0.07963819256501285,-0.004749625888446549,-0.0008309466435593068,0.016506602216370434,0.09881948591274449,-0.09831619555579359,-0.048427428147987985,0.050725471253262086,-0.06155663940773781,-0.07734992530751046,-0.08491256586152036,0.01412045584433268,-0.07826853967775314,-0.041952017674723244,-0.019084611443112243,-0.00923527276918519,-0.020615965891505373,-0.017717469386230995,0.0027951773687087205,0.02197519299877342,0.03264350833868208,0.005788227841796513,-0.005044774846893756,0.010066090357270558,0.033651583440142054,0.0067776420435543055,0.02124904717991551,-0.02192018809966066,-0.01087754435915299,0.0027575777746635657,0.013395939572059614,-0.040000514596620594,-0.006728638743897751,-0.005193343305079819,-0.0048584227450726835,0.030145634757377537,0.006213740018796406,-0.008082524894958415,-0.0037318103122791725,0.0037931961917170116,0.0027703415746576318,-0.005283153667955242,0.030750715361461418,-0.004773555440548382,-0.010421491072127143,-0.0023114269896436987,0.022108223077188897,-0.02028905676082827,0.005781038159787186,0.015624366630116526,0.0023051097383133055,0.010211868016026056,0.0011590044243883274,-0.010273324986208164,0.009669480013451574,-0.0005132077032926924,0.019892430382489057,0.00651904237060618,-0.0016566541224511022,0.0065114932901226144,0.00571223426966553,-0.005569145936415501,-0.008406969548798127,0.002132843310307212,-0.0022216054815742143,0.007239769647601893,0.008003897976435364,0.0029505527464614247,-0.02381691179257164,-0.0035017702928279576,-0.0019700345872244516,0.002516476531785073,0.013068143408806267,-0.009596785205533814,-0.008370749364146316,-0.0078041282867014426,0.009871370152662134,-0.006517396528892023,sport
95,-0.051319461331258226,0.04740058348746567,0.027887185471057965,-0.02852138605087456,0.059734848560159454,-0.08471527707324772,-0.033023269597571105,-0.041265623527184984,-0.02685618641772842,0.013617269897729002,-0.04475637655450997,0.032979270235254016,0.06220697149097807,0.3124739216947068,-0.014604802604168611,-0.256144955875575,0.3146717140175406,-0.017800018523176805,-0.021969245054665836,-0.053491531863170017,-0.041739548479400625,0.00551804300928727,-0.015130604130515072,0.02749080222782274,0.008943766020974386,0.012797797225143471,0.0013581335372283496,0.003967732021790038,0.012727118045259419,0.016225934687863357,-0.0381254802673784,-0.01434347418238019,0.0038456556494235075,-0.007985345242559146,-0.013245883020394734,0.006606536371366595,0.017677156899158095,-0.034219577089670716,-0.015956704406950725,0.04256085649786369,-0.06452177426682058,0.06409605174608544,0.022723840920272714,0.01688605231590163,0.07141618633257038,-0.020234878260140046,-0.022489443975971152,-0.03509221402055817,-0.035376475526607984,0.04344465706603845,-0.005637313058577341,0.021781970268793513,-0.06085173205494095,-0.09321239339545652,-0.016729789278778457,0.09698215469355287,0.0324222446278637,0.006679756819418213,0.0786289770166783,0.029206976874578464,-0.010988366955822637,-0.04688928281227783,0.05205829885916098,-0.21734634243238002,-0.15463072541375814,-0.1064621344251967,0.021087832153108627,-0.03722991868025982,0.03449790901652462,-0.016815677453675078,-0.016535118421665832,-0.1560723705036067,-0.09901742937540288,-0.22605600658139366,0.0825105371665178,-0.09221869585629303,-0.14973766159166332,0.0358550969234092,-0.00774813489098563,0.07580373954494553,-0.005646925929895859,-0.0435168412162324,0.00920710944956361,0.03902702917378047,0.019996650246222415,0.0371271016526265,-0.043378831378456356,0.11609852510118815,-0.03772734015185131,0.04364152321590707,0.02514403578825188,-0.08221610736781901,-0.02166921341729754,-0.00825368115388264,0.07693976130272735,-0.021493229175232297,-0.0091557249862261,-0.013968046742727117,0.0019694102519710235,-0.018680393484640578,0.026623560388291032,0.012475159477797535,-0.02624105428022343,-0.06988934697830392,0.0064017989248081565,-0.054204683026789484,0.030961084074642455,-0.1767540077205239,0.01389939509346113,0.10696905359679847,0.12879462783456497,0.023818968854772842,-0.23190844496259386,0.41549690802660005,0.04696899841142974,0.08214395943623158,-0.004808513603855777,-0.14923186574308062,0.043330341046145415,0.042251620287658664,0.007288430822768494,0.013987114316506354,0.031332160223697336,-0.02683322805206526,-0.032934570514286554,0.004052849626460828,-0.030021101663227086,0.06518806165856325,0.0010127533890038573,0.05494737828658573,0.0922543687007124,-0.08580061235627959,-0.0217967397919453,0.02605257873036929,-0.000572042131157217,0.012558055443109981,0.05016477841595287,0.02678494511099137,0.02441181822975304,-0.0073795504822461,-0.004319050223230459,-0.01714915331141216,-0.008468280973625572,0.027844254977606533,0.004682016285630126,0.004328263545754763,0.015589600300293693,0.0033588326692467686,0.014782600588435555,0.006929226761298745,0.0007756790640000493,-0.0017396071776022825,-0.009329168772940719,0.015495713881488855,0.002676841999053262,-0.008120743538884612,-0.002632637386164557,-0.005829573881933139,0.011622404430314917,-0.0063845285658483955,sport
96,0.04332671461002811,0.11676789776888846,-0.00020853073935546936,-0.008885875640482599,-0.0019055560803023035,-0.014637790009133832,-0.11012494983198556,0.035664476037433966,0.03762868131639433,-0.0872738279375117,-0.05052826877557385,0.32358454905573475,-0.39424803823700716,-0.09141895605115913,-0.11198818927122997,0.07882657532756411,0.0917987890812427,0.000675080732963808,0.03220079143871775,-0.16324356128216821,-0.17184432470850372,-0.10899111512483783,0.021664309992280587,0.07184974154073931,-0.03307534899189481,-0.08894537167280053,0.03969237046696813,0.0003827131864152497,0.08893651760008557,-0.009005126606021019,-0.04692323273590113,0.0409471274017566,-0.04084054283407226,-0.025255717360587748,0.013645198665086537,-0.004058678390559302,-0.01961352788189631,0.044972251791557,0.013094655023959496,0.010993506278648235,-0.0021072845172519948,-0.04771595801331705,-0.06212528177762876,0.010512988633951729,0.05473587513742362,0.00576594672092791,-0.014878174255125737,0.024075442859993832,0.0018406722469539664,-0.014290532045705628,0.03669390070557929,-0.011217468078159208,0.048596592568391044,-0.013598936149617569,0.021669369018136146,-0.007344556861116363,0.029163988918881705,-0.01915479150682821,-0.001956503579423018,0.03222790707048866,-0.00640855928267976,-0.07906174797455082,-0.00969558972647337,-0.040944898283924155,0.020779771217793487,0.03718710516405176,-0.018826343688131048,-0.01583159377160313,0.006867305730453899,0.0002915015853513506,-0.06106735337564993,-0.03798356540390643,-0.011567545283552248,-0.016500767337085123,-0.0036701785105127008,0.007344367617049885,-0.0029509687239868483,0.023593238653259792,-0.03402012535539705,0.034071042950933904,-0.034623947339431936,-0.01826438065018541,0.06354681817494423,-0.03321988960715105,0.015374192645848573,-0.0064233306758833385,-0.027397656596935466,0.0052993246000574735,0.03373445609751382,-0.0003430652694324354,0.11784445365236781,-0.06511583644304736,0.028447532921394,-0.09365179377213732,-0.11242683736191429,0.06504716053686385,0.0005644546825620224,0.0003800108189609694,-0.052141696268372,0.0404832900375626,-0.06722234533007644,0.01192727853714429,0.067566460349601,-0.057153703825039676,-0.20671853415448585,0.12743120108518652,0.10101385068130818,0.16961716174233776,0.046838042896880656,0.1458322346802067,-0.0946363155981908,0.17779095395032923,-0.0487108269778351,0.0491473304220576,-0.07202420911926923,-0.1708439506957191,-0.05100060957878225,-0.10047413855664426,-0.013379500870718205,0.014556310933249182,0.07568478412723544,-0.050132589059243386,-0.06573770389808838,-0.07479675747932953,0.15912700880647918,0.05701581574380197,-0.03219136768224106,-0.02244870944510823,-0.013472836779843449,-0.004119331880316847,-0.010665680604184486,0.02564326734033513,0.10574053409933111,-0.035975771636715954,0.003241803210407194,0.04901236629082707,-0.021378855810475304,-0.06867245449035896,-0.02743566358841909,0.14499869842092208,-0.16718267402437995,0.00018251177595075471,-0.12673663833478807,0.035303742851508696,-0.08359732184407924,0.08142255279477872,0.026979783766449935,-0.0728358441767975,0.015930020588668246,0.029875995879523592,-0.0654041364868283,0.07639863068331161,0.0070597813152180715,-0.06896416178268056,-0.04977804638113871,-0.016067104877964474,0.05713374237202822,0.010189273907666207,-0.0008314719138533581,-0.004465345835170595,sport
97,-0.20107592153822512,0.04304238646284788,0.030451457518787927,0.002649907558845449,0.35498994798942296,-0.5802240713007459,0.17698801351983573,-0.16022241346925428,-0.07775387913972856,0.04299663878991193,0.019272632804650847,-0.012014440515268272,0.002631235997527577,-0.03145207270086973,-0.0003264314068254828,0.04627915121187362,-0.04677335629146724,-0.0021016690803501432,-0.005478069961115629,-0.003707432872755379,-0.016088185818812117,-0.001393037670588046,0.0006655502391565603,0.027756844871272935,-0.009347125945917176,0.0018723846672630674,-0.014611623798732426,0.011190087372453526,-0.005107967431745419,0.016400257513697326,-0.005370923333838632,-0.03085573719215917,0.02087647989476274,0.01748614760637131,0.02009634383013844,0.003918725494994873,-0.015461497358133033,0.032696771779573676,-0.0009489461289739109,0.031013058656243125,0.01101378282223828,-0.015229013496658018,0.0028398830810000236,-0.03266193692074511,0.06007759427195134,0.018577549213252754,-0.015218591152972112,0.04719587119234708,-0.02756491044467929,0.0011506475471180079,-0.002010395237941794,0.005590838911803202,-0.028615632905545557,-0.022713214902467718,0.00554713547867193,-0.012201265902300428,0.015940575467574235,0.018567866505266335,0.01135012301125525,0.0067370865447941505,0.004748094718959936,-0.030591036812079492,-0.004869265549246569,-0.02038739512588573,0.03252617454115754,0.014779805134624856,0.02005959191425314,0.04554205297704928,0.005032750056089271,-0.011388954091613512,-0.008483001795838354,0.002040214703919624,-0.0003045829219348852,0.04003072798512283,-0.0035955727658728395,-0.02300488967390086,-0.026995243221279136,0.03568507440298184,0.011139318759983167,0.05024453806509565,0.008759108913602856,0.025867795047175807,-0.011356821985926377,0.04053934592298115,5.382297471720613e-05,-0.007495592477797297,-0.02637604756989889,-0.013733743040708042,-0.02043365562951292,0.017303940376840316,0.04712091533947162,-0.030126723694665337,-0.027659468052130105,-0.016391931521775864,-0.003010322976736027,0.015906653937071493,-0.06708029498886103,-0.12019918623309192,0.01432287627765258,-0.04627875319564902,0.09038571963753496,0.07093104151563102,-0.019479350414698848,-0.005763651860666943,0.019705415336297112,-0.01663271760512973,0.005451905251583806,-0.0113605372899698,0.03826891523303791,0.02149678594916653,-0.06769197106494773,0.018546709421620504,-0.08139581188859212,-0.022894679052743838,-0.020347948457680908,0.05024940219383733,0.0399546146640593,0.037695496125430376,-0.08448170314846118,0.006570908815181916,-0.00024013259454991483,0.005461670644944386,0.008495141630230648,0.011195462352088487,-0.029590113347763385,-0.016746629257426555,-0.020172172082627074,0.004055460101340364,0.008819967553990815,0.05169977451896878,0.0053194021692677665,0.0005987774042187925,-0.009272865736281603,-0.027324539716653797,-0.030745426321467196,-0.04472096652019781,-0.02834643073372838,0.013813356088893143,-0.05169022568533126,-0.022699979051981577,-0.11136209444823876,0.1917551450275619,0.10729507006944346,-0.07291141048806524,-0.01364357073813451,0.15351591333248382,-0.15905296103603686,0.023630361069278887,0.05925512443901129,0.04568550570247028,0.010358063512516667,-0.04350877649858679,-0.012531356770749682,-0.037213488654467344,0.14520924010234176,-0.012388609604301774,0.04997872801002727,0.026037760778178674,-0.044506587216689965,-0.021727864240082058,sport
98,-0.009446237139784033,0.1429323501628694,-0.04805858844940309,0.005105055046542147,-0.010693283451640744,-0.04632865148921623,-0.05265561120210242,0.11231779322973805,0.041724131696524495,-0.10927769349595765,-0.019184196692223845,0.23622450173234613,-0.2902859613117147,-0.12157484745714565,0.018832461567705756,0.0789417245581009,0.055469121888945795,-0.001381111740499966,-0.019965045250925264,-0.1516614969316676,-0.18559892409420556,-0.06342755334405031,0.07416781383314365,0.02233982398450316,0.010436396568043375,0.21231118423099984,-0.13723415346717074,-0.08513919762124907,-0.2293951673661539,0.27010759089372377,-0.14781393735606319,-0.10746968145744318,0.2604723406245831,0.08253359105094876,-0.09401451947637718,0.033241546437387706,0.12149796017197068,0.0007769068100873594,0.12029609661770972,0.028601985543614625,-0.11522947188734294,0.01328728914963418,-0.0384643349725824,-0.01768473707525532,-0.07255102679783824,-0.06375077782863561,-0.036440564604573136,-0.04939341155649328,-0.004125999007480804,0.04696761401319,-0.040615081391321035,-0.0033967830972716612,0.03710521812839734,-0.006444084828376951,0.03851027047438,0.024094281612175764,0.026884447110637016,-0.009445248821952964,-0.048189135180593784,0.007329457336443911,0.03307074596376355,0.08120027417864557,0.037526405708507814,0.038115073058728396,-0.0631621571943697,-0.010129386787205005,-0.028873000811024244,0.0027879494188062176,0.06649134142859224,-0.01016493641746611,-0.05123474147396625,0.010704902951200699,-0.026479555978325763,0.02091210945040914,-0.020705603386147166,-0.00046132805438298563,-0.04796558742095998,0.01725383332129733,0.07548913935341338,-0.04765147563885578,0.026543236878535912,-0.007835613968505765,-0.09234961828458849,0.034371444249434634,-0.010296676048231911,-0.017420827001264266,0.038428059276818714,-0.024227009543606525,-0.038630819084364804,-0.0017067466262950515,-0.0005573935550402922,0.023179584560655952,0.02900686118095234,0.022551211795553444,0.0494750108314342,0.040165050679683026,0.005043997816587049,0.025246870705853127,0.05551595299821227,-0.03139200458901824,0.0013496874833713512,0.0070455419323585105,-0.017197632188885356,-0.012669065268237056,0.07051508374268214,-0.023131263077606348,-0.009952483701287462,-0.05522428262578841,0.00231944030076922,-0.005671320231291378,0.0030164085819409615,-0.017058022776299205,0.0021437440590011125,-0.022503899588478177,0.011902812979651874,0.009952501910453996,0.007540905229067687,0.04401893402579242,0.004873669209077959,-0.030820314812940623,-0.01210892231861752,-0.02699701790986471,0.06831696380615088,-0.0036351521458137053,-0.04523259315357654,0.011334401012452087,0.04431926890151757,-0.0074871782896952285,0.004775820095364596,-0.003505302775981675,0.03973213277414975,0.003981486566216117,-0.027681271324308934,0.017568710302839893,-0.034321107643885074,-0.022329174480958242,-0.0007760066507886091,0.03963165900764776,-0.000451835841574219,-0.030298000606191224,-0.012233751107027317,-0.010178569471252353,-0.0032887699337090116,0.06391674980936138,-0.057189822076050265,0.01993743640837012,-0.009362203214566532,0.0018131708734926086,-0.019411993696032574,-0.14237054548184555,-0.03153356678745008,0.0686504559474842,-0.04062315944184923,-0.16655094450537594,-0.0059580011735159664,-0.04134632448905167,0.127518384576834,0.18243481240334505,-0.0542483681644693,-0.014952576520983614,sport
99,0.020741795423381868,0.01905223726891471,0.28072661340801464,0.1893662356365119,-0.0413764217661046,0.07070233030204323,0.027569099950123802,0.00041706904691332354,-0.13611075574250825,-0.014956111040231918,-0.022753158404395676,-0.004392339835466341,-0.06128893861107382,-0.03296098376378019,-0.019401236864530415,0.019475627936981998,-0.01651832204432884,0.012596798395319322,0.0388282478384698,-0.033192066404155125,-0.012987432488769228,0.025066203597822308,-0.003295069635961244,-0.0017979616670031797,0.019664245228872747,0.04292073671790243,-0.021301084057534152,-0.017334234837869424,0.022799917701734625,-0.016563688212247574,-0.024598278569915474,-0.01638282886424107,-0.02289435279760747,-0.004787129866133248,-0.008063254202758783,-0.003607302661658513,-0.0057316494905885265,0.0111203133955109,-0.013668382262383863,-0.040320073695367796,0.015602395647880267,-0.016264862484480405,-0.09452835083454203,-0.1359541951104469,0.042392727945233466,-0.06712884206530537,0.05615709468799828,-0.13625362248825457,0.042003458959651845,-0.029016976254401597,0.15082019191711105,-0.004816138100640326,-0.11546948137703478,-0.06791582755399538,-0.11245463794337177,-0.09633519351840819,0.03586417470452299,-0.029059290101690092,-0.057966629629733986,-0.03738094419646112,-0.06982574756447128,-0.12740004980144734,0.06632112852465583,0.012096044186340792,0.019685597034304694,-0.019110176497453862,0.029082218244345485,-0.03769161358109113,0.07677360695493851,-0.03136954121131637,-0.03318749313087341,0.0030087495288898263,-0.06500318502404263,0.009104928462600841,0.0012066287447400838,-0.01958101255031657,-0.11593737913959253,0.13689905140586148,-0.09384622272261785,-0.14100815785080126,-0.09669824478641556,0.011552260763929477,0.013610605705941322,-0.037502074726890856,-0.07349052319822275,0.09995696070215164,0.13345890527241996,-0.2928220219329946,0.1397706352765158,0.17855216753303435,0.11902791082873822,-0.2238597075466402,-0.10841101489609857,-0.05778402283475357,0.1797657355992229,-0.03225510280300375,0.08059443152480507,-0.09286495698917235,-0.2269975595677994,-0.056921010761395566,0.0064053434139390965,-0.18893378879240694,-0.03278690745122805,-0.11044887615297258,-0.09819838139732341,0.021740112391491487,-0.06825284619151836,-0.023895641280854224,-0.04871466607606467,-0.08349420046937964,-0.08770553070546233,-0.23879389125917572,0.013650487678962422,0.05189973694459842,-0.0997260460799283,-0.02831647138389427,-0.010430128924489794,0.09395197806575277,0.054715602706098265,-0.07805054774403986,0.007265011736611145,0.02472750011230404,0.023489941817785215,-0.019928897232872465,-0.0726589720213542,0.054519034254062716,0.002035671315930022,-0.013647955610373132,0.005999121856797913,0.03520483130136031,0.014215840585470938,0.054893320034432404,-0.022126041900898657,0.021295254436915295,0.009224366148600085,-0.009505643331463053,-0.014310221827112503,0.030049969009363593,-0.010189635540942592,0.0056512293224189845,-0.025929712033627973,-0.02711561225537351,0.019979704090375795,-0.0016632116867851207,-0.012177614610030878,-0.007501540844623966,-0.013401742855157698,-0.001777228911366728,-0.048229206893042574,0.016501926096808745,0.015518521412502222,0.01925771858803139,0.006384958788208135,0.021299298226195446,-0.0016442555744742313,0.026000385440519833,-0.015445936945369576,0.01230429558085892,-0.031240909863704737,0.002225356439494773,sport
100,-0.1043961393810332,0.009026887865444618,0.5040744998106155,0.3759377191459777,-0.038382875800320224,0.13702194298156353,0.12389241877742006,0.02532827603750411,-0.268400838436256,-0.006166865683539735,-0.010033247996571832,0.010806064236453895,0.0008841324918688508,-0.019546248213938335,0.01346615844688206,0.02398128506112718,0.005881665787608323,0.003366182083560364,-0.011265764259932837,-0.02294367711369111,0.000724476208253322,-0.0010452560639253416,-0.0023395505117798756,0.0036657444809397146,0.00802909874994316,0.019188061264452178,0.0004967258187094233,-0.010149338424032676,0.030048423854655174,-0.010763398727830907,-0.08746039297833313,-0.05817702616551484,-0.040799516053331285,0.028214519155595027,-5.924175092466855e-05,0.0022713205299966536,0.00860985664291018,0.013394144992499399,0.013442128118181023,0.014025484836791531,0.018842353457455326,0.00812442030040567,0.040168864282053504,0.017661526889097307,-0.013919538837402884,-0.0069059357629311325,0.026568645934210048,0.06736488345022452,0.01937383843868368,0.0007204876648322092,-0.037982849680766345,-0.04435188816547198,0.053556538998273624,0.01737689609178492,0.0249686357737569,-0.020269559235022428,-0.02642443320758735,-0.018947787921501216,0.0760287412216003,0.026422488978078362,0.0008649034880900279,-0.007029800798628532,-0.023291311205760012,-0.04493145408857659,-0.04524883248627908,0.031717486848886936,0.004638950251677859,0.009243456451015972,-0.002809422063691946,0.038618997917658174,0.00025782582068897906,-0.026819705743624012,0.009205349396852918,0.0065522777767185285,-0.006592702001805884,0.0076016990236080564,-0.016139438537037053,0.005326706080668633,-0.01610818083227974,-0.007287518154288487,0.0009235159451300701,-0.02100451445949722,0.01804111427418018,0.005242255757508124,-0.006448695215015491,0.03761907536126552,-0.012268357133374146,-0.04494088639569102,-0.010702519171697894,0.005214358937260493,-0.00023646150048497672,-0.04315226891235284,0.01693251971488535,0.02482770809828177,0.03357269202169393,0.037864220152454706,0.021327782179345074,-0.021402892732221207,-0.044201913468506195,-0.015985357793154655,0.03145010285171423,0.010494893862019074,0.008545616220562978,0.0525390883175222,-0.0038072261954391956,-0.033565141086892125,0.0022418390751171597,0.027097942792874755,0.015005155601231427,-0.03384095758120022,-0.018981198827404996,-0.04131213358021513,-0.008826390102244208,-0.014245709895562017,0.017784723523860138,0.01691750397149597,-0.004924134187697236,-0.03579408013570874,-0.05915641021385125,0.003916408347070561,-0.0017959868290830566,0.0022934652868262027,0.00013134106875359121,0.04960249774884382,0.05345208235869679,-0.056737530601579655,0.0020577693264547266,-0.06572923472188535,-0.09998121184201857,-0.1623462455969874,-0.018458797721255388,-0.30972280480715303,0.1646890773282576,-0.24621706670985236,-0.011637819175506842,0.06714692831490363,-0.07349384650230706,0.0265665739844208,0.09221196201657098,0.05801528038923417,0.08389822883502988,0.029306638728557537,-0.014658441833359832,0.01301606182330414,0.0114000666800861,0.025433759130789754,-0.008630454484534094,0.00464756243338185,0.046574684400640456,-0.0436496969151016,-0.011110090553734174,-0.011657322403274462,-0.08047293107011004,-0.023398830061777155,0.04678038773899903,0.00013413675289019073,0.01597942946879414,0.04070219144308708,0.04849401968975907,0.0263959335405043,sport
101,0.5010589390454532,-0.2915647417250695,-0.2974176029979056,0.39426315018218494,0.15772756528361653,-0.0009988719131091186,0.02735709339511159,0.02625474005118037,0.01264926762902467,0.013916786373614102,0.013059775573091608,-0.01172219016702099,-0.010300969963458799,0.031025576001238904,0.03482164644770562,0.01403607983917899,-0.010669676641052941,-0.048317174218037356,0.02337887922888209,-0.013847158360453582,-0.018383126180479843,0.01796400384340869,-0.04382493481117392,-0.011395075591810197,0.007918810841239195,-0.00978125532251109,-0.025802739632058213,-0.01243357238631563,0.03138385180876497,-0.03930660331570879,-0.03534978627074633,0.007059627704955448,0.02275338681195288,-0.02449562074172778,-0.0155371456170813,0.053644175905348514,-0.0009298338627520108,0.05104083721878305,0.011091003373474352,0.02513128694754496,0.024493265535378204,-0.028072561366849713,0.0188176909746336,-0.0023232549305806883,0.020940272975679537,-0.014547720408335865,-0.001651714173697861,-0.020253260301434445,-0.011494236987460745,0.050556671378089196,0.027181905766964193,0.036102399782229004,-0.019019740611697054,-0.006122929078685885,-0.06971277798066983,-0.05333746840495887,-0.025622816644097265,0.01641573902162204,0.033261042047100925,0.05085982009213347,-0.0034193441392455907,0.00675483190669162,0.0014615065537069993,-0.03727974540577289,0.001779917490612523,0.008487817154639518,0.005122559660759542,-0.003301880040178109,0.013540142076162675,-0.00659961475218592,0.015171717127783662,-0.0005558094852296438,0.017030368529483596,0.0008642797588059858,-0.022818576522273343,0.0092982518184787,0.009577331661129817,-0.009711024660402929,0.010937110698371775,0.021800535399371105,0.0037705599325778866,-0.006349644084112595,0.007792126712191058,0.014937687345603913,-0.0047877014413495265,-0.0031311648275557367,0.014235404481115982,-0.01448170872926978,0.0071189767906067025,-0.0023105212990547587,0.000684278622190269,0.005101124181221694,0.04043354110365185,0.00017139161837144578,-0.011520664268136381,-0.017741317409078704,0.04185805016650281,-0.011684064049225477,0.004185129524237133,0.002084651907978434,-0.04318861333890572,0.04365719258240598,-0.013897097220509047,-0.004007883896299909,-0.010436554502477043,0.02626139334854224,0.008900837026606847,-0.039731673107445444,-0.029417970084634863,0.008423561839514844,0.00581439062833099,0.007455918236041834,-0.0018886955771469512,-0.011587531550718016,-0.00020465722025319062,-0.016865165512333188,0.018317450849694862,0.012004634082432976,-0.011850036175917832,0.062005908553379945,-0.027522705733425006,-0.017985189720427446,0.0024196783695957674,0.010078065827558868,-0.008914358623886847,0.02055021803814519,-0.025402565584934294,0.07187034178559057,0.02454480607384672,0.003394858639289606,0.011450283255843024,0.02216197115754657,0.004077662495464581,-0.031069206652471107,0.010731275892016428,-0.13649468070085008,0.035470992937288164,-0.04637330876799585,-0.04440506142601353,0.16805669726416872,0.11744075892009843,0.010101707662912485,0.0428342553653969,0.09876902552325117,0.040468014685846404,-0.04969149948517446,-0.03922642581435206,-0.06819994905088093,-0.004088243847253517,0.06997509893346808,0.03286095767388942,-0.12464051349384264,0.020795039846340613,-0.08963332791886736,-0.029247604731173365,0.006544541709863478,0.026486334568812442,-0.009434841383868965,-0.012756979661989973,0.02528850934624797,finance
102,0.45947420753329116,-0.26216985967167356,-0.2876630448945988,0.41561071162238306,0.18195821627439043,0.0012353039222343053,-0.07268136159964553,-0.01440330732183726,-0.0016981992384464066,0.004347573494063933,0.0007859786443547592,-0.010247925550196067,-0.010517484506958233,0.039596683888002686,0.034584647961251574,0.02217487713924975,-0.019013863475211577,-0.07243910294423288,0.009971106942005127,-0.04042551518533168,-0.006486394844318974,0.04436413915432347,-0.019388944771260425,-0.0044193057760581736,0.013410111567733992,-0.010156989270304081,0.008120293110291278,0.005329316468735349,0.04381798191484173,-0.02601242934292338,0.01287180960764009,-0.0021747760017764403,0.01734910152074714,0.018262764699303817,-0.0413561179130429,-0.01183391653355799,0.061185284330453026,0.03989188343962931,-0.0011027390867187523,-0.020127871852560757,-0.00675686466050183,-0.04800708016701451,0.009016470005340843,-0.01746752989220352,-0.025574861012364992,-0.0014143423575506307,-0.03832809994242701,0.019170936453528107,-0.04490876433958012,0.07033931201715761,0.03598203778339136,0.03111458344692422,0.00808311879638423,-0.01589189658516841,-0.11687078728473738,-0.06907974637421009,-0.020116553562166812,-0.0013736005240449509,0.03448560725821733,0.03313792299575463,-0.028504043128917855,-0.011376959394568793,-0.016675082581847446,-0.05320204039058565,0.010345345223635383,-0.0017958353422330299,-0.01640364101131502,0.00959956352155209,0.03405082289449293,-0.011109310265488823,-0.02949483252903182,-0.021048550651158047,-0.0009139235435096085,-0.0025463156001801017,0.0033852918141200087,0.06713168160431347,0.012814054110387389,0.01540571379436394,0.02293118642665441,-0.00736527825999636,0.01676109218109523,-0.04346569210119748,-0.0175605866443667,0.027640666391609562,-0.004861521502280318,0.010864939575285275,0.02906315503432848,-0.011567330150958718,0.038719010110651195,0.026108647303720856,0.010685069935736442,0.029142053966466096,0.06859250103891826,-0.022748885803116323,-0.024310650846026866,-0.02632262090306893,0.01072511406384745,-0.012248285890892368,-0.0023408262314558777,0.023979423099595096,-0.019644006292171043,0.011190285441031445,-0.012863720766714503,0.011174934096057784,-0.02638033190610175,0.015326859039503758,0.006086678343699001,-0.0009243280729702769,-0.01852331366052333,0.00909111702814994,-0.015713014636755493,0.019820893186867104,0.017282222548158605,-0.0032363689810514743,0.05211432951909594,0.03618574074576187,0.03409810905442341,-0.02488307855040117,-0.0068984412071616975,0.016287630622950064,0.017018474594416813,0.014440410988500962,-0.009543312880618942,0.03165207161103643,-0.018019954143201684,-0.008435869273405632,-0.009761803238187558,0.08981806557499675,0.014281146324828105,-0.00619179739930604,0.02284166330757507,0.032846002726851474,0.0054363293189434265,-0.01358649085083266,-0.008608909588543831,-0.12063712585200957,0.04125861175502403,-0.056717604095198874,0.008437684922501758,0.14925545352618455,0.10975018281588572,0.01118539083057449,0.03915940082937413,0.09162032492248806,0.03380481730536708,-0.07874264515827917,-0.11302974466303774,-0.06741007539731633,0.014396039460046502,0.07992046275667382,0.029915933401118904,-0.09227837218270946,0.033011663159240846,-0.08445347715416887,-0.035964434925866894,0.0014610380923512122,0.009699051639058593,0.033519589575771364,-0.014677729230365286,0.025731419263396074,finance
103,0.06405145335700936,-0.008617772979763298,0.02119608430572293,-0.07127616981422577,-0.040317167134679435,0.0006259084033000179,-0.03434466225107479,-0.006351777779161201,-0.0016049929889264789,-0.009076222062899595,-0.06304717279042717,-0.04975341974711267,-0.010386224054307487,-0.003069189889378753,0.03950794686597783,0.03487298373777536,-0.018790550742548182,-0.012358790588402746,-0.02649985649520455,-0.06511879046066818,0.03565463102939225,-0.005991347297110983,0.016975178123068542,-0.00549179687668425,0.013003910384989667,0.09123107202774296,-0.027289746396898917,0.013022774933629336,-0.005121056224711443,0.0832728467420661,0.12040074176111597,-0.061941577589009936,-0.18020968817685068,-0.019445997581337117,0.03994658471920557,0.08667813200056054,0.04686673447524308,-0.07535548915233084,-0.1908722038808544,-0.0629956017564651,0.08606731096541552,-0.03699979559968783,-0.14888707535324858,0.08610741012447501,-0.1251976790413127,-0.033183068751157646,0.11316444237425627,0.20322751767311692,0.054118022972647166,0.053287809730339857,-0.08457403010588524,-0.17700273481517687,0.08041354617385087,0.09520740738899319,-0.25097103253727254,0.07146185237525352,-0.05491623358445053,0.015477521354723672,-0.060478995046544845,-0.07186029340281307,0.22033950088928034,0.037322190929680844,0.06818654025081636,-0.13718171368785675,0.09639901789451248,0.06817124947535064,-0.06418023523174764,-0.09013302429856906,0.05356487308047793,0.12530393309669866,-0.09110987237538938,-0.008384315575066564,-0.054567052204895695,-0.07479674784563457,-0.02190598712185329,-0.10144588748738884,-0.016744877177211827,-0.049328813572767936,0.35118872296886045,0.2895148826835515,-0.07466367966983699,0.034507212513555964,0.040904082795001045,0.01761381678983324,-0.06296434868600481,0.2514078184999726,0.1326813938426658,-0.08393907366282885,0.0681455754955543,-0.018357733781406132,0.1152081936776949,0.035425396035184485,-0.1355655346371708,0.05069154272693215,-0.01086698789594595,0.03890021074139082,0.0005561045879004301,-0.05511160074159645,0.031750471520236107,-0.005736850783865723,-0.08443046593007462,0.1289597383902253,-0.02868639429139024,0.03256016042721553,0.000142007049430358,0.07531038930902101,0.036227917466182855,-0.07490904538095576,0.027684363848085862,0.044805017801157025,0.026815775658001213,-0.04155032208548477,0.08097855889617987,-0.006089857142978846,-0.04382591215251358,-0.043633226168274454,0.06774102926132486,0.019892249816446946,0.02759448428197983,-0.014673443229768848,0.06142155735694625,0.032816639320972334,0.007574692035621624,-0.011266521377338528,0.004144845104795557,-0.01502607292305156,-0.019084536818177095,0.0005997709587179936,-0.026611357810360663,0.024458996839035848,-0.026372292046264182,0.01298297422166589,0.014049302856485504,-0.009223481164159159,0.016631285262202197,-0.0004827533779773352,0.00718346571835055,0.0468141139955017,-0.025298670177359747,-0.01234941086553092,0.014027930592572867,0.0003348827131266547,0.012703218766268126,0.02083197789224053,0.0010924999292815554,0.010257089599016443,0.009351745048637162,0.014341017951685369,-0.007837681663232312,-0.02093988203636769,0.016178441091295594,0.00948122359531955,-0.000983682336593999,0.01090693903016761,-0.006339372689451354,-0.003812190187811679,0.0021645093310554988,-0.009630976650812577,0.0027706616614395015,-0.0067162659179311746,finance
104,0.059823568542940665,0.025812645297272566,0.003648451252072011,-0.07420996892583115,-0.059402887403163115,0.013532230973458974,-0.02377870337859491,-0.010756216443967796,-0.007573881120026061,0.03273850785775949,-0.0741148399420506,-0.08147874397235602,0.04624956828461506,-0.07632378133491305,0.0714688829784564,0.032924808689613866,0.004892577972084193,0.006467908714515915,-0.09260914844175665,-0.15995091205926348,-0.02376505921763215,0.1529395934228707,0.05939009540675129,0.010911750617827327,0.21373891454202318,0.07920153965549404,0.12242666080569542,0.28022646810312224,0.14483865777015403,-0.08425011595695894,0.14076539706308,-0.24708438343669825,0.13922744790690383,-0.15452092045248148,0.009491964751549063,0.07715111460635378,-0.09555693725483694,0.04146350982393515,-0.016871825491451962,0.14592406282836248,-0.04532134220641577,0.054793901092566585,0.0325143582309161,-0.007049918451944054,0.026005520780263268,0.04064951496398069,0.055407265586810736,-0.11090670636411495,-0.08579808780965414,-0.005001150575377194,0.07607066058267954,-0.038311033031720336,0.019894235418900136,-0.05271781157592305,-0.0053096853233722385,-0.018231832033158608,0.007759425202607532,-0.04422387450451288,-0.03376092457310163,0.03387786989730078,-0.044849080381064374,-0.07027820247642189,-0.026800803805427438,0.08190131310910202,0.03749511998965446,-0.07158396904107385,-0.0001422100749455773,0.026998654749481796,0.0004848355217001905,0.07386985507173051,0.06353990872479215,0.05061853312437989,0.0036534820824719633,-0.003388570609215892,0.0934390561110093,0.054562905514487406,-0.06851614256748549,0.04960309416856702,-0.11330137087337377,-0.0006028092037472427,-0.03237275025228205,-0.010661212997140122,-0.027270675419856647,-0.01672739090657085,0.10077717973550672,0.2595108191753221,-0.011395553992551972,-0.07101832889662528,-0.07656712960850703,0.08473512699018437,-0.06712786828149338,0.014416318105271764,0.07056057714038126,-0.046053274589801414,0.054052904431922205,0.2390432590061196,0.05530245832956121,-0.033594530537980234,0.17703720247754434,0.17394942864417137,-0.12763969918996443,0.0909958487486423,-0.11959303744227648,0.09631687722287889,0.060505482146552596,-0.010875532575648031,0.1342054018194719,-0.04403066594981196,-0.019982528980987863,-0.05294602079484667,0.00296421561809114,0.10771960467758136,0.024664640088590855,0.030927768952391684,-0.04466780699762808,0.018800255355108892,-0.02441447989014908,0.14247596900946075,0.009124406628258223,-0.18588764032276686,0.042737571309469036,-0.08481754773675426,-0.03890474140620352,0.03550602167199917,0.022545963328389314,0.0267557781106242,-0.07713289884168567,-0.0356270334642362,0.030757620750325634,0.015542632603876222,0.022843948344591514,-0.07615364706821426,-0.05624446192892735,0.02685482531898938,-0.016915649378705683,0.039676548759089304,0.05434228523096136,-0.008225135009649996,0.026272972596729886,0.01742188502572155,-0.006570334624015159,-0.007872938576799337,-0.021043344107746526,-0.03172270495196341,-0.006251394286508889,-0.009487308067568305,0.006337724607870751,-0.0015410800257261708,0.004220759977731889,0.0028764206309355458,-0.0475531403130117,0.0075567748895063154,0.020752405977725045,-0.01956921241961492,-0.006107295411954122,-0.02352004326155934,0.019189122722637994,0.0005104387270536609,-0.007428245090966049,0.0047575050806703085,finance
105,0.023131427164736967,-0.007963957058013272,0.050614470063917984,-0.08312952250036461,-0.02610152710225634,-0.0009444324908861648,-0.10555946302573405,-0.04664936368934921,-0.029033714471460446,-0.01177511344962079,-0.11350424670619982,-0.11205490320372823,0.06823253503289423,-0.049600358563729775,-0.1468482382005853,-0.1035738893409608,-0.11189971758534614,-0.2109972682057323,0.3138995385735734,-0.03812196433600569,-0.04361455817439097,-0.06264947097973146,0.010401513312985949,-0.013837749257009448,0.018375004336325697,0.11714460680384008,0.07430049361462834,-0.061555289105222996,0.037135620938135994,0.07535803544013286,0.03324735475192314,0.12293709382884524,-0.017750339407589317,0.264605527556798,-0.12975428170232625,0.04097821629297559,-0.02933506792712081,-0.2201955229704783,0.011072849277904957,0.18248879929020725,0.2066713910838617,-0.015549625752864343,0.04933096021285189,0.03864881379350809,-0.027354846518940868,-0.04348648913447758,-0.020404280405290826,-0.08385365738407115,-0.11185862062867401,0.01139988584973541,0.000711104774229651,-0.019758063633979518,-0.03421757039383165,-0.07869767031034723,0.06559925462408897,-0.14602189274318952,-0.001658565389625723,0.021198635883816475,0.03653670813968936,-0.020493582857950714,-0.04018178996628897,-0.06341424581755782,-0.0672241249931987,0.19388183343439808,-0.009345507390412053,0.019222813046435406,0.006602833895249848,-0.0541943862263145,-0.03556189297135317,0.07996572317335106,0.05459538208298686,-0.0024642895203422356,-0.030497826217963674,-0.07025137956234173,0.009458437694640677,-0.09109085889570255,-0.055503498386459516,-0.003618643537264063,0.027315965388937227,-0.0639625158363916,0.04102247345250178,-0.060287730882339234,0.09577758158485458,0.018889362879917704,-0.05612906130464126,0.04252736190219618,0.022209512239972872,0.014161553342879203,-0.07710110188405132,0.0002568162408753399,0.14560347145859073,-0.014687828407729477,-0.01810017830533759,0.035507831491217286,-0.034216607187571385,0.05030371752080712,0.11736356016893162,0.051915000965070165,0.1570600035859372,0.02943615114859146,-0.056477297963376645,0.012825398663967223,-0.08378563438222751,-0.04074517059235448,0.020075141978573262,-0.1068525802685192,-0.07414502986141161,0.08592207547665001,-0.10029139150005785,0.04385095245258516,-0.06742477555566391,0.006539287975224787,-0.04668047804464507,0.0008204359205336618,0.062357270911616657,-0.05319616471967717,0.04182419693379457,-0.0257846489628851,-0.034875050456822744,0.018038583479331353,0.10972193027146585,0.060443449439664385,0.027096414717942073,-0.00353196853016877,0.06445882107954938,-0.035206306115507936,-0.025127157652596967,0.007674331842974226,-0.00437752184275926,0.12557922371583569,0.05046512396635381,-0.004470173085524075,0.038034019245487306,0.04650058474294952,0.1722133606591626,0.06059514015269887,-0.20995678146793442,-0.06440242594360651,-0.09399330702849659,-0.0626861183449617,0.11075197451288056,0.036402275936407234,0.06487989690278163,0.0999383981491687,0.049848916014099395,0.03466044461425753,-0.022479559054075934,0.002794904548097993,-0.012738272316763697,-0.01246814660839291,0.00453124388822922,0.027925913450696737,0.0026080626430992765,0.0062645952512817024,-0.0025059124547085814,-0.026790993912891893,0.01893744766713178,0.0058766514281493615,0.014601018847649685,0.014241958907277951,finance
106,0.4097019759833396,-0.21078490774930833,-0.2634725484108785,0.39690941594876245,0.1827129890645819,0.0006821740915187765,-0.13917940826903843,-0.041138344176436935,-0.00939673729338308,-0.01433341066586863,0.010811943895949359,0.03303807869059297,0.025080632846902,-0.02669723058329502,0.01587820407464912,0.007935921493155548,0.01867257101044302,-0.011488631621953849,0.012390301951181602,0.00966935910170804,0.04875132733288876,0.033643487331776266,0.030507174948950153,-0.012757435386330786,0.0421576533114883,0.04013632025008463,0.004243195151857859,0.0780837673127091,0.0377448966347803,0.005385546150788023,-0.02755072984489729,0.050991252038052486,-0.054205316275784725,0.03808994045316209,-0.08319487585585043,0.08021465808220705,0.13708156184358739,0.0891145319971788,-0.014508655675819724,0.04423050019098261,-0.03516746032616595,-0.1364894807380669,0.04645233522143052,-0.0014370368278865122,0.07153993415614375,-0.038349807084050315,-0.007472378839871331,-0.0811194945395533,0.06320471691502451,0.03789962681875622,-0.016462752979437122,0.041829429767885645,0.02250065459057606,0.007090107920242311,-0.0603089626512848,-0.021060169539219804,-0.02033856678272677,-0.09415081097462115,-0.016722064104509594,-1.1208527448033812e-05,0.007910146116465141,-0.04444408636739005,-0.04905736741595548,0.021623942337093693,-0.02094706811152414,-0.03342975026616074,-0.013995460124950492,0.023179290610662217,0.04585261255457625,0.078041554652084,-0.039147391881104936,-0.008758428307990887,0.02039085295257513,0.028599412115625077,0.040513913208027365,0.007556355653059018,-0.02319029209913856,0.07632088250274442,0.041442263251338485,0.0009653680385091521,-0.035486428337349135,-0.027161385199477,0.02968302888891217,0.052649658981887316,-0.039151158145954976,-0.002889040832276229,0.0714354613960437,0.010618347167620541,0.0721259569362694,-0.006202822622841019,-0.04317771834948928,-0.007115230300013339,0.05020413191745666,-0.027113817319965972,-0.03290364611581538,-0.04331209456759708,-0.10559274811296218,0.027263671487031214,-0.012105591990907473,0.049103158057750125,0.03349061676528237,-0.029499448404825847,-0.01935494365228263,0.02082870044993799,-0.0023633668869728146,-0.014550445962994433,0.03535104538318467,0.018532497107710155,-0.058410174952057914,-0.007770515597223528,-0.034508372595872326,0.019476272207124348,-0.0004652152506423287,-0.04208856989900972,0.09903674833431045,0.10707260485388172,0.025585327149444004,-0.12123661966829803,-0.022919363982455303,-0.051716656963675,0.037391758292563027,0.02635206198404961,-0.0023331723526701692,-0.03398617563610199,-0.00252846949548724,0.02874449814031157,0.02361506604043264,-0.027020100363749067,0.000903120599425811,-0.016172327316834406,0.030346810173133523,-0.012428989478670452,-0.03686680907627218,0.0025990298741284264,0.00709865032731067,0.04370396991073832,-0.05163796088858458,0.012399265867849809,-0.024708872181176806,-0.07468703311762497,-0.061099499795009976,-0.03799514449803029,-0.049094167218267655,-0.06139771998986566,-0.0005846244726282622,0.0324844163341161,0.046961130633086254,-0.02091500065155838,-0.03673150728868966,-0.010547643445246231,-0.022734254962351732,-0.020377877586862242,0.013560468878626716,-0.00907205963665108,0.0027882324422740367,0.014825724741771632,0.04186996640638184,-0.01247261523653042,0.01628963705888693,-0.014794052550909424,finance
107,0.40214511447159185,-0.23501196032924163,-0.2716004295072373,0.4354931440990976,0.21506782461151266,-0.0016236075109778703,-0.20407391571445777,-0.06658899711095712,-0.027268659129563822,-0.02533413467158941,0.037205480387417514,0.03452794569326172,0.07067521432004276,-0.020802343799406358,0.02013241635439665,0.0005772386415930918,0.011852437546772118,-0.04585014824743244,-0.022035942712124928,0.01988978082345121,0.01972394443633823,-0.028585617225811374,0.031205990501844482,0.015775817639648543,-0.03199554610139555,-0.027949706114470545,0.06608898276921901,0.016442412299721553,0.010453914762049498,0.009906555850499632,0.004639225801993737,-0.02692450979673224,0.08623528519700425,0.011232852273720478,0.04634346815214353,-0.07382939215729283,-0.08861931807891171,-0.06326960040740308,0.013002087064840571,-0.02303485249256404,0.009396677749541185,0.10203346070156616,-0.057394066159492274,0.017776536512736654,-0.020958980705637082,-0.06227695967181761,0.031692692820059404,0.049075030241428404,-0.03756514746957381,-0.05695238983643606,-0.07581005527668198,-0.020233376421322505,-0.05437654417457887,0.044665443376445,0.05844758152455973,0.02212509965327041,0.05585758168870649,0.08469701558094012,0.00578975706169871,-0.034549341599341754,0.006338978004712111,0.03916004303533056,0.05007142113429915,0.001437143660812059,0.021104061015283747,0.043121967515727465,0.04000241555241627,-0.025068629634696457,-0.07993218797060767,-0.0343820662020278,0.032759742241998346,0.007906992314516286,-0.04987517393445248,-0.011643487033596507,-0.025876229512103867,-0.02154256105626188,0.019138114199435625,-0.06803932396418652,-0.0488096124507292,-0.006965273352251231,0.019656353084710084,0.047411940413227605,-0.02015004740433292,-0.05581630577914997,0.02702706570798989,-0.013836766617184693,-0.06899159525034188,-0.01522844622125114,-0.08436176930392274,0.0002114215385166647,0.025236676576049687,-0.02425327567303844,-0.01480500421894836,0.0325335836919122,0.04363342605366007,0.03218447683057211,0.07306018125550233,-0.0014505799513053503,0.013434700429295952,-0.0768273388949016,-0.02246643305068353,0.038057791541876294,0.025573336035036146,-0.024577050106005163,0.031962330084145264,0.004215227258569696,-0.018776269323246435,-0.01868011454448238,0.08732974865974316,0.01491668147679236,0.04064527472171369,-0.012944550044953372,0.005482903802053028,0.027990092432512447,-0.08427168030718457,-0.070575815176181,-0.019085005006437183,0.1023500862056242,0.023518186716537035,0.03719806972934563,-0.040831278668371176,-0.015396778176828621,0.024224675638484065,0.03225210955578341,0.016748146874845403,0.027262177359030398,-0.006339531256243758,-0.023619008284767762,-0.009246165654466074,0.013643740613414203,0.013819776096541746,0.012958141154889613,0.025504890070539698,-0.020078833056559962,0.010121365371113189,-0.010462029012405054,-0.020926420052288876,0.0451603623054735,-0.000878021115225213,-0.03487361271318552,-0.014202365955585524,-0.029791760898258197,-0.02141781790396885,-0.0014462679927033746,-0.011567932408505762,0.001307066287193709,-0.03337275927369932,-0.0030236134213519855,0.022818678340424524,-0.017713273330137932,-0.021006948916428514,0.03891640897165366,-0.017601451723795757,0.03029829218823321,-0.005036370195032306,0.01429967984593239,-0.011109096526022095,0.028665018692877534,0.004064247234043178,-0.01791146818891481,finance
108,0.4188535033206613,-0.2491368508995205,-0.2786730115555099,0.46244779804820074,0.2257649542365357,-0.0022168938074685813,-0.2144498131790169,-0.07259509307617337,-0.01937537251086909,-0.018183344981608035,0.014955866599350246,0.048356773751214534,0.08844818573293088,-0.029172527762491657,0.01090121007044148,-0.008417396012167911,0.0007754468826485574,-0.017329232866886708,-0.005052499045118789,-0.004570809660838049,0.01656852444868806,0.01290117556271822,0.009743429186522622,0.0019719194943594674,0.014853107457750833,-0.033218512368488974,0.03929387833338832,0.005186656893962687,0.0379994174415577,0.02966243835727445,0.0094358862589617,0.01846974520964458,-0.021152421601278826,0.028546225842337875,-0.03353728738297729,-0.0011634049117971337,0.06125765898601102,0.01533317739145905,0.04385058344293988,0.05920349650755198,-0.020046707422492434,-0.02863018739406426,0.02208572754171054,0.015704700492690248,0.009835804651720506,0.04652616109044627,-0.016886765878735287,-0.06243051674843477,0.04474072678446248,-0.008324961012822162,-0.07438462787265537,0.003957188163800659,0.03205096550780085,-0.014121313229532181,0.0032987449889625266,0.03349083895724892,0.03015642158107273,-0.038400149816735236,-0.03361020470309735,-0.02227597668351156,0.049596599809141315,-0.00784929011516641,-0.0498186141353718,0.0515530002126967,-0.0374604074370041,-0.027980086918515674,-0.018070892956169714,0.028108060802534404,0.012887780508109018,0.009060044099457851,-0.0485142750433318,-0.00044368255874901546,0.008042533135789653,0.018960805962338925,0.04921342083862722,-0.0006098803288276911,-0.013529138216469108,0.022994225261078322,0.03405206442657335,0.01456144128853261,-0.04539499264805089,0.016237660188735126,-0.000418776545965306,0.02017413313115526,0.00023592103886277914,0.017908018345521453,0.025637230506928014,-0.0030186992544163787,0.0552096728345195,-0.018443869493462363,-0.02407624925787791,0.0054124507357578965,-0.019261120691081934,-0.020567896259627315,0.004842828165612059,-0.011757005175696628,-0.08613441671871999,0.019360183375137736,-0.018816040582739408,0.032088508302100145,0.040002731796638755,-0.03954813666556428,-0.0035036023633785766,0.017014508019690226,0.01850911130748846,-0.02629414226589933,0.015237690116397404,0.0526698468343422,-0.02949501120054793,0.028240243122222758,-0.022845129465614955,-0.004270241451353981,0.023844170291143597,-0.017196781886903465,0.03401507498895941,0.05856702457479602,0.0020884104207139027,-0.07067291128378411,-0.005396018071588841,-0.03868122682629871,0.030641551910477852,0.020598549114254263,-0.003270541397593095,-0.01569293739047866,-0.0088484790391897,-0.02692999765647159,0.02733932307386912,-0.06783246974829923,0.0031885721250968315,0.0038609129531018173,-0.002248841984057772,-0.040948722180525844,-0.014910658669480173,0.02989434574114815,-0.001230839339009444,0.1420255947372856,-0.015850329247193744,0.06404767298771388,0.019891569086080804,-0.130351345285613,-0.0818936322368041,-0.003993428648604179,-0.014672069883873354,-0.0948041365327566,-0.051019944904737914,0.05879768129034583,0.07828040701731105,0.07821190958930763,0.00737917342108821,-0.09828551146230433,-0.026470664444450846,0.10908814477045063,-0.036461029582754344,0.10378102001513616,0.03054815118167773,0.03736366964764212,-0.026134742728625083,0.003377562282695826,0.015840301512709785,-0.028693122356223347,finance
109,0.13619285019510471,-0.06197991035840748,0.0059971618589979535,-0.09917794287102766,-0.06152910389450507,-0.010356189044298058,0.05399802351623446,-0.009385754322140862,-0.03862007824368979,-0.06401601230648721,0.16854271302950294,-0.14747215672439812,-0.07136590954443417,-0.09508329911908056,-0.21796079431151227,-0.15212800421940356,0.016038331792012764,0.4501163454880439,-0.029681432656911585,0.05271116867554981,0.002570795377782017,-0.28139129957081155,-0.12002568585039478,0.009778109351336276,0.19960374796169056,-0.0015758903576106977,-0.11505155882325441,0.004119813521522167,0.19764230410384107,0.049062508639927845,-0.008215542272399273,0.01742369774209757,0.08585874773021208,0.10865924744947697,-0.00791036053042802,-0.04753831739360332,-0.002668791582155253,-0.0454631383472741,-0.07106070617427286,-0.07506911019426783,-0.066619422971402,-0.049140814297930054,-0.07243026512228187,0.023698976887713396,0.04557169717838456,-0.14182073586410457,0.08770883499686474,0.017947016561664406,-0.053987368387150236,0.05591772839009132,-0.11165953437931442,0.12396942984323302,0.07259011368194025,-0.02930938910277245,-0.1211933845155432,-0.09498560889286463,0.07491128096059872,-0.05246607770097878,-0.03805614656023237,-0.005217015693540035,-0.09455278883972427,-0.027736883011523352,-0.04540316371090974,0.00015066638457888096,-0.05031925542731769,0.02931510428633842,-0.00894223468625871,0.12013757019447667,-0.05359583610490069,0.03340339432455532,-0.018455753649826087,0.034867097966408994,-0.009479833057982976,0.010179743338343946,0.025182121162170567,-0.013273148223818858,-0.08105302057110927,-0.058590671288103524,-0.026919525910173738,-0.014331356018579013,0.0073670448231179615,0.08930682859998235,0.024807903495765445,-0.017754974090645564,-0.01655610230953569,-0.02201025407721376,-0.01044043533535695,0.029625720709553632,0.03477647642277125,0.04169980556904005,-0.021953428731519335,0.034213542757231666,-0.02758567724843223,-0.023136785111314687,-0.018488210273123366,0.013049683388358158,-0.053684315778256254,0.023568650095756326,-0.016098743159353304,-0.013081821453907155,0.03904836197612029,0.03607128617078606,-0.011089564427923937,0.039649743191730195,-0.01206192317292001,0.018468614993733114,-0.04774440480420676,0.01594951152164979,0.01507319899490809,0.03957583586709508,0.030709042831583225,0.004498969639822923,-0.0016761564654647564,0.006820830400950844,0.006961325923844639,0.020816209450408196,-0.007773558231422167,0.029457692511175533,-0.010860175705481505,-0.1163337145503815,-0.011378327637012112,0.005786463999651128,0.07871412578849131,0.0542812769159075,0.05604523457496731,-0.06832318439371059,-0.03844777148274833,0.07704595030659694,-0.05383286265671849,0.03635210064992323,-0.00902815285778031,0.036652251103552975,0.07411252795269399,-0.017372033234196053,0.04515910702342712,-0.04998966381015795,0.032946182030679574,0.0002380068399843015,0.042061018629095885,-0.012025271488509823,0.012481168765352092,-0.0030862345453777124,-0.015000147879442755,-0.02714688659544653,-0.032067184209398206,-0.006274518474413765,0.0536663512872177,-0.0056800099539009,-0.020816910808940572,0.009268475146473483,0.022517885285618648,-0.00329343479581469,-0.0006836420839990549,-0.043702597939331345,0.009804993608994778,-0.06608029817806904,-0.01992428339196424,0.001800826898422124,-0.010585952285991644,-0.013931292770466473,finance
110,0.1653310004317177,-0.10444907155781195,-0.018426490144655774,-0.05688880112462748,-0.060704844617052056,-0.0010440063744035957,0.2047756681408497,0.08358285685612785,0.0361449244589375,0.037595409503220906,-0.051243057153866164,-0.09020661511594796,-0.15930876085597007,0.12817592779662004,0.04835686273612919,0.06771367830658387,-0.037531909455196924,-0.2565398754968047,-0.11461012514265304,0.13150878626355406,-0.10813889018949513,0.0717516433019618,-0.0773037166310034,-0.015842568182129046,0.08937660158835027,-0.02484575851714328,-0.1609316375551121,-0.008494278840393131,0.14579787016528503,-0.11045142846181524,-0.01314942884230629,0.036422904250690176,0.11913759212110131,0.04911799059971722,-0.02365233837182262,-0.021767713719457113,0.02741986646716633,0.0005861356347678053,0.014349156035483094,-0.012240648034483954,0.0139480263252006,0.011535910562756114,0.03382024022327816,-0.0401657618263734,-0.07308089452005666,0.00367422863662852,0.008907476951564531,-0.028859430272195178,-0.12860650008662403,0.11626392718283853,-0.004742615432235843,-0.05157473808135722,0.0064205944664166665,-0.016114814291801834,-0.12967835260516375,-0.07041267596888587,0.05763493457436189,0.10279571034386814,0.034246730635786676,0.04197457803407827,0.03395702308300059,0.013073464437649852,0.030525344150114254,-0.07227228115462965,0.04108449515458461,0.1198857053508196,-0.1058711735638183,-0.051950364797077334,-0.03196478052552553,-0.10368829243279114,-0.07979120673772336,-0.08653528026914199,0.0009502459811978384,0.06721353150855491,-0.08230814663097702,-0.028484710986932206,0.09619414451220618,0.11547153268348925,-0.026043806299793252,-0.04694326514675136,0.05906783011739973,0.058903535256163146,-0.11600597460517935,-0.10633509336223576,0.011396424034989501,0.16286911152501263,0.10694931478063946,0.1117648903678526,-0.0024052316338474154,0.002746356462572436,-0.004968295895609755,-0.0632569351802326,0.1941085093309971,0.0404018830655811,0.04232661800468216,-0.043701227402070913,0.09780908281796337,0.004564059977188303,0.04355273188619555,-0.023088536619652718,-0.0017276927609604811,-0.052170886971891525,-0.034109301561941245,0.07301387329095266,0.00039708052394430365,-0.09477825964375987,0.008654675476543895,0.0687543795640372,-0.0403410187434312,0.09186914899981362,0.0027815124873624866,0.02261036634358975,0.027238589113028736,0.025097609835455954,-0.09948248370883096,-0.017136351029784024,0.05560560070335456,0.02456207262424661,-0.020159921677102642,0.10217343889168479,-0.1504630778514908,-0.15287605682705604,-0.11934112103121146,0.006932755910627378,-0.036522869926363576,-0.06081778273615275,0.0675619258571805,0.2632891719505067,-0.1657282703935165,-0.06165231765729889,0.024751847586845455,0.014651382263674077,-0.04258812781568572,-0.019826217319851392,0.03449624364732723,0.032151172558825665,-0.07339939146930907,0.0281970959540252,-0.04251647608537707,-0.05592252752191303,-0.05242037674203804,-0.031934780360847334,-0.010773344926577312,-0.06704374071517478,-0.03512664243591442,0.04723724889729046,0.024300813030059785,0.018852728648694556,-0.008329802767410605,-0.02068072323934363,0.017530200577769574,0.059913616456048986,-0.00810451476151505,0.049069982561338946,0.010170284027386478,-0.0029001791602724864,0.008087907808569815,0.0065792606210782955,-0.0021888485313562335,-0.008964124282230472,finance
111,0.06266047700312244,-0.03583213924341802,0.03772721780242177,-0.09546931368481701,-0.03673569819070954,-0.005017830932847876,-0.05008455113143464,-0.02726848947583178,-0.021087298614016058,-0.02654152285156663,-0.032217474561681184,-0.07353354903294504,-0.019755530241687354,-0.019407803690924694,-0.04470172910313519,-0.01911371473607576,0.0070204408225592865,0.11621366662681736,-0.028686339783926467,0.02791113986965438,-0.03262450468076532,-0.01590094941290665,0.013503466620818775,0.007985987704721538,-0.06919729413712859,0.044997902776403316,-0.11455332512059607,-0.02987228985086886,-0.024799524091343974,-0.03157742183526983,0.11589401935730911,-0.05276085812016489,-0.11562573651470544,-0.152691435814476,0.329443487503807,-0.18075148762223142,0.20954172909212984,-0.0411857801767815,0.17189560841818974,0.12507083405740593,0.07685116237861606,0.007535128889223054,0.09676620267517076,-0.11294808646513253,-0.11917392520317836,-0.33702680495584564,-0.04397512917735229,0.037715761675431364,0.006553774381307417,0.0343048113483211,-0.022359737413675605,0.06491170672169054,-0.06104032151311396,0.03278568770440003,0.06605431872829358,-0.08610713693022971,-0.14033917774657667,0.08716341163096882,0.057571458275343004,-0.030398109521439887,0.1278317791158384,0.04143744256275138,-0.05465676922268261,0.10748665750304986,-0.03144487014264409,-0.05858056605481444,0.00473656427689375,-0.1354064673661019,0.06606447925965286,-0.06360061793087617,0.012552755547465272,-0.013079670128624647,0.059873753637673936,-0.028137340464220097,0.08224250700314505,-0.0664840807434478,-0.021105162309826755,0.03410527540724713,0.021973253388643574,0.05550530392065472,-0.049813369185339545,-0.006497948639415034,-0.07013221618751023,0.017000700764345286,-0.004634345343435115,0.0016562316519620468,-0.02422475906842891,0.01151728278476906,0.024608179802510833,-0.018991222980062727,-0.1312123922279415,-0.0931567417205078,0.0022909274071943896,0.08834655000760933,-0.1349355749914776,0.05310644742148383,-0.06698709524124066,-0.07194484671462305,-0.09464352117225884,0.13424675765458588,-0.011543339135644055,-0.0763906848228517,-0.19467025999776671,0.029371398465721614,-0.10550966081186282,-0.0929588543901788,-0.08510192595445677,0.16648770349082517,-0.011217746744086385,0.028723358102749844,-0.0036845379694186793,0.134744092107425,0.023730712857987682,0.08746516680193077,-0.10460092234279256,0.11511835879574714,0.01416312382222936,0.1440521607949256,0.05965012426794441,0.07745071072802756,-0.00019046599177093742,0.09618704568169015,0.12051285055875914,0.024991200981820123,0.027373042251228618,-0.024638206142638685,-0.03188928192000304,2.912474824011263e-06,-0.03904737701556162,0.010692427745449554,-0.030526014709541784,0.015717230150980987,0.016466829744244158,0.0005115192010260914,0.004247171848212308,-0.07518776361007427,0.010023104310413708,-0.022485864210507314,0.07982298457011065,-0.031208890740389843,-0.022391880136346284,0.012282653218437394,-0.01606729313604137,0.006386498943526959,-0.009376445231963177,-0.02031952512883913,0.003469574879179851,0.014890502394814854,0.0119588872773978,0.004903030902607215,-0.0307138331092217,-0.011289450331743726,0.0016559525077972203,-0.0018556644245017523,-0.013625320982550725,0.048437959709666266,0.032127468906571074,0.012443730107962816,0.010699756780154376,0.0015145941354161088,finance
112,0.16635612869466193,-0.10041914784856644,-0.027182902118426812,-0.01927332469111547,-0.031827001228592625,-0.007822604803075235,0.09078127521017836,0.02013668084966251,-0.0006241295411834637,-0.0169296664076184,0.07976534707288334,-0.09036612703552503,-0.0388897463671985,-0.05255584524450139,-0.09433923754257156,-0.08070187118053705,0.03305358608017758,0.27934648554657615,-0.006903659467742234,0.05645487980537975,-0.023999179813534555,-0.19803923112724617,-0.08776493391776695,-0.004339264506837331,0.06096957195604665,0.03175071442909513,-0.12375752202970386,-0.03188701887717307,0.09720059999102004,0.04006858415171712,0.03012575965502803,-0.015315616767791402,-0.011286733956765086,0.0059787942215242945,-0.13322217746389545,0.02800166334730369,-0.10294880239653162,-0.003206241440367302,0.022866251010419537,-0.00564666296794036,0.11180823671379123,-0.10993845954012428,0.04094225430714961,0.037581790012824835,-0.15169427918842257,0.1949313067098256,-0.17633274683113548,0.05934688046974669,0.05556876585846191,-0.04576289074089237,0.17247313648093185,-0.0016383255716488174,-0.10481129714076654,-0.0389731326395678,0.08473318262288122,0.09626927527078696,-0.0738836705327123,0.0408637164276382,0.10599232310130645,-0.03467285221814104,0.09287335840901101,0.006847609492642333,0.005764036382653177,-0.03398782024368734,0.10582584672361203,-0.1190296199760594,-0.027499040310120546,-0.10183522751515978,0.1573881800336315,-0.021698557242618613,0.10714784520707123,-0.08648210928947295,0.08103109876461505,-0.09101633944110123,-0.03393362771500594,0.045977874112976956,0.15836312450021867,0.013010459416152904,0.03418982374575592,0.029143758005768686,-0.0031095556469441714,-0.1023259318384944,-0.04955446246608123,0.03709896254244389,0.10328671949518788,0.013897260670223075,-0.033346412769368325,-0.11586175183125658,-0.14024707390018967,-0.044644379308453164,-0.006436984045396777,-0.009097013914562177,0.16467404704495792,-0.08963230884116724,0.08483032207508581,0.025768621254519685,-0.019500912951378607,0.017786413522185195,-0.022468027029310108,0.0017996634610066289,0.014816386775802501,-0.08198889202388768,-0.05713383693759843,-0.014725240527884518,0.03192417432600492,0.04114612698395172,0.11809117505952463,-0.1371165379422225,-0.09446666179985239,-0.06530717819556708,-0.10678192889362682,-0.02072730870156192,-0.018615862817152228,-0.049664779267773296,0.06748718121882244,-0.09638035082511547,0.015107090769797665,-0.05693890005403489,-0.10399790842582537,0.016692863786565662,0.04366266834716714,0.05797454245293629,0.09217739624165877,0.0784794133859977,-0.05614754415578564,0.042959502114799084,-0.1269199710546545,0.0642038899463213,-0.0810364384237088,0.06964234537194591,0.015532266169647169,0.09119776019281213,0.1781479797137151,-0.04912136634056998,0.05223389965301934,-0.0921516741387933,0.0011310907263667367,0.039520221231058444,0.08566653643982486,-0.05643994512903311,-0.026019424142218927,-0.02963536748670833,-0.040615124535332885,-0.08422419864349383,-0.03261048644537041,-0.004775247878309883,0.02811242051343971,0.017659448642828313,1.0195635144947793e-05,-0.016803044082044357,-0.015976258530435314,0.009888185298812635,0.017358290370890206,0.01793204034376405,-0.0007911386573115655,0.029358228222510083,0.030284641048875034,0.004896994060705721,0.003242337268020791,-0.006520213760927333,finance
113,0.16162519626010555,-0.07136830747315874,-0.0011180419285510455,-0.1277027178817082,-0.09220542249400454,-0.006617178022498696,0.08601517048591403,-0.00855701749925396,-0.03959340684663257,-0.06684880439149375,0.1781515016017112,-0.22807465280043362,-0.07964441073226311,-0.14828266845992666,-0.2585480002279543,-0.18575667850717947,0.007514495992939585,0.4673410398095538,-0.10235128183274432,0.010852460457563178,0.0004744056230296578,-0.1610323576319017,-0.11632335455112251,0.008393643324627978,0.201969380507826,-0.02556260846740509,-0.07412871928518101,0.019034091724995983,0.21396611721962278,0.02849501102908103,-0.024430083449687,0.007919849471245072,0.11066793022941963,0.10076089003988223,-0.03635285417253286,-0.016554206655892578,0.005325200745201172,-0.00729419833275763,-0.023228758439231882,0.01067386122663431,-0.04822602540034064,-0.01492081076192248,-0.07980172735291047,0.023326778458184084,0.04313627193642384,-0.06103154509301095,0.061321221044264934,0.0002218478270611753,-0.05823204788037387,0.04165488560253419,-0.12436125919296431,0.04898078810836491,0.032599244035238575,0.008030153629756297,-0.0857931825821724,-0.06383298115041518,0.08935399397165214,-0.03603466802564934,-0.02615763030571164,-0.011925873714258248,-0.05176838543924991,-0.011827630775242442,-0.026547884464848303,0.01814743307082934,-0.04646263898795337,0.0515599121928161,0.008417915238949976,0.08216652307429019,-0.08963071857673575,-0.014127914645744252,-0.04884842001316149,0.018471960028526517,-0.04472673588859058,0.02708815539681585,0.036933780698293055,0.014780137641104727,-0.07955099974512528,-0.04768916879895283,-0.01773916556186084,-0.023437575313496,0.004817206408676634,0.055402013807439796,0.027050889689175323,0.005264816162609093,-0.011732576645604011,0.0033094455865464558,0.017417501893056676,0.037994817263114586,0.07110117105612784,0.01920537065367951,-0.004990997447661179,0.027006662108542818,-0.04648158062315844,0.024605600336428245,-0.00042650237098143805,-0.027236572418642538,-0.047760802663164875,0.007602505829497676,0.0468358329435387,-0.01994013631506945,0.006573241083432572,0.029071828786903606,0.05246147548989236,0.022103616530282432,-0.004763076718660871,0.016964744771172022,-0.009064756017527502,0.0073692089864331786,0.03295271571784338,-0.001932121282065345,0.011552819076323398,-0.011976575313790474,0.0024208219850898652,-0.003959679423495118,0.005767920784944526,0.003703707957528169,-0.006274611896750773,-0.009673757581802847,0.004696286179851294,0.0008868689506221853,-0.004864402547617375,-0.004902406497570472,0.0071674133408909,0.023801677184877346,0.028291033359904325,-0.018047561803541147,0.008748915205573547,0.022190433312043196,-0.014587129438929496,0.0010078978231855894,0.005002022393817537,0.003377842315754912,-0.012830317370289907,0.0063220773345954,0.005829009304641919,-0.008290970617075472,-0.00958985660721392,0.005803419138991545,0.023505560446392876,-0.002259910971773501,-0.006537047093769872,0.006375747255089262,0.016876231213543185,0.033231527473209684,0.04149291199981453,-0.02039672252022546,-0.06306049512155851,0.0271373270613972,0.02245830109475128,0.0026272636866003824,-0.030079869535879003,0.03930884866193963,0.009192437956934139,0.06737049668584041,-0.01624444724337484,0.0388817084369468,-0.0019617577740064476,0.0082153561315308,0.012046019343010868,0.010184347352771853,finance
114,-0.02312330837630429,0.008212782418090727,0.02018001377587197,-0.06027121939874591,0.0020107594961352483,-0.0020335177692046512,-0.07101689496705117,-0.01243617575716147,-0.024269806994183643,0.00804395093897926,-0.020629342179378236,-0.03846857557824613,0.034141157148838155,0.020084459157689128,-0.05514477912401228,-0.03394382369014919,-0.0037360011207825967,-0.052053638557004275,0.15310914459723707,0.07028261068803533,0.024020777191513663,-0.009091036633895702,-0.010009914387665264,0.015884359952717603,-0.08542032183599128,-0.1735045565085168,-0.05824299346242808,0.0983967992006811,0.027373551530884537,0.09014647862590704,-0.10005869499740944,-0.15959226985514519,0.12919767239115226,-0.17420200828537885,0.03819063117742319,-0.02308054452527775,-0.01844639083752556,-0.014230657387866202,-0.029919949486263673,-0.08541166396782537,0.05781188631929894,-0.09975446827593491,-0.03560654653948925,0.22034565408251625,-0.08739358090940576,0.047386225994165004,0.10020170577110289,-0.14545690685427876,0.2610205274097489,-0.03659443657937128,0.0041745231639129235,-0.15035079839637858,0.19603387314505782,0.08119394263319912,-0.04978852479298343,-0.10691964549013902,-0.21453161144527197,0.1482964211956454,-0.007690525273833248,-0.2157144539104055,0.08060897154515069,-0.0012388050855536238,-0.13002067576319937,-0.1036759558121115,-0.10102430311594492,0.04297638524288672,0.1411905590203307,0.02291278749380517,0.09564825146336717,-0.013474660963766465,-0.05727960490086835,-0.040298953014226244,-0.06942731722704232,-0.17469528118447253,0.00558440946393752,0.13457333699999124,-0.04102666713718108,0.0021342833958088647,-0.1208771624080343,-0.23826049350106748,0.1708190885618087,0.09959430125929654,0.011761564480844658,-0.04697396465329292,0.05392286633202412,0.04382982473318546,0.12232461708614636,0.08856654131042559,-0.04362994228766733,0.005765954678025719,0.09038544415941496,0.0035125542055921256,0.10074779410231575,0.12900434877431485,-0.016860528345022996,-0.03531667252728991,-0.14887731792493433,0.03890342663884123,0.02367126666556483,0.06866434008341832,0.027796624142245,-0.002894880513510602,-0.02059201462576891,0.00041024385528795284,-0.0023542949005100292,0.09076290439338117,-0.03974407428867823,-0.01765455662140554,-0.006948089144067353,0.07588191871774998,-0.026613628228717847,-0.031166485779526614,-0.1124509589608515,-0.07847224704180428,-0.06471964990680898,0.0608428225002793,-0.05992948012077174,0.06155807209156618,-0.05132714212082422,-0.008049118540718351,0.021973437525808746,0.03768700662793293,-0.011587197070517797,-0.04373006097364271,-0.03617270977188994,-0.007997764232556964,-0.04617034491664476,-0.01917080943541626,0.043115219351023554,0.02913843064101439,0.009931422355197159,-0.015764455297194942,-0.0063185845953910545,0.007536724126939808,-0.034388893309437014,-0.046268111888020165,-0.058305855228437974,-0.0013679298602576795,-0.027175726893474646,0.014597563413773626,-0.019298561066779896,0.03966806547568415,0.023663398273573045,0.008013782321859668,0.02346382948570276,-0.035455865984072264,0.044993917686401,-0.06540010531289121,0.00994130717946448,-0.0012386882618973514,-0.007794873690977539,0.021537380045952213,-0.02868773795945314,0.021917857861403905,-0.0020355848854934,-0.003611227992309455,-0.014346180314976423,-0.00415875545324356,0.00034296468766565583,-0.00807340607226549,finance
115,0.11205804077392136,-0.0647296550583631,0.04442105007577265,-0.1887320448087729,-0.11104185220137246,-0.00622946720859457,0.004013266478442131,-0.045626657437579585,-0.09551603324108617,-0.19985475983038975,0.6505527850412429,0.10080616156503844,0.13534688476055903,-0.07999144554683187,0.01823713923429392,0.0036931733210263567,0.05522775445987012,-0.09072093640534797,0.017010326943999513,-0.07131022596944185,-0.02699587816915065,-0.008354438004600714,-0.12000439090894909,-0.02294713960881044,0.0406008213225242,-0.013605976941941383,0.04040340926014134,0.1008152045176085,-0.027362929674942166,0.025309569933218902,0.0039252585005641535,0.014636861640007827,-0.051212114349211496,0.02603965209468325,0.0007666426861398035,0.013558535246126697,0.023287469593916938,-0.001086462098928806,-0.013426514822456477,-0.00822551479728184,0.009377496613051975,0.04125082501193275,0.006888990487707019,0.008049328296030204,-0.01364277312232854,-0.025427771658942097,-0.02902644354523581,0.008689722359725219,-0.03376157696434669,0.013940406303883606,-0.023137722484486024,0.03859669918973121,0.0011968119894092929,0.010653297563165522,-0.02805464276471978,-0.007056830213487376,0.0018610805273771404,0.00418639320043356,0.0004831773829566066,0.01792649599508151,0.0028729789388512667,0.02569629453575559,0.0025967279431746543,0.00928822256462239,-0.008380582653620999,0.006044974213369612,0.019729567151296663,-0.01332563203417656,-0.021525486330222682,-0.011187602473701493,0.0071246698331171735,-0.009732655246515185,0.012870116488974242,0.03542465633840377,0.013350062957776366,0.0012202290126407237,-0.026932829940599506,0.016767198943035574,0.005631649707948684,-0.03216630999928494,0.013705839324659078,-0.023342650631633974,-0.03172370702165042,0.02819862142474706,-0.003711606606917883,-0.03695853411742587,-0.0002389305037583272,0.034722421098685195,-0.013757462829665695,0.03168939009652692,0.027559918262997835,0.006781735922996539,-0.017702806131788984,0.0631118474665987,-0.05280534038739196,-0.018567817099492113,0.010741584602289942,0.00489971954223875,-0.006071417491449273,0.05747491848470288,0.025505017708107796,0.017727734329594912,-0.002580053258713677,0.004781438313330551,0.02312961406838199,-0.016799301614719993,-0.0027727772343439836,0.00940845279937529,0.04208306145946026,-0.022343391148785256,0.03143906900791951,-0.003920216045737831,0.004734659888577343,-0.009635544935088764,-0.010230369167832475,-0.008071248891890592,0.03172001454650749,-0.010531167206156216,0.01756986814519652,0.020747788278756944,0.033821913391984086,-0.023314377630618884,-0.07703482284036485,-0.09946884892926057,-0.13660579810674273,0.10884766748255871,-0.1578029186532346,-0.04289399811314778,-0.015176417156663836,-0.021060710253674612,-0.0295055047985528,-0.029450230588402466,-0.004157460932343293,-0.0008082388857716271,0.011667733503708885,0.039407464195600955,-0.04585933008386242,0.047523269901010384,-0.032066637099861996,-0.0456948392223367,-0.0380804200121492,-0.1078285260228062,-0.06773081250960744,-0.016551869585614266,0.029853192477450854,0.041638549710841195,-0.09537745136676662,-0.06436520981872972,-0.02457475072073924,-0.038936274534785535,0.23191408668294575,-0.041508401874188416,-0.12315013674401572,-0.06426495081298533,-0.06879359380101945,0.1975221348196508,0.1284092339180746,-0.028491617123246327,0.010831521073074616,-0.0116801616140854,finance
116,0.017910392694923987,-0.013525776366903266,0.049452262891278034,-0.0843524294180451,-0.024855413346527466,-0.012480695706664569,-0.0869978836777083,-0.04384480260200832,-0.011624772457886685,-0.0012544800720301552,-0.021053980293765755,0.0550900675206917,-0.019700645339454873,0.1996867625194945,0.04925085076289982,0.05369127674330139,-0.14401362809628127,0.1048143370192446,0.03700224159785017,0.02890526324775662,-0.048836485508419354,-0.007160726229239262,0.033208694156065234,0.020851108709609018,0.013258101945073528,-0.040563333961120704,-0.024051819089054054,-0.006791968346527407,-0.11001636839814363,-0.09761273292503682,0.002391444890090755,-0.06084113525794624,-0.015841338898896995,-0.0227246904553957,-0.1432470218976564,-0.07693566826576326,-0.05677806659718148,0.007871185897874763,0.02284618165903318,0.09977309612325912,-0.015956709191207924,-0.1302783805923586,0.02713635031957383,0.02062818409831853,0.010801568751266803,-0.11521883946138468,-0.07958428613171444,-0.0020819449403815605,-0.024413664023688525,-0.030038968598826002,0.013626742192890381,-0.08803003294322041,-0.07982859906945068,-0.11277334065812147,0.0017837906443289046,0.05810252436498682,0.1430409290020029,0.010922187340201799,0.050337816135028246,-0.04910396023039872,0.0151946348182753,-0.1738036357052746,-0.15646804070571996,-0.16776936439110804,0.0732803446593719,0.04918180373513013,0.1980253570487153,0.11112020757705716,-0.10367933616791127,0.07521368579245717,-0.05822057171541701,-0.13147788944910827,-0.23661757041285073,0.2135414946632797,-0.08310158104297974,-0.13141636340004967,-0.07792215312156188,0.23776030263850279,0.16702971446918963,0.0786099675787266,0.21506355469544855,0.18039027226901133,-0.05852178858821764,0.10457201841657486,0.3758948429776004,-0.04526144362012132,-0.10050504210461031,-0.09607893473648739,-0.06913486488180526,-0.061189549547716396,-0.021243571154854875,-0.02715562543345229,-0.060280913303823666,0.04881148719379345,-0.09958692555924374,-0.059266246987302325,0.04599436680996018,0.01399616186562587,0.010743420889636198,0.08691276943636836,0.010405112718515838,-0.07080297871742168,-0.00975244699249002,-0.042520991463176554,0.02735060353658146,-0.004103973709755734,-0.0023193703342491816,0.022265696711768215,0.006377857506213882,-0.021253816708216744,-0.015324649905734804,-0.022430788329976893,0.08201818394262589,-0.047275626038046095,-0.003783701498362257,0.03216065292057834,-0.056857096069513884,-0.012458614444905017,0.016902500465983076,-0.017161356621249048,0.004762369529465445,-0.00048034836208263554,0.02259752809547141,0.0049911224468976775,0.012654294624181337,-0.00036769177818582493,-0.01482559366795246,-0.01898891002490495,0.011942980751739097,-0.0167370779596189,-0.008924392752270513,0.0195373860231562,-0.007675044182654122,0.000384547836044771,-0.0008575582020563335,-0.0012168239878028921,-0.001444104612764188,-0.0050211013202365465,0.009928247631584463,0.00901306872825437,0.03290952883353963,-0.011748445228855849,0.00015291527916397356,0.0071490644839806595,-0.0013335509900089697,-0.02243070198929439,0.01179503198151806,0.002626987273676017,-0.004124701164413449,0.003438013377594679,-0.0034875486211855054,-0.004698291399189573,0.004982585479594411,0.005551641568208513,-0.017568729928786882,0.0030527894985393524,-0.0007376576537224571,-0.003478447150038925,0.00617320462145019,0.005196588729135698,finance
117,0.03209738649871479,-0.014748564583281658,0.04709170503656755,-0.10126898646025356,-0.039231305219345806,0.0002929508013639147,-0.11994586939523544,-0.055742786261221464,-0.028397314855153052,-0.006665327206851377,-0.013458860134297866,0.051182317483687845,0.005205186402365445,0.256105660320197,0.06302938753223702,0.06761941910935337,-0.22727484781268875,0.11182133419582867,0.09861196178101496,0.023672602646061663,-0.05047828806668337,-0.016914896481428646,0.03973757949109183,0.024430795974343503,0.022496491032649207,-0.03809135883297446,-0.004011013037926659,0.006598161228553127,-0.05202381229011742,-0.14106782832122552,0.016930823074567662,-0.08884574648511022,0.05217122830722574,-0.022914000692605144,-0.2574365693093498,-0.21285821983839853,-0.06741484019166384,0.046736189875729764,-0.020489793914957186,0.06311131759321825,-0.0404659781369831,-0.011051310405508954,-0.09495835948768908,-0.10563100062273323,0.03255679542405769,0.0488647888504881,0.15340887763136538,0.003009822069552308,0.025347042743858027,0.03492491868349349,-0.07173090532845593,0.06599104250878313,0.0964600363778708,0.012432442801310136,-0.0034916064998631938,-0.05265640567095663,-0.09449665968213843,0.023825577731474895,-0.07003815628187679,-0.02360777807663946,0.05945344614746479,0.004647864373447634,0.024922161509741258,-0.010541426759689958,-0.03656196079238582,0.04842464141357796,0.043193208812598666,-0.13532251243298885,0.05369748470164186,-0.07652363421379557,0.003799853608911015,-0.07382764096989101,-0.06385085096113499,0.1446645280545604,0.08942263884986962,-0.09884220887816184,0.12993802624403938,0.04643570043663664,0.07210863257425225,-0.0827565111680837,-0.13940651981766003,-0.09181148054544636,0.15035078345876118,0.04036867254237667,0.007098400719993534,-0.05622609794851958,-0.020883609479252593,-0.026641338034427697,-0.05742550800320874,-0.02071119397767186,-0.05941402822478243,-0.014212414658750833,0.022758342427200942,0.07009370909621468,0.17241176836939714,0.08245940786682424,-0.10305968966354577,-0.013387367219610428,-0.0804623702332801,-0.11128097605150065,-0.04239813859915849,0.030844880421981163,0.09498949504421762,0.012715958330213308,-0.06683497356336489,0.12540645892435404,-0.01962935289860563,0.09752258752626439,-0.15782228217896516,-0.05607652998054925,0.2095479102550663,0.1618519251554028,-0.13170012391220773,0.0064066070580633145,0.15632732538303457,-0.032845990054232464,0.27917094606134923,0.11561822951703747,0.03464911246544581,-0.02898055790976623,-0.0245134145578007,-0.09169140343710303,-0.0031784053045944916,-0.020735308752828977,-0.0007638548489880163,0.008644807827811666,-0.038748332149116584,-0.036009940446965,0.022095971468052224,0.001538113718933943,0.0004132473338038545,-0.010448369166572881,0.006845489214157554,0.0013767676151155478,0.03838488742589788,-0.01741129682359559,-0.03449600709573447,-0.023285952745717292,0.005152011265325272,-0.014773216680980085,-0.009268534515158845,-0.008465392886913652,0.0005195394948282894,0.0032338606476444683,0.03281996392682051,-0.022000991546093845,-0.007800354041455826,0.01035616641629692,0.004300444647582286,-0.010425722955307214,0.004860366706767532,0.006858739652518266,-0.01805050021005736,0.005779894388710424,0.010546680215136467,-0.0007185456599528955,-0.008294448792007227,-0.00033819791064605345,-0.009017999906786906,-0.0011023409200623573,finance
118,0.09009901032358013,-0.06283761943600158,-0.005310251024853042,-0.004540225591241441,0.005444132229720939,-0.0077165912296063835,-0.040846406917008055,-0.009869381602371887,-0.0018156939992733175,0.002494611208887445,-0.03550088062733317,0.017541386650001815,-0.01988977602503575,0.09053474991617158,-0.03096468015540156,-0.0021188194749956423,-0.07297652867171722,0.07913367918540333,0.04725976616881049,-4.5987292975718215e-05,0.004849933875805428,-0.03864819325246593,0.017688666260846073,0.013147703139068885,0.014990152919517687,-0.07867647980129758,-0.02435629419216589,0.007257021249514681,-0.22859974236248787,-0.14384086947497574,0.019676358727045106,-0.08222345487357044,-0.0492715422944914,-0.033581517600271456,-0.09292137743289985,-0.0005684053408991155,-0.06356468899752508,-0.06181063927948005,-0.1163868488446245,-0.19182185161617904,0.007271762610662628,0.19549966361523108,0.002887679523222913,-0.07592094981007405,-0.11552544744075764,-0.01041018832040593,-0.19521010198658875,0.20234802363056928,-0.0899864465665526,0.004227214631899698,0.15505673478443813,0.09170107062448424,0.20191394935875487,-0.08615427729525267,-0.006946141670207748,-0.24516529224086456,-0.144732288711472,-0.13206966637380035,-0.05891650042311857,-0.005375256922002528,-0.16535012710264663,-0.10153910625594564,0.14544405910741892,0.007102609944856933,-0.03606575523760541,-0.07228815353375628,-0.08728553725600816,0.07470809494634693,0.04453306540450807,0.03626611775465331,-0.06896383935962151,0.021314093376700167,0.09918022202038514,-0.045461914984321984,0.07169236788762748,0.173975765788166,-0.15433980308868983,0.11952862176428723,-0.02167859302744233,0.014695763085975755,0.21263114133212196,-0.16791539017411194,-0.033372664251547175,0.10906027647589976,0.03848009986455336,0.04297231490878921,0.06274277013811588,0.06641982671963882,0.019910813733064005,-0.05223534940455029,0.08852620953744081,0.020995647264377627,-0.04025277591695856,-0.04335833771612447,-0.1501588849450941,-0.10061278239282849,0.12996429966722237,-0.15697845224462043,0.0394657598048032,-0.022100569098606818,-0.04395126814800341,0.04011557293769486,0.004098133723707589,0.011174968138848303,-0.05523650994157484,0.05897924371036586,-0.04962656566888603,-0.04103618004429426,-0.07831377123271589,0.04824268900271934,0.08996334730498651,0.06919824344526228,0.03471736310016154,-0.05087120130660581,0.09269406144415325,0.009180664674052269,-0.04686026065404023,0.08557199977793971,0.04515577047232428,0.05445670917598712,-0.04744106395070517,0.041885459639371236,0.048798603152273,0.003691666252661273,-0.04003983067264125,0.028956994996309618,0.06363014119622722,-0.018849951345067364,-0.008407832018465728,-0.00250015139892082,0.015722793966974843,0.005183851595367831,0.001730114915629606,-0.053858379008826875,-0.0010513227908505321,0.04769558284649979,-0.001375401061769039,0.06467787196885282,0.02697318525561569,-0.040858166853979284,-0.03672826290412206,-0.014782355244169426,-0.013869663107038523,-0.033696239699690725,0.00819343725209614,0.007742133607302979,0.013367708467334033,0.024552210710089794,0.009271988269707486,-0.012457719547878696,-0.017481852363013584,0.03115609226706308,0.00040555713828231146,0.03588735044427779,0.010055480350180902,0.00031818768763735824,-0.001509419457291814,0.011240917566964869,0.005391674944827952,-0.005187711066071327,finance
119,0.0459332328431824,-0.022179179618300633,0.04089000813332106,-0.08844839689000229,-0.03650812376363414,-0.0070121197841446475,-0.08954759247095717,-0.04644744709232279,-0.02473220868513474,-0.013538485617181727,-0.027483977518143497,0.02247064747487205,-0.005336133197123473,0.13256334542994583,0.0472696445699765,0.049030216545858464,-0.12392571309261137,0.06513932132215894,0.021476260460963435,-0.01895435764219207,-0.01655116921288812,0.006014830623436896,0.04496204890743868,0.006531888986418772,0.01483542866698483,-0.01064893424600528,0.004898576011285246,0.009456119779802027,-0.019710021466681892,-0.09688260543886991,0.07721970105174664,-0.10570538896503757,0.0033094422974255223,-0.03763896539312891,-0.2203480917562744,-0.13681379260966287,-0.035227401780569795,0.05369429790447833,-0.027955598976433675,0.09850728922003411,-0.06727163869120263,-0.005794693159150777,-0.16541552862036144,-0.1758468057658931,-0.015920712830987668,0.14955453804223423,0.33959219191972956,-0.0081016542429598,0.0716853238139171,0.13761442478487795,-0.07714294206640646,0.30450904705953435,0.03348328226062726,0.14727857110733764,0.06727746325665951,-0.013108276470358183,-0.14503546903572828,-0.01759829446327282,-0.09279195740685767,0.10115495530946775,0.021597046487010343,0.027278293442482306,0.07060822160993788,0.0009791382612605968,0.01445452827480802,0.058980652596309587,-0.0007860471587034566,-0.12417529805990284,0.006189924502003022,-0.030316036788550164,0.10865629849971414,-0.11065982547016527,0.009268540811591706,0.02836874563257688,0.0609259537095348,-0.04661580835445334,0.04391553363634875,0.004477351690160979,0.0763718941321093,-0.059029603728752884,0.0038858177450019488,-0.1513162965828411,0.058235962981033645,0.1611586160729279,0.00888621668493793,-0.09599753638455674,-0.04017417472757266,0.10934391039802913,-0.06314796315744702,0.13984105881667655,0.06655349458330455,-0.03144859884464234,0.02189020354060268,0.045153139404978275,-0.05684488183586537,-0.042529642506532614,0.0734849001598456,0.03137100850421976,0.04660593968050096,0.07957757457088174,0.03235857584644111,0.02268793855366465,-0.06505920639069965,0.0202631738677888,0.01267728994966161,-0.0856365375215969,0.011977964555912022,-0.09220470770699561,0.14543202766600022,0.1174499061609496,-0.18059116569527423,-0.14375355533663214,0.14216406704403423,0.025661436721136462,-0.15034598043046304,0.022986868320664273,-0.20164141223230225,-0.06886899941607685,-0.05933485700519188,-0.0007789552013033826,0.007784826038373288,0.09240651609902306,-0.004844012495392257,0.0240295703744137,0.012739630582227471,-0.013920411882432647,0.03154752459320803,0.026493080628146645,-0.020093723059010974,-0.0014745385962586558,-0.009575894766372292,0.015828612377374134,-0.002124697867228346,0.0009726764369803096,-0.017022633798708112,0.02570876429740221,0.011293507091871293,0.004630412047126425,0.0013581206054374703,0.0009924954260465528,0.0003735921047682538,0.011526325679298313,0.005294869002177098,-0.004987572923133576,-0.009065473686002069,0.002976109744554565,0.014574672624981569,0.002411657154594089,-0.002662180950033847,-0.0020254024570959604,-0.003984064168961541,-0.007431245084616624,0.011775839509762203,-0.003718734512590954,-0.00119736340005904,0.0004207494196568234,0.003872827513278814,-0.00373487908145379,0.004710243702603103,-2.196234097492282e-06,finance
120,0.013421358495648497,-0.025669009739357214,0.03861386059215301,-0.08413088035070303,-0.03220076960079782,-0.01571938620281797,-0.1026818302705807,-0.03752733562941271,-0.01648827134911101,0.007809578301360653,0.006885682899621034,0.06693427300423335,0.01543100304897032,0.25534293396202035,0.07506546212839328,0.07811943022190736,-0.22330837433639775,0.12486379589632597,0.04215502059111804,-0.006748843063762393,-0.06804839478640827,0.003180753333351418,0.0277714856520834,0.02148772530481572,0.07381717422547429,-0.041241174051260536,-0.003149932760361265,0.018954988543951144,-0.10193464913599477,-0.18477575653919956,0.004464973608136949,-0.07681234692650456,0.0002750864739582499,-0.03412333837316948,-0.15843243947910032,-0.12297515425876947,-0.014017291603221063,0.013511322095022633,-0.0008753724119902201,0.10129357887994311,-0.07204090537728898,-0.11754576880402215,-0.09092042726090283,0.0885950972867927,0.05127702610854408,-0.11433865410392345,-0.15723407829642247,0.04781410055935642,-0.044377724171707184,-0.054822014842544786,0.028234265614915054,-0.04616136874776054,0.03236628088357974,0.010906217746202799,-0.0458649804798749,-0.05172889042861638,0.051224161811975,-0.033051662199506136,0.05794216347821732,-0.006181925930210261,-0.036971007243208585,0.07327465828047817,0.05259658466476435,0.08894977309898457,-0.0014037374354556635,-0.042120156276479546,-0.0032634723054150274,-0.029189303202316105,0.01210452082973893,0.04069627472493582,-0.005452265452345988,0.03560842471498084,0.03954199981322634,-0.07832401749203682,0.1146815722196921,0.05042928612805919,0.016358676891712876,-0.05048453335181379,-0.17254827892278027,0.036582022299421965,-0.14399614036064629,-0.034179259893925,0.042973794677878395,-0.13900602249159957,-0.030785482194228483,0.17922298957754848,0.03577875536655382,-0.1459086210209371,0.049767814839537794,-0.24519288979678086,-0.038020250229208415,0.045192472578064934,-0.006348098673796929,0.16761969400686727,-0.2416380267817846,0.10928973843576371,-0.08874367981133612,0.20684671927034362,0.022635295266988306,-0.3096019488774029,0.08778337929037582,-0.07866855288597695,-0.14653927291723895,-0.09870185630820548,0.07827879478425073,-0.01886919499866465,-0.01703765722536508,-0.04332033589910748,0.10835980557913855,-0.015497507017843085,-0.04135373427033593,-0.07516984364520993,-0.010327724602467456,0.03149177501575198,-0.04118252908869087,-0.01393053088763187,-0.09147509014759746,-0.10672700872906211,-0.024274707591006073,0.023564522777565024,-0.010673989867483394,-0.031567520291272154,-0.057003491918694776,-0.025991975717503227,-0.010098493907854781,-0.009249478612476839,0.004369569993044401,0.019559736340351196,-0.03302684999678697,-0.01107051752938056,-0.005496649576862265,-0.007199325043627564,-0.005126349488061452,0.03351492005918671,-0.019443616034646758,-0.0018589615428127638,0.012246577031533784,0.01653390322814768,-0.011434203813935236,0.012009339037316356,0.008542725155023427,0.016078985147448564,0.008689454204260228,0.0009366046741026571,-0.017802409823018693,0.011360154252222077,-0.020642449187216586,-0.02140031186608953,-0.002020861505204862,0.0012245969013674547,0.02104459166203473,-0.0034800205519575217,0.01810115956209708,-0.020247861399720773,-0.0036799517808254268,0.004805868110481617,-0.0015047617905645809,-0.008801372280305125,-0.005124695717142254,-0.002060783202007614,finance
121,0.02157125569804044,-0.021471137759629857,0.05163853158200866,-0.10376347773309118,-0.03591228252389938,-0.0034226487008335066,-0.10952753244882173,-0.04829235071179345,-0.020607430152602264,-0.010469597742291767,-0.0021482499916117385,0.0707119251979751,0.00984837434130083,0.25214373110888055,0.08820775947096232,0.07342039055409415,-0.20639909796105416,0.1261420072992769,0.05012226805778862,0.013503690376620844,-0.0439453124669362,-0.024121728345314862,0.03806502966516417,0.016029434616439853,0.022429219255026354,-0.04184542668602584,-0.0046209955314122884,0.01789493867163054,-0.10402013414158867,-0.1332452499289506,-0.01294673869893179,-0.06432025188544628,-0.004717019152390116,-0.04569703439829243,-0.19426248036345362,-0.09530121561856088,-0.01123152695812771,0.03659670073241122,0.012847962500833273,0.08724823312160955,0.010641386925559193,-0.10668790828646965,-0.05081455795406733,0.026696928094895347,0.0007254123633950962,-0.11351584196248164,-0.12805096063404386,0.05763686168230407,-0.053303448055625084,-0.04450912311078968,-0.06437390176168306,-0.09530231442814885,-0.03531375289269184,-0.020372065946548147,-0.042973598154238984,0.0186095746203996,0.13371865284268622,-0.02785255417078187,0.037481124743956123,-0.09031381876663322,0.02409346776420253,0.04134614466272074,0.056301112917264806,0.04732074916000755,0.00569574381408501,-0.009655160573888872,-0.02075062838428841,0.033397259413955833,-0.020266051657079086,0.020276308131218425,-0.033063606896023515,0.03279853162507184,0.09799392774007842,-0.06629704111544582,-0.034623424532634464,0.08590459898416986,0.029023704658805733,-0.144183652785568,-0.03552028372770034,-0.02582753267612386,0.0748331104728445,0.08489196539496106,-0.03726362446332095,-0.11518925865490179,-0.23621346100381388,-0.10290557672442535,0.12717314516063483,0.10314134862391207,-0.038653951032739255,-0.2696786418390806,-0.03696988914351853,-0.16327468794740796,-0.09145735703463914,-0.13588893068623722,0.3350163903630805,-0.014915005407573442,0.06684067145614338,-0.0765377556841981,0.05303802434832152,0.3539764109523539,0.07705771161728553,0.10429015499395429,0.057262438070075534,0.022297469757954925,-0.11598356348892268,-0.06052349690230591,0.0172337195716686,-0.03738029957288696,0.04004837476304587,0.03685811824173772,-0.058974091630224566,-0.029382160135474664,0.03344160643142427,0.003641473127016149,-0.05508780161692448,0.030436888647083094,0.006971301227970617,-0.047097478803786993,0.0030381240629463804,-0.0002399180037934871,0.018415722525083167,0.035914432443671256,0.004333991471074139,0.012402622695646435,0.02477591736964191,0.02356836161358395,-0.025307778817864713,-0.006047131333315062,0.012380585510922405,0.0025689405707024437,-0.014296393421751041,-0.004848945365948753,-0.014044154685751247,-0.008048120520523653,-0.011581005829586499,-0.021454606378569007,0.0073769928153595765,-0.013036687433275884,0.001302579209683236,0.003998546906583687,0.016493409443114705,0.0036728116656506832,-0.008974964346752087,-0.010509367689031992,0.0022081142443817537,0.007234911484152792,-0.007312094622093923,0.009276550809516967,-0.009344899555649667,0.008062378856637086,0.008369286193322716,-0.010987172309567696,-0.003062462943530501,-0.005479007715276373,-0.0037277100852243024,0.010062605955010231,0.008451602195942296,0.0032624167114509574,0.004579176703876566,-0.001074666574185913,finance
122,0.04312582027387716,-0.03553207167185201,0.0549078057945221,-0.10683837709831935,-0.049153510586454986,-0.00020075037512000678,-0.1502113987895119,-0.07203543459578442,-0.02933558120289381,-0.0038152979292348406,-0.010113825397368728,0.07354872110039362,0.04739600960296604,0.420731102376872,0.18523408096462968,0.13160686327159035,-0.40082318439046044,0.19547060059212332,-0.015145388239873506,-0.10949404173720462,-0.006830328000617966,0.004370518324560687,-0.01789629220062594,-0.009485237663820253,0.1778590929965397,-0.04987586116339807,0.10619429661122527,-0.019957089398753756,0.13772260073315457,0.25799237274646325,-0.15857721433243252,0.17213681483133564,0.026488143569358136,0.11772501984975228,0.311398389554698,0.23869774588732362,0.0034635812959754987,-0.014316655715364496,0.0386501314752969,-0.08159811475265184,-0.0036885921034312454,0.11503613624700773,0.08425660304820945,-0.0375025040593428,-0.019240010350239336,0.10698310281608751,0.02503177915639283,-0.02541944318684711,0.030656086396693885,0.02759674082510471,0.023462468111418437,0.025789597322999024,-0.002591786805165871,0.013969420916825136,0.03990704377561516,0.007226595275992601,-0.023065587256654453,0.04747186380880399,-0.014506836212970773,0.0010150783228403144,0.015414538619957695,0.02169429238180758,-0.0227571552928629,-0.010614066915759949,0.005951358102312942,-0.03557851772170449,0.01880064473352284,0.008567459380785321,0.016263671242280075,0.015397097118315814,-0.001276548069910929,-0.0023237409811756615,0.005211271860557274,-0.006644854980043486,-0.01071043990066281,-0.003045758212267017,0.003982582504112234,-0.005643649066722801,0.01317569541820995,-0.003069314318376341,-0.011033330060849434,0.004783775769865156,-0.005279994635554356,-6.423252606073447e-05,-0.016719786572725263,-0.00428479156482913,-0.005357913785045525,0.00403077945021604,0.004071144196348678,0.07051736098175017,0.009670288583910606,0.016001228320171677,0.016811814189303206,-0.005223373755697425,-0.014474570850715584,-0.017713831728014242,0.003148726178985374,-0.012541961874257199,-0.008611883766290613,0.019020311932215376,-0.020813845677837207,0.0009396330224059981,-0.0065035824714426045,0.014996670599924185,0.010277398078471875,-0.010843142937246239,0.0057371739116451265,0.003579577275644653,0.008484072837270111,-0.004830491286270963,-0.026730299385546025,-0.015871419637283314,0.009348899551114242,0.01073880407518381,-0.034550593665843614,0.005074831614989602,-0.01295130189248918,-0.007304376940393238,0.00033360384855777447,0.0077141865341599945,-0.0008763428551935564,0.00017338480666078345,0.00031217828416965805,0.0027996499376703207,0.011848776616405158,0.003555807939910697,-0.003772508221859412,0.009280549182890186,-0.004568493683042058,0.008022803496234758,0.00694231519145507,0.0028254924099325803,0.006542419146026683,0.0035134134482581016,-0.0010123714159345515,0.0005704801854832513,0.00841181456744681,-0.00816825783609547,0.008167054842594787,0.008748199004124725,-0.008239354390780352,-0.0009250499242521812,-0.010684139908100054,0.0002946771805605922,-0.012896510067964833,0.004031361468915146,-0.00019989122293000253,-0.007268681079252587,-0.003780451037756432,-0.0028537157064634716,-0.0035884305440608173,-0.012948480095619209,-0.005579768188357158,-0.00798919129245501,0.002377372908897605,-0.008765447121720707,0.002453160580367719,0.0005655356520406782,0.0022277066230202915,0.000260825127267078,finance
123,0.04283825416637558,-0.03546212359126411,0.06014539523062498,-0.12895158044127913,-0.059554575842311205,0.00026963210909163694,-0.17208613056253394,-0.08232445501866914,-0.03537526888154183,0.0012485792014310583,-0.006941891868623418,0.09532934789022478,0.051929620770223076,0.48066656162407195,0.20323583615200216,0.14784842010637167,-0.45672976752017735,0.2417440655759909,0.012496764711447457,-0.08497998508483572,-0.03128440881213256,-0.0026704958245825795,0.008222853869942698,-0.0002239793054368665,0.16873047736016508,-0.0590375026418369,0.10430563961728788,-0.014375580623017241,0.06624472906914168,0.17677118024928154,-0.16677279513143758,0.13173879831871624,0.02889130706083461,0.08906257411733211,0.22827229110286262,0.16148136931883653,0.011290773670632944,0.015765658645416656,0.04826487384600007,-0.03995365137975756,0.019472526752503633,0.09678527269995753,0.054768169290480215,-0.024711624880234578,-0.01462836057237987,0.05687316208200105,-0.030384180563668116,0.012016943722331632,0.008284306720862483,0.008794820835120901,0.023213489216616614,0.016858015859048312,0.012467962423335777,-0.007773427181982441,0.025392634138814457,-0.011874781569312829,-0.015630272242964777,0.03187108755184722,-0.0019985978649597366,-0.01862945624311919,-0.008530809149703259,0.007558496200244481,-0.014543868815157589,0.004636707327269837,-0.002664882389144952,-0.05050672293903784,0.03247321648691131,8.825710842152026e-05,0.007343497063016902,0.026460691276913053,-0.031700794344389514,-0.001088583409993536,-0.015334179231314188,0.006089288372275962,0.007409315398817324,0.011606228930181615,0.020836743801032547,0.02418891255628844,-0.00687582799529144,-0.002700575807319641,-0.007041202321191937,0.001066325904125994,0.0022004411978883455,-0.017877211762386578,-0.017942877807906356,-0.007918830200702255,-0.007764346518516143,-0.0041975782478036,-0.021734284752369368,-0.0011127239039694272,0.010878337289435078,0.004427568311596775,0.005073806967853985,-0.00012634249061452136,-0.020971665401139507,0.00392926756403237,0.006618247874052918,-0.023437199987745586,-0.012262577506487057,-0.013099889697433132,-0.026903977526732185,0.005709735123895215,0.008054250505178176,0.0010286941020408316,-0.007797304798395087,0.012951377886124323,-0.00362876874411135,-0.0029802472481834925,-0.002256655080135825,-0.015565589862577351,0.009737960448306918,0.0017188369398291148,-0.0009950877575863582,0.0012689831390083092,-0.012278409789106177,-0.004218543189831031,0.008964065702748393,0.0006186962863945142,0.024238596630517903,0.00890033176642171,-0.0035763171613726226,-0.0029174266176103187,-0.0034701757557590715,0.017552725029781464,0.004705227011833144,0.018012970530183716,0.00383595896034058,0.006179189630867094,-0.0026988758636897316,0.009902560965127018,0.013295709759625393,-0.0020950281117885854,0.006281476676041437,-0.0036181291767375078,0.010478233291159073,0.008684676985580153,0.0006349310955334871,0.007433410710664344,-0.009500980920187327,0.0013504980834238012,-0.00451704595815929,-0.0075416236483085795,0.001291661396126998,0.0066604293205716975,0.009737097395737544,0.004281783501150456,-0.0010084788634667345,0.0009919319225362474,0.0008402086059090361,-0.00371055930634528,-0.004198245600882809,0.009714820405559235,0.009012928238420962,0.007081944493378878,-0.0001499120981771108,-0.0007905504341585097,-0.0013942298042130446,0.0031633458430634885,0.0029591728111295003,-0.0024894585977614653,finance
124,0.016509581848371355,-0.01638198937679259,0.06331055865314039,-0.09217285287688902,-0.034221273027420486,-0.00863318527149256,-0.09736749455998071,-0.04479553886726479,-0.010631624048621507,-0.017069424514159326,-0.02536821010793252,0.07181842416608203,-0.008912600851069749,0.20818810692844697,0.06334024934034163,0.05045647909670342,-0.16828946224158958,0.09007244463015535,0.019532772281540545,0.04259498402047274,-0.036321359293661176,-0.039889729014693995,0.03878985117034325,0.012180427179587287,-0.022267024982464717,-0.0032158197448963646,-0.022370556542258585,-0.0010109620943182683,-0.07019721874468715,-0.12538530859699817,0.017697867717033,-0.047975258579691316,-0.028069566912098082,-0.07735015740914983,-0.14695922574586132,-0.1221794747170838,0.01181309088492442,0.053378558996844586,0.06035655023107001,0.16700503434133082,0.0756674133365357,-0.14870223235622088,-0.012131478298475407,0.10016910663934424,0.017066084119317877,-0.16618346143393678,-0.11126823202437694,0.04201972031804384,-0.04007237319891358,-0.10001907449244021,-0.04165948495460741,-0.07515715467654828,-0.06582750172142308,-0.008653481220818545,-0.06343226155573585,0.1234676704200127,0.04511321502099906,-0.01713280501302725,0.051968373703109874,0.02995798725842092,0.0568480069918463,0.07848215817851313,0.024902061713756203,0.07653472101827512,-0.06969790357196742,0.10812370122572774,-0.07686547834970371,0.011682704671679698,-0.06492838445290398,-0.08549265011728921,-0.02855253071714505,0.16634248720235137,0.04759870981053312,-0.18737282782832648,-0.1873898576530984,0.023600161593876963,-0.07096823413208578,0.03583717409710108,-0.08270435737568321,0.030007559234013163,-0.15255702497032522,0.06535915125849441,-0.09127194977781843,0.05865849182394489,-0.014741022545168066,0.03607581614401644,-0.04843021351179185,0.14152558447120495,-0.01671449667959067,0.46731727040449017,0.1525141133082486,0.23312314214878546,0.06547820486613523,-0.09280201081699915,-0.04564910973242479,-0.09368515776019279,-0.05306737823238805,-0.06932566181077705,-0.05806453304729434,-0.03726070442289782,-0.13040985536416427,-0.03823382543430665,0.11874564687489955,0.07030363960560082,0.060122647177200714,-0.043981230162372154,0.04915307767575884,-0.00504591616580766,-0.07965290770384593,-0.02142056748925167,0.002236273164190189,-0.004380001098573172,-0.03109797198184277,-0.05760149843840846,0.011862851473970218,-0.0061866053771805,-0.0436302638395285,0.03466983492807947,-0.020731226007193647,0.03907465412680524,0.011614286153892638,0.03425796424708546,0.06309462773301698,-0.013054373246342864,-0.016553344243316503,0.01868792767661281,-0.0024334968664128914,-0.023511200909261443,0.011423151473819473,-0.018575984485040924,0.00641687325980866,-0.03209396766717631,0.002344587253813087,-0.008353483247056384,0.004686161121228086,0.01320168247656321,-0.001546126062586993,-0.007786268130006763,-0.013405090557826273,0.007223340330944237,-0.004581428418046479,-0.014055645838897915,0.0004331287325263271,-0.018715017197857085,0.0062450721085366276,-0.008529170360861465,-0.0013781261952812713,0.028323332966500112,-0.0026736616503792157,0.006475970301021205,-0.00395061013373182,-0.0035732885488490027,-0.0032071697311841,-0.0015417578736955755,0.00416745852204845,-0.0013367135200663587,-0.002682169732405186,-0.007908729761978057,0.0020865899398821537,0.007750513672500418,finance
125,0.46665153205485854,-0.2765668035518977,-0.29996792909513514,0.466454485749348,0.2185348546069128,-0.007131916971651871,-0.17088219249280895,-0.05886577678956041,-0.018715605193844628,-0.015001873305246383,0.00213283159194659,0.02435496004256054,0.056558361797526366,-0.0029326408801172064,0.015540197076757157,-0.004990477869814191,-0.01522784496968214,-0.015091485409359702,-0.003949040772485354,-0.02803964216274297,0.015546591035791871,0.011608614615699227,-0.015491171546310408,-0.003965595144992913,0.019487184382439033,-0.029619781866803502,0.012079179366607653,-0.011270739541597671,0.046263977471123006,0.012997663095224241,0.005943302535843757,0.013783337230657859,-0.03346900832923896,0.010109326208824349,-0.027088848211152233,0.029779647714240232,0.06038924343182011,0.034641866180480485,0.02892807133886333,0.032663306461528485,-0.011988634815120617,-0.02444091958077573,0.015935905074249895,-0.002863091518062446,-0.007640161398507584,0.04910806249844874,-0.00925097662782962,-0.03394287805261189,0.04394792488583584,-0.004789375252012858,-0.032574813179584924,0.0031202833090510835,-0.0010628631760327412,-0.011519748074434823,0.013915691201853122,0.012131995995566879,0.012886803622581239,-0.03627129589433787,-0.0063653107486361955,0.006146625723088846,0.022584414523430036,0.0011946795700750413,-0.0073037956766362445,0.018136228372181637,-0.024753815460703137,-0.016409530350971237,-0.0061044573833879965,0.014024664974745235,0.014560641797514701,-0.012221605171611563,-0.043731649322468896,-0.012011453727498489,0.012467326739448182,0.01936930784699618,0.021670915194431005,0.007731401459336779,-0.006158552016401209,0.030685970563698636,0.013269232359001275,0.0073556481099540305,-0.025928109493290184,0.009360957572953136,-0.004914444213155768,0.005602485221755258,0.0013636187624147182,0.028423943059954656,0.03686872573237738,-0.003735938209689623,0.04052621638383148,-0.007676782389131952,-0.002496088096002667,0.006756406292817935,0.019012154380149096,-0.016847661185697752,0.010555180228735351,-0.01914518610654246,-0.033916682857283956,0.00963400765245748,0.007668816915643183,0.020472329217378384,-0.010340036046847613,0.006514966273189566,-0.029171377948149897,0.001139248107487506,0.02144629698374563,-0.004325637442578012,0.021534919485728492,0.024848628607204576,-0.03453486927445285,0.0230195510267677,-0.013297679678627536,-0.012655542715347875,0.01895550078670849,-0.02256026054353493,-0.002587033614753533,0.028610816095967787,0.017256049230140288,-0.04710925155735951,0.0041035651986917054,-0.00035879176457646845,-0.003741493189916553,-0.01190737895762039,-0.002912234921917729,0.016319964782735497,0.01310312676363807,-0.029386396594957835,-0.018712231727147585,-0.01802261745456483,-0.0024959152873747685,0.009294655273786374,-0.018445374544918874,-0.018820856468516705,-0.02348213610497332,0.029445808663727986,-0.003932066615486006,0.03709658569973449,0.025377299941909248,0.019898732642161566,0.03376363475120425,-0.02589402479787498,-0.00831510650942919,0.01843238348235243,0.022759785085936134,-0.02224126705766188,-0.020929583730019796,0.016100170202021376,0.005447651533410066,0.03207579616700535,0.025690408694722115,-0.04537721603292477,-0.011275919622996688,0.008218550132627706,-0.018328347598917025,0.045320709752829993,0.017960549042364465,0.06557630398200395,-0.030026335594924576,0.014908081521541772,0.0014553403783540675,-0.019926812774453188,finance
126,0.35752374322565156,-0.1923679059894663,-0.2263846300106957,0.3394752622244709,0.16645740796160033,-0.006245394858344817,-0.17560519272779526,-0.06191423148467823,-0.030749598419532537,-0.029566907659477133,0.06456121206840237,0.040138140698952524,0.0689644740903287,-0.042351829087487754,0.003711830902841092,-0.013439737806085617,0.03358073929205537,0.035796131363126975,-0.0012231209724345002,0.059995814769091986,0.0038078961263818866,-0.06892804167450979,0.02949266165155346,0.01093769867421642,-0.0622721131059912,-0.0007103826593955889,0.0590539305313298,-0.0007926973702063483,-0.029866010953223106,0.037536266685057065,0.0005774963820016647,-0.038472536613791714,0.07549839633773109,-0.02289991375138921,0.05461381888786349,-0.09186235042859858,-0.17310670764055655,-0.09888682093766507,0.01425514095662599,-0.038999477804915264,0.07631370102355133,0.1564086447931014,-0.06282418331807721,0.02322640324792209,-0.07087866852678583,-0.04290798051381632,0.0608640031941396,0.08730454005296984,-0.03440634577546418,-0.07000577672952904,-0.006280651682478227,-0.05701521489665008,-0.059518067697578066,0.016099496428163555,0.09842156861039768,0.04659259911621525,0.037729983789085875,0.09298318150599029,-0.023594073250843204,-0.038054258304053304,-0.03865718988512684,0.029738610528553363,0.08521474987663206,-0.027726674715362633,0.03253698181084732,0.03764675960495834,0.027961901279809392,-0.03434857059054346,-0.0771364389785764,-0.027553294784627955,0.09256226381137296,0.03066140906586503,-0.02073087754740616,-0.049750088805336906,-0.0444021144239248,-0.05313409163264477,-0.005072296228369918,-0.08965253278978812,-0.09250093919190464,-0.008482188494340718,0.06892354003991184,0.04835960710085858,-0.015054486488998948,-0.0666341638842042,0.041919760409028145,-0.038420276905991604,-0.11139043133750756,-0.019817625162372537,-0.13568338781061495,-0.016519469785784415,0.04563995053613632,0.006510394460995461,-0.07718546816840942,0.054070843807617355,0.04668865463928902,0.07244225967867682,0.07734055285681642,-0.029366631998604068,0.021630405822754363,-0.09190271028341045,-0.018655703595884667,0.008930074553814957,0.0710209336209658,-0.023495865300528416,0.00233097807722575,0.016689231801346842,-0.05726028913522789,-0.05030441816621095,0.1016794705090581,-0.014134363260025973,0.08305100050374656,-0.018550051104373105,-0.013967002527594937,0.052181403445799995,-0.127644928854724,-0.14872923662378779,-0.05955742571977083,0.16421415741404802,0.01267897948521842,0.004754713494066949,-0.051267416547103144,-0.023037976359960466,0.018205972176711965,0.01106637759446624,0.015410962116029133,0.02223365266384532,-0.024206600927592834,-0.008922488360011489,-0.04382293206840864,0.0148968659208573,-0.034739335562945506,0.00650213577811823,0.04025851740188242,-0.027288232988981524,0.0029079443003375604,0.010286687531675514,-0.026312438503772545,0.024243709341552247,0.004412142060058584,-0.08408652612062018,-0.04368440551332696,-0.00035523728031579553,-0.04042130944154216,-0.0030698114197717607,0.018685747385207924,0.011596538616220897,0.012478653856064137,-0.003941866444837214,-0.005655082159062149,-0.0055479740489275935,-0.021979017626570972,0.002095812612257272,0.014275743300409684,0.01087627702276417,0.004694738641699932,0.01296471681582391,0.014221979408348072,-0.015390859520570456,0.017961460047781902,0.005914900062571005,finance
127,0.23562896784738568,-0.1459783031266201,-0.041525998351560574,-0.09004270466181444,-0.08833057978456844,-0.012692069109147828,0.28531387669293923,0.08202789999630684,0.01379300774144565,0.004142326620107458,0.13765145776164375,-0.1520659562075989,-0.08464136839873039,-0.05165894363703193,-0.1633675855216039,-0.12712267235282296,0.026592813497091576,0.32454186251644807,-0.010248306337838667,0.04626945949273994,0.05861872504333626,-0.23917577471322884,-0.030898934927822058,0.006130958573330235,0.04911847021397155,-0.009494780080311307,0.024416789395948088,-0.010531887985716583,0.03380100975547633,0.06358129319726047,-0.020713841336806014,0.0012021371497246201,0.007162256006499216,0.03434750894790244,-0.06780050282209804,-0.027505392828677637,-0.04281460953292566,0.026104785200938094,0.032045454463291,0.0210127974354593,0.057901609421349906,0.00892647542612809,0.009602295830723256,0.04785786245456203,0.004623341162769526,0.053174272915226826,-0.09105004088985616,0.02475790638372475,-0.0009387740632568784,-0.033757253454676464,0.06021693736610015,-0.0012819510081421039,-0.009626852420988315,0.05498461105662768,0.07535778862060809,0.07512748342217006,-0.10395296244538622,0.07584027977039187,0.06531761087744928,0.011978636147344908,0.0922750005278863,0.03252461527324205,0.003996314563601512,0.03477391716249007,0.042296943478034296,-0.08031880599005749,0.03523229806403363,-0.08982553283447056,0.07952844292418751,0.010095233969155676,0.011078967720443382,-0.009271283035140052,0.02050048296672149,-0.0008527913048680701,-0.030279037644938982,0.0016397067193130652,0.07071730024291015,0.0545601507895156,0.06277600009830378,0.05167857342680242,-0.02611015649768185,-0.03511829116454924,-0.017442480488645624,0.015686329060018347,0.020913758355210775,0.04072943541933023,0.04397049551980405,-0.017262517484778025,-0.04886053458049423,-0.02027957714096152,0.0023780970512882315,-0.02000882175000109,0.04680922550973465,0.015386803709928508,-0.004976526656327402,-7.72984566378735e-05,0.057347391589173895,-0.03785164351957908,-0.023126254698032665,0.05237633056215633,0.0052522698632126,-0.02345227515235606,-0.003556222401312327,-0.041701996114166334,0.012456409070406823,-0.10509315962768331,0.03095673145287415,0.06402064123924658,-0.01671653736193381,-0.017076681769503166,-0.01261687054038761,-0.026095719902800407,0.013340700187921502,0.046486178170712995,-0.05023728334113903,0.014792176385076097,0.01548208728994107,0.01295295714269568,0.053287587313074175,0.09586669578046797,-0.014762639101942667,-0.031905852572267454,-0.16224593084604194,-0.07247109025563978,-0.0821917037568988,0.10407334931503413,0.15593742320951734,-0.14383432520707792,0.15203888417181305,-0.10368304773573243,0.0312656743266198,-0.08039709310026111,-0.14833403325843025,0.028436947418052267,-0.1079278453223032,0.06147104791517102,-0.001087354565620966,-0.015945989141654224,-0.09084156152913035,0.09655516954279623,0.029388895207244428,0.001606845990743075,0.010733413770032422,0.08321354259071896,0.04562170857608432,-0.0092794048067652,-0.13297925115633777,0.04664738759185171,0.06996057495686756,0.036806963910550654,0.02285842395444474,0.18643350180038745,-0.05174840879364206,0.05518299436408446,-0.017294283350424683,-0.10178115084164556,-0.06072988448810736,0.030822973798800248,-0.005782086498555167,-0.01845483019582662,finance
128,0.05574295196952627,-0.025479061208585927,0.05949638620692905,-0.12060487972755793,-0.048896193162977095,-0.015088418356301501,-0.08298952134824772,-0.06418604899846682,-0.045723545391465635,-0.05305819440279737,0.04851506235428198,-0.018229843677433123,0.03953951656475142,0.010817786697003354,0.08286354466541979,0.02386837207260335,0.007354996054123759,0.04259348346268817,0.11527285381638282,0.1840653799123806,-0.016404965490989645,-0.08073092081635702,0.03427035344623236,-0.034391696330775094,-0.23217576155269123,0.0473747472256388,-0.0036586530041581656,0.03804839248629415,0.02409399909666198,0.014441294559278884,-0.13356220864707766,-0.07816946932718948,0.17637268907156703,-0.14601789119134082,0.09067564470619677,-0.06727316256981006,0.0294660529977065,0.09792252147142014,0.002276765662570972,-0.07750275379823311,0.14185054111882328,-0.1407631195668253,-0.04610626446504509,0.2652644438568182,-0.08084269343098717,-0.03508211408515801,0.06262198874751074,-0.09114273582843714,-0.05361333499023086,0.04733716062177335,-0.08926196004383061,-0.0018135871552305957,0.02524623166035749,-0.12791948548979523,0.055242627184548886,0.05974870508189764,-0.08105977891563318,0.03653674154576081,-0.041061116510991605,0.06138618569807636,-0.051190858678966,-0.0022421950643401,-0.10880262876185226,0.12873778819751258,-0.008412534500366374,-0.08443554776086876,-0.013379487652598752,0.0069547993883633625,0.053561181165714004,-0.1415976057877568,0.019831303210208776,0.040931585136798884,0.008477125711352724,0.05052755459134612,0.1252710534538629,0.03650097564343148,-0.049777434887196256,0.0949438765131651,0.081370581501161,0.07196555407717461,-0.036606561495894994,-0.014100435621339663,0.04195064164891244,-0.13090692129057102,-0.044503067743548265,-0.028662801666889046,-0.0978767767265887,0.039365025282235636,0.07833087573043529,0.045251067360724276,-0.16315323057175252,-0.1422293648445088,-0.026251513889371556,-0.12117304096647667,-0.09187698188754388,-0.05465348954866675,0.2726722352107644,-0.14952652052426424,-0.04027265415129408,-0.07609590232930086,-0.0922721573767011,0.04274586782914275,-0.040794432657632475,-0.045817913857713,0.10695871194857738,-0.01772260469361146,0.073370493843992,-0.08283760567555555,0.14754692295920263,0.10617026099706395,0.030348950240462896,-0.0699547099557956,0.07013852619282988,-0.08857590057797837,0.09348279148850577,-0.05527720915673371,0.15320965532623565,-0.13447164654062305,0.06179594681655817,-0.06684673272870909,-0.03849400396036144,-0.038701974137308796,-0.07039832969722372,-0.05541761985175698,0.005200212983326866,-0.004874514720434336,-0.06460219921541141,0.01923670376888204,-0.010147012010057996,0.02300002687457768,0.028536358157717406,-0.004050314486838619,0.04192024804385947,-0.0034816914855989207,-0.01288851788499425,0.02753161118305683,-0.03203229631220753,-0.010642482428504324,0.03889119147012589,-0.02545730851924204,-0.050228842766619,0.03722862588195308,0.07176464240167468,0.02688302241284465,0.003530356213278612,-0.0645829816975278,0.028178601902599774,-0.03621979433160189,0.016592351227393602,0.00479261601179528,-0.022890047073383477,0.001909330345878507,0.007708112198784906,0.015412605452857754,0.014779627763231135,-0.016199003215907677,-0.009961083996598648,-0.01186079867547069,-0.02141315762980903,0.023876278048331305,finance
129,0.11507611550192798,-0.06721250913385532,0.05540663787442476,-0.2212765075108618,-0.12910526714937787,-0.00795316764402359,-0.03278535530161901,-0.07707028616266014,-0.11871114611935926,-0.22462376548970653,0.6927114218385473,0.13895187739308512,0.15600028319057327,-0.0850732590520589,0.05651052336501618,0.026362213294452114,0.05838513249846721,-0.11717593714035873,0.0448489899073837,-0.04839692188645039,-0.021539981608429203,0.018211015251322658,-0.06626730974736562,-0.024568891865833824,0.017571181652696284,0.017088364088858443,0.08449901354209383,0.07167625214317544,-0.0735395309172989,0.024182165084395194,0.010772105110298493,-0.0016464364756174441,-0.08567447874497944,-0.018728771086939988,-0.0014163709772511608,0.02670517009012454,0.021467779799916563,0.03302247258056428,0.013497425065682392,0.020666683150929455,-0.01729955942522775,0.027820438942663117,0.016594135771233774,-0.028336839061261047,-0.004198906020396927,0.0006517576207048054,-0.02079053082202156,-0.004773451978133544,-0.03625079540626785,0.027469419544972506,-0.010384885376659892,-0.006974701362130229,0.004997658932403798,0.02220023008848749,-0.05039567758297435,-0.0224230646300663,0.025597340260986885,-0.004464961501252581,-0.008062120329797763,-0.01789285303528662,0.0010809971419894371,-0.0028280956714626343,0.004088229303886318,-0.017389174209040233,0.0038034792556782262,0.011005866513818843,0.003086988168434194,0.014015386046317307,-0.010833287072130214,-0.021738272664626558,0.0005911629547883593,-0.016358721605827756,0.024454395273045566,0.023884387163091762,0.0023763440701306177,-0.007106263902319523,-0.005814095741509351,-0.004067757673014795,-0.023803049818145284,-0.019631020533167825,0.009787889202415637,-0.01621951842348462,-0.011262237654216732,0.029547591196040283,0.008964785147991034,-0.00368141971462884,0.014810355825681234,0.007593039909044733,0.002646076228021347,0.030543904455004343,0.003344595329997892,-0.013071427282689785,0.002396082691449895,0.03624690289455779,0.002434874855414739,0.016543942652863932,-0.008337844127885446,-0.00855769198762504,0.02270918231517797,0.024271349627357476,-0.001606790079575002,-0.009994643462298594,-0.018525755644767557,0.0014484732343553184,0.0010373125883533934,-0.02395006065760765,-0.03050861752001062,0.02315154594697638,0.017445508901755186,-0.0030436590523950915,0.00921361141641375,0.005413380267037693,-0.012806420795334634,-0.015300636687101665,0.0035371905295179112,-0.013273910723549522,0.015012730327072404,-0.016925325934417083,-0.007488738635815344,0.02052855025901604,0.018222542255575735,-0.007798118480654978,-0.03525139516290124,-0.12590417879113325,-0.09456838496743199,0.03039488125546662,-0.11466871967784566,0.01882881560886209,-0.055031646931321385,-0.023866068831362854,-0.038040696429337016,0.007651284165867433,0.024082534675960738,0.001364196471934988,0.03301422581230301,0.0022919485502136006,0.026451059905433432,0.007964842963182927,-0.017404661876391562,0.042962756838981105,0.040075243799297104,0.021248416066287197,0.013984409577075644,0.0006919356960302951,-0.005764581025976639,0.00717808803082104,0.02409833100946791,0.02573430494033126,-0.006514109050284976,0.0015899726902304896,-0.05902688373648198,-0.008908745832708917,0.039190497652529896,-0.0027367844946378506,0.014029478034587798,-0.04966933601376163,-0.02094126514464913,0.002183153490672772,-0.0010857689165683303,-0.005574722000966572,finance
130,0.15019492790392072,0.4201332198642593,-0.20819861900480996,0.11968400783711332,-0.0501105102742532,0.062325032967995034,0.026444243510027353,0.015201052943136215,0.0031467461324108806,-0.007759333354682201,-0.015771375401123545,-0.045522039557061175,0.005965422973911988,-0.051571784811893444,0.08682034549645919,0.0905916369230593,-0.017713655381954817,-0.027714386684413717,-0.11601761103153672,-0.10789684738440762,-0.07507582759291766,-0.004280406167265702,0.028546662112529906,0.022490043123375006,0.12496635264676623,0.201209583018259,0.09847978650862343,0.06277870736585844,-0.008710329484606845,-0.019500125831928377,0.09697735676992049,-0.1504379032226536,0.10539868796229669,-0.032722390521111755,0.13524278802337783,-0.008119384598888951,-0.0743028146735321,-0.05550662921604775,-0.16604035191363944,0.005128937433434423,0.10384914344374886,-0.07649298699032034,0.0020127458908315477,0.03920522304297102,0.12684900486362166,-0.07740091460683436,0.011851230370881444,0.07431244688837345,-0.1286243200521345,0.028599829310358822,0.05013178774713126,-0.011077366147274092,0.052922290898363006,0.12530980463451355,-0.0619106686786044,-0.011708350358410271,-0.04997679034137021,-0.0007035477130484432,0.03157379455728474,-0.13458844053127664,0.008085927790366402,-0.046167307252118935,-0.09514675876624337,-0.03915808470939975,0.08184376455325702,0.004123316545578777,-0.0129979971802447,-0.05007051403516255,0.03658177064240823,0.048648443846775635,0.044429514349525155,-0.04031873875848482,-0.020586691552335022,-0.05534097673734926,-0.05533979926619316,-0.021762554287359032,0.021296077967009455,-0.049097243259697367,0.008136472134575369,-0.052501544782085074,0.03304377067564707,-0.014751237908459487,0.05127291099873614,0.003275680509349444,-0.050214619274022106,-0.09975790461526335,-0.05404194064063474,0.04964436502353782,-0.07471338879216119,-0.008155283277542297,-0.026674445234584912,0.003463477778587191,-0.04668112066989119,0.029244882197388536,-0.030821050493722073,-0.06547596425916212,0.03918298285113769,-0.03523503817482586,-0.05416348813884071,-0.07720316633695112,0.04237185482217509,-0.07060716160298149,0.12320536393157909,0.018745178545952246,-0.04722241010199586,-0.06797755348632918,-0.03312245036985135,-0.010784816406938099,0.14390700708619925,-0.16001456002232672,-0.05651513041604083,0.02879553070908572,-0.04503242609737803,0.02922362396578756,0.1120850981679903,0.045828357894893236,0.022384121811467476,-0.032138775605858975,0.04202845566884131,0.029771176364916056,0.004514960566377016,0.08133392572429525,0.016363349821166426,-0.01872805615123893,-0.040947261033446494,0.019491120880916837,0.04028272109021673,0.0519275588485408,-0.0023319896230019465,-0.03426303865840237,0.03000408865516474,0.05345751313257156,0.026822647703630083,0.01487629974214715,-0.006602965728681644,0.04756734849355538,-0.07876545111870473,-0.04702925517328607,-0.008596258480595576,0.027704730165560326,-0.0216868186416326,-0.021857594346140763,-0.015896209299049578,-0.0716049114702159,0.012107221381541838,-0.018850060916964468,0.01990473941566152,0.028027185194161953,0.010039826858758259,0.012704330723225748,-0.027950139702378116,0.06355962643125465,0.0005698598537133071,-0.021417094316648125,-0.03592255757575439,-0.021371673324835593,0.020064927480552924,0.07429979743655854,0.0109010253443388,0.01114956925374094,finance
131,0.06367743697208451,-0.021792332105412565,0.03389481467484847,-0.10214907921976575,-0.040773510156981316,-0.013875844243767532,-0.07816601257727944,-0.04481580115735705,-0.022287371960410658,-0.00028458304215888867,-0.07085219768138988,-0.07111086515521757,0.013906542553308154,-0.14458420405011774,0.07481392628936608,0.012723168586983018,0.10064503069357227,0.0254735753491987,-0.08407699887393845,-0.05520961370422267,0.18392000653054036,0.11542818566143354,0.3496709321965062,0.10585797249438136,0.15954185464095447,0.02944914137871966,-0.20555349105159956,0.45040157621269344,-0.10807157091991576,0.07795652755910631,-0.18752904908729745,0.25609050958700014,-0.12922813228636076,0.04972204981935171,-0.0002809029596403655,-0.16763125649844327,-0.09360950550082345,-0.014887297112880426,0.0626217583718236,0.05763931901481525,0.013179746011419753,-0.037702179499524105,0.02420922033275668,-0.015895000766232688,0.029383821281020392,0.057172561631074814,0.01298069680457217,-0.007399163793904503,-0.03312208007224885,0.004383024411465054,0.022994757976417986,-0.011991917381376312,0.04343287993669419,-0.021875970311609146,-0.012487700215679123,0.013563846336906224,-0.012636423913924461,0.03789735320598117,-0.012933673611206517,0.0017139296356200357,-0.04395815347913653,-0.008426086450953782,0.029093408092031987,-0.019667829888776543,-0.01669263940380804,-0.01614491427134062,-0.011809350030745442,-0.0018275142970095265,0.007015014271975916,-0.052163727838961525,-0.005183607842365879,0.007485577702143669,-0.00021079717486839562,-0.0100671453349185,-0.04426347660123953,0.02028197017052694,0.020194965437180294,0.02013540176833919,-0.03997306494452164,0.001669888220828139,-0.0005412526537764285,-0.021912955447549513,-0.023600591860282842,-0.0037961878478644817,0.014258728005127742,-0.004925539702790912,-0.013666370124780919,-0.024009010141765704,0.0004751366636154659,-0.005138044904887712,0.00454330194729481,0.005312396619474726,-0.009979846993331652,0.01701418898595693,0.013207979354854514,-0.011311979123731306,0.04645508257727853,-0.004450343416198334,-0.010306487115283647,-0.010273205566968903,-0.012637432803058433,0.018179147823572196,-0.0049850348818639215,-0.030418949529124585,-0.024464704865041872,0.033008057975810544,-0.020654946066162187,-0.0047021934415141945,-0.0037992465054287427,0.0037110928320996626,0.0066142547164967525,0.013937932454124039,0.005710950278313262,-0.02179399364077168,-0.016203809281959483,-0.03483998373310058,-0.005547269442704557,-0.027164970603656035,-0.0064201569055408894,0.015004152512340165,-0.016587110243115055,0.008043774861682233,0.012713871265453114,0.015976297520791223,-0.005411556501624107,-0.03798737632898407,-0.0009217614784872994,0.02947042724877555,0.014574462431299938,0.0024913287119177545,-0.025148883754479618,0.021529177873316048,0.01299802933758403,0.029956116909064835,0.02535356349318991,-0.0031586751445289844,0.0855657609526671,-0.11319630096628926,0.05322857709223857,0.08357185986771998,0.04712188527644932,0.17553378248464716,0.07793190187856142,0.03158978778120134,0.04356026773887354,0.033359326831139964,0.13798214674831794,0.11503355203591337,0.04559915662739882,-0.033093087172872473,0.16961067921843873,0.09015020725948697,-0.07799372921132808,0.01807704313589763,-0.049716564054880695,0.040889936339560826,0.01178102708518408,0.03130136723301747,0.018194756352022896,0.0006019696751070284,finance
132,0.1654232305965183,-0.08633847029980585,-0.006803585558212202,-0.1419532503912364,-0.11883907460010126,-0.0009748039570255413,0.3173537388042891,0.14259248964904603,0.07679414692853695,0.14273160364792903,-0.21658742025118297,0.2450748168535725,0.31957714783251095,-0.13359085839561605,0.0140485446566167,-0.024255731784380043,-0.017713870829851062,0.026327492140793874,-0.011061710133579993,-0.08114833477629231,-0.03890146623395692,-0.018509248370320152,-0.082815029973837,-0.015892717224707347,0.0688515310214926,-0.022707525233036083,0.09901247799287066,0.0723572021955086,-0.06344193641463663,-0.026207027629625904,-0.013043481183366476,-0.04757230541060683,0.031630063899302396,-0.0816691583219597,0.10293867378422299,0.044396847003937326,-0.09014578205219127,-0.024153429408704317,0.0549097670052286,0.23661492911952528,-0.025294544625396514,0.10620715728381046,-0.07822851636231914,0.06430403816145006,0.1907713461175459,-0.011354588332624897,0.021163878247552295,-0.08361020053405475,0.0028766987554664203,-0.02322447327090945,-0.01688915102246249,0.02905905026891235,0.1082992778831648,-0.037460966966181494,-0.028897192064671565,0.0283085126555106,-0.013801211424907563,-0.030867691452253522,-0.052220976115525834,0.08191295187669095,0.0011812445320782464,-0.009623502975433887,-0.06266285818497036,0.025100953602621778,-0.039815844782847956,0.03340676800239347,0.02527344037197143,0.06592677193168053,-0.004335298796406565,0.005351766269656255,0.02952191058602287,0.030577923378887165,0.027961323965987217,0.027357769652350556,0.03643405606352164,0.029996746192530697,0.04550991139599786,-0.014923539342851245,0.009111786973424315,0.0649514527124779,0.03336292437080283,0.014251784000721851,-0.06058112738291682,0.02136243942439382,-0.0002644683576882947,0.04958640738777097,0.008711490295776522,-0.016196991427239,0.0048515349768474434,-0.04126740793920409,0.008268822161114507,-0.030972467036183,0.023198894510091467,0.022285486793942808,0.04288155215832101,-0.006110462458995393,-0.0113517332500158,0.018835973472601988,-0.09006819907059313,0.00859024665102389,-0.012982294252895196,-0.01210314080935807,-0.01390523123972621,-0.02312773934995979,0.05454317535783688,0.002681938683397149,0.06556264107916067,-0.03267189304250429,-0.0054840632951948425,0.10726171061188627,-0.0334800960230791,0.04435356721366551,0.0380133035677803,1.9448125831151438e-05,0.02993633221441102,-0.04881574104392866,0.01206236698461839,0.07381433628158926,0.015181346048181,0.032427814245826955,-0.014363916429336892,0.0548301923576425,0.05473531372259134,0.02658648723363751,-0.02477162000886428,0.012019722230966744,-0.0061237163123539036,0.030768069623140222,-0.018984980023146577,0.023035455040304086,0.009676576583635764,0.023202841840990335,0.05556193587591047,-0.025997876015858772,0.007719905096709708,0.009054654178416291,0.004705789350038609,0.03461969797023326,-0.005376713097525603,-0.01533785277363896,-0.0056120804508931425,-0.029096852185103196,-0.027748282814320787,-0.005093935494025677,0.022182293923887896,0.016190748664881707,-0.04962270197739373,-0.041013924723280915,-0.016988999057520073,0.02478951273167661,0.13045122074430696,-0.011702976574838417,-0.02572951190774844,-0.0026802323620177117,-0.007174556729207912,-0.019322715512270886,-0.03807248217611304,0.02005210844160682,0.03128954743873666,-0.04140613298895342,finance
133,0.07754409903323499,-0.03265820616568222,0.01561675833177007,-0.07027813775752827,-0.026979416457966608,-0.006989938992681679,-0.06964867431351865,-0.038700826894812045,-0.03027554905371483,-0.02789781640984345,-0.005046244270969849,-0.044479588756910236,-0.004827238790517967,-0.045323756440783215,0.16660446199146256,0.06255764397608311,0.12568014739369074,0.04590191995583387,0.03218002236225245,0.08626508452775071,0.057571814007082785,-0.047299947712353234,0.08949494708723077,0.01926313201875826,-0.08805545244195707,0.03740484464207412,-0.004675843196413138,0.1502261716499244,-0.08884647833271496,0.11463156487415398,-0.11036313894396231,0.09341004356280094,0.007726665145896891,0.03766048727688643,0.15319263608971193,-0.1445027746627516,-0.18891695091979316,-0.10129874014841418,-0.01426388157631527,-0.09759368550786628,0.03823820463642606,0.04984498516195712,-0.12463148830932823,0.08264405438799827,-0.07523440616293667,-0.15833991516119686,0.10058297563108677,0.08589301576084721,-0.11880585248599908,0.017022223713093285,-0.06139484355617352,-0.0443463125379438,-0.1700661818354646,0.017269108773233854,0.052378810827958686,0.05179030868610453,0.04691542779173337,-0.04585332877561495,-0.04208820155264741,0.16240604388386562,-0.09642816419806023,0.010545272921545066,0.0649306484820465,0.003191606246510059,0.11876629815333498,0.118030264863798,0.024015046680297244,-0.09954370228307817,-0.0327112137474006,0.04903621579491844,0.1254708277237239,-0.07665368069261867,0.08293868016639502,0.050009543484951374,0.27208800682073553,-0.01695978008807677,-0.1280621804864949,0.11048859439125762,-0.003003866389547813,-0.039307735884669154,0.062257152573517764,-0.08165129170309443,-0.15160603900719177,-0.18748414142844055,-0.0202841268050382,0.0954105920775975,0.0347960997113949,-0.040911989269968405,-0.1296154850349512,-0.007400540615237009,0.16264246201486066,0.0879248073370388,0.08433042361158413,0.11121548415446218,0.058613222548254934,-0.16606745354271657,-0.17054763004870144,0.07212270207093094,-0.101322320839904,0.08342318966260472,0.09225191192059032,0.03655030304869065,0.030988338926609616,0.03427361667602203,-0.04216793951596628,0.0653106641317835,0.14058604690957868,0.016997935439721334,-0.10310522059249279,-0.061017458001058754,-0.09053487047179694,0.04386613372458888,0.03747262098143305,-0.018432570644501,0.07911256306556691,0.10212201701279154,0.03755925469444077,-0.10291348212008584,-0.008954018384950989,-0.03779591142482593,0.009455481808208441,0.019006070564519563,-0.023731004188685272,-0.013919254051486068,0.006932438503380774,0.0028971917389388866,0.04940885600035011,0.010793360651800006,0.023970262225127086,-0.019968151359628407,-0.002536034264573673,-0.002041861490852587,-0.03126501633142999,0.004656007162845788,-0.007461159994966005,0.026718642277204815,-0.010873482248223617,-0.028568180885955502,-0.0007194292758515194,-0.004522706594356424,-0.007213338473266925,-0.020245016727102418,-0.015215063430534876,0.011533619026823396,-0.02004439128658567,-0.019197212244170574,-0.0317831425947061,-0.021185064170151768,-0.017615684077594194,0.01770983668326037,-0.05725241365446444,-0.049868373904201665,0.0390661548728831,-0.010328973642325536,0.019703845752124756,-0.03014206617292248,-0.01999622055456699,-0.01892958850957471,-0.002201001279355895,-0.002188426719171504,finance
134,0.01924109462335709,-0.015034646314828225,0.03811411017855723,-0.0580676777361345,-0.005122046156821665,0.011610391285639884,-0.05577514964785281,-0.021902264456001377,-0.009995259071243406,-0.003126080855015257,-0.031511572566971915,-0.004109307525684759,-0.005005830305809212,0.03270189273299124,-0.04177894874338717,-0.01795364253102149,-0.026337697158480358,-0.002513924059565221,0.042116133404757415,-0.0009341631137581158,-0.023812444912274182,-0.009551539816500892,0.012886895547596124,0.02223124588958925,-0.010101235193507214,0.004319350812834259,-0.01379654610063618,0.039258503350374424,0.00885774667549977,-0.024166212349463027,0.054848480607377875,-0.0038628034804205603,0.037342402489045204,0.05551825348591878,-0.05052984492725981,-0.06815165699931616,-0.06549810915972437,-0.08514074663573652,-0.11143972601535933,-0.12617078980452628,0.005165561348952822,0.20769550990219135,0.1357523871343794,-0.04387636937138925,0.11050468814173837,-0.10734468270652597,0.09409071530109367,-0.1530786252153675,0.14761061016494767,-0.25284830705322736,-0.11663560916231519,-0.06988414109241706,-0.20491874774590194,-0.03675465959284625,0.0005517428903671445,-0.2874875867029358,0.013776890787027266,-0.3798947868725588,-0.000940229237109066,-0.12519603209694996,0.027770812598560648,0.027448240992432572,-0.17703098921546334,-0.18645338876540613,0.017191272421469398,0.02199364366793091,-0.10056196673369307,0.052120960119025644,0.3233011640282817,-0.2169259274196468,-0.06347199136287612,-0.016300748611960864,0.07024174794743722,0.06639225166044324,-0.07364540807569696,0.15388458998906182,0.071634261324355,-0.04344394460747672,0.1299947839044315,0.13309956978534052,-0.06337523052434627,-0.05655495728407258,-0.1324598725326676,-0.10118628728438298,-0.007460259203536372,-0.04490905862084159,-0.09452214815144264,0.004775453366188139,-0.08492507108110589,0.06420713824818505,-0.01227374577203833,0.0082348253142625,-0.04195900255087441,0.06149964692058882,-0.002046200074723829,0.018178095105767803,0.039536209935358536,0.09527463599163863,0.04287196470075708,-0.023489542337548606,0.003370451490287703,0.0517795322801634,0.005645737003790254,-0.0022689960183568383,0.04808412922177786,-0.05846917373121819,0.04435604076489583,0.02589371098227085,-0.02284037923342726,0.0018392060231182626,-0.06317797766322532,-0.0006748947419426834,-0.001841944808408865,0.02407078624104842,-0.047901064919343296,-0.017088387194509273,-0.027273164749782624,-0.028546827071720158,0.03418089868795132,0.016471728814511057,-0.020557161205632335,-0.022541339657694316,-0.025265290207118266,-0.03525651105040285,0.02820837097580544,0.01621474682449009,-0.006926708179746795,-0.023359310688095613,0.00835329081270183,0.002642280236335984,-0.0036216961202782975,-0.013163760409433845,-0.0163528274309609,0.01987008344334047,0.005724091509271691,-0.023425453570940707,-0.0034457596926933537,-0.03350937936405011,0.00646126628663703,-0.0098106490803898,0.0022662587646420877,0.0082800967241241,-0.008226683823531243,-0.003379968170316615,0.021173642671823065,0.003183479563845179,-0.007315636655889904,0.01198762903189565,0.002479299490329204,-0.0016451665157283949,0.0007996487396942257,-0.009035435333415935,0.000815765111107718,-0.006212583328412417,0.003643213277675337,-0.002940514180607118,0.003985531554399894,-0.007339365408902081,0.00791182247538418,0.0048020781890824316,finance
135,0.08223747690065415,-0.029852091721188516,0.03736503543672543,-0.13148578961147575,-0.0665959066196477,0.005204905299108081,-0.09365419114364952,-0.060766852200005585,-0.044374515349440286,-0.013483252750062279,-0.1019568303819833,-0.22089255936484314,0.013563561821722492,-0.1661242620746157,-0.09905570789705778,-0.090686570807174,-0.054265465812181765,-0.04429211835847831,0.10912949738846722,-0.1371650391748923,-0.06428449374950819,0.14201211253374377,0.06800999089940662,0.0006662297921164292,0.18652443377061692,0.040151486765095605,0.02576516485277713,0.1729165248096632,0.11163904013977564,0.003986368470352491,-0.012106972912326572,-0.09507076572868096,0.03574668279318832,-0.20452708389837115,0.02182842198803411,0.032925704047122695,-0.056866325466051644,0.22091300505682795,0.12618201381456912,0.029362068603657483,-0.08585534680953606,0.08411928407228451,0.043906006219905196,-0.042871470924601356,-0.09939891930160383,0.0018439596992063751,0.021419215380671285,-0.018523225897413297,0.061916085408374615,0.00814377820808921,-0.01461967147889687,-0.053495466164856405,-0.0862458196776721,-0.03435637289202052,0.02556811999074511,0.04890113415761636,0.08931913527504595,0.0259530159985369,-0.05440222392043547,0.0298401163876123,0.03622623339852007,0.02749036356099534,0.09469345316550577,-0.017864471016695388,-0.0040130108068983615,-0.007879026661147192,-0.04178927557516494,0.027332569095206777,-0.0647101019732194,-0.05841621515094311,-0.04692723212624714,0.04163884596032249,-0.01844824627766615,0.036482458849171076,0.03612978030989895,0.06520894272642852,-0.07584269174899969,0.02175048419249726,-0.032527708126071676,-0.006367684802841909,-0.022201946716494517,-0.08233234586533174,-0.038784386184867924,0.023914899196428124,0.08355105948824063,-0.02626035978064984,-0.05780511910344461,0.001882099771980171,0.07070261800791396,-0.024585278348839456,-0.08702796012472748,0.00197036598865829,-0.12963400573900555,0.10168961125586239,0.025557204259840902,-0.006460424036311828,-0.030203615519361758,-0.08188054259814075,0.18418572038101144,-0.06568947354356484,-0.054140798040716816,-0.04410361213398642,0.11189205991462826,0.08876752959833312,-0.14300693941501205,0.10340054637485727,-0.034332480731772884,-0.037521787550130546,-0.03779446120687125,-0.07464289243401691,0.003149532104631157,-0.0704984938913155,-0.017901221819055988,-0.0676154722762201,-0.13161449412236553,-0.02494143342556219,0.11777242919563605,-0.21941048713106096,0.005547843934879599,0.308469275373133,0.1038668548719402,0.10766239536276156,0.02707981443994235,-0.045790007654896867,-0.028828655054402273,-0.06380560751259957,0.0951620462745643,-0.04049598847204925,-0.014834084304121278,0.021229534449926084,0.050461709976878245,0.015294069360318586,0.05513078153315444,0.019221624855352858,0.014976765068020802,-0.08386386066800686,-0.09054382520532563,0.01097664486702506,0.0016489816335188564,-0.058787014311021984,-0.0040730867989975696,-0.05338185999750793,-0.013887846645473373,-0.011599753612515105,-0.036925610121390715,-0.013365064628374985,-0.018536233655226452,-0.05049558015619927,-0.0023760270469973333,0.0004876144167060548,0.018985587758237672,0.005416129369734351,-0.01092348571226059,-0.03194504901523414,0.031357964229968116,-0.06514543081852095,-0.026630275773511257,-0.005593399317210107,-0.010156516810874927,0.00517501637049939,finance
136,0.10230819450158317,-0.021755678750218967,0.004623344450882103,-0.045805236768200336,-0.019340571670743694,0.0022203557438960626,-0.05123289447094822,-0.03333352977236078,-0.010618848766242937,-0.019205177732171314,-0.006537103981161252,0.027140734111328273,0.007859078716393719,-0.015434471372975347,-0.014695445326503132,-8.792027885410606e-05,-0.0037237463921549886,0.02636387544760719,-0.041877849401105414,0.05023581532842102,0.02521097601913441,0.010044354261549619,0.021926295045707263,-0.011215168471717782,-0.100186049974414,0.09246830677363603,0.013912655294151689,-0.05154127555009734,0.003442032578590267,0.12328926951822936,0.006169306610228392,0.00924950693933343,-0.015239800828223727,-0.005555540338253731,0.10059369016098232,-0.028732322204402243,-0.2879048676792326,-0.07725994673917526,-0.09861532364688023,-0.09273456608290696,-0.08990338217493091,0.19108818699028163,-0.2102597505115688,-0.02484362862100025,0.1549570125755446,-0.21965322282034147,0.1338514730563444,0.11421798507555075,-0.018944081548295962,-0.13611191599828246,-0.10761890272551976,-0.03754780875382694,-0.1398436086340096,0.12926326076977276,0.10264252983493875,0.054585600549274645,0.053865759215555226,0.011952858924984655,0.07641356631749631,-0.132668459863585,0.06604269505227471,0.04535151677169469,-0.03467357238629452,-0.01721536875732214,0.07521167675144777,-0.03800063095710674,-0.08926404949987023,-0.064980732770788,-0.05571654385730425,-0.01295203807629272,-0.17546096976350578,0.03903828888282559,-0.11314507753607767,-0.023485391468815647,-0.1504023822259034,-0.011740812797794781,0.032351705290151966,0.10422131618201108,-0.18130758290406346,-0.07883254615184182,0.01801077543923671,-0.09701484799423661,0.16575323591603403,0.22066602090800033,0.04785985461873373,0.06544646217132466,0.10408342916061467,0.09020554858715026,0.1326835741211038,-0.10219264230764195,-0.07490924673737484,-0.04815663368905297,0.1561340490046425,-0.1831582282649787,-0.03868979330757889,0.08893911966599646,0.02345351792026911,-0.033060494261224815,0.08357574389917781,-0.014749790059317537,-0.010626583012594733,-0.15248923428957445,-0.05326375650741386,0.014139346803302106,0.025283573789817337,-0.05188150641700954,-0.004214459739296502,-0.031657575528623735,-0.06571434307090113,0.09879512981118937,-0.010436218710998623,0.011074366518030497,0.053047509883574116,-0.0590603812818583,0.08194103523567571,0.028911666115706166,0.0887537520042932,-0.06057592482401163,-0.09934466462518966,-0.0303468336695452,0.06078960156430666,0.04424984300838408,-0.0316379511611585,0.04933559039175844,-0.05358303177563828,0.035353072872445046,0.018000197950367048,-0.0009763752429827288,0.029220697541203735,-0.028592145602103096,0.01390075782369283,-0.0315341225913175,-0.04183096783615422,0.013841627957592667,-0.025532819969850313,-0.011660811291017746,0.018536946301905874,-0.027933345619324403,0.024790758276391937,0.004697372445722344,-0.008597505227006539,0.030220959039868763,0.009517763836420914,0.020200224106275304,-0.025116951149510576,-0.006815695430786636,0.023943905147987252,-0.012086170664541433,-0.004332081053195236,0.003236817365117105,0.01940351272025988,-0.05572985283934806,0.004237732996852846,-0.01408650956815472,-0.00678893599658149,0.03005721512806732,0.015329620048585707,-0.018996943290121564,-0.00220137804661386,0.010772966092043944,finance
137,0.1071306326786344,-0.04736537639906358,0.01819709370476409,-0.10274884217597022,-0.052265528443710386,-0.013102756097845796,-0.025215293660016198,-0.025496882091671485,-0.0058036010939624865,-0.01621462362362235,-0.10146519585482923,-0.029185034168280683,0.06934172904682731,-0.01777678805982051,0.06110194902998285,0.014456537483504584,-0.036889761265427715,-0.012280685344626693,-0.01500452159529786,-0.11567040592579708,0.021831622866195086,0.024388042490944305,-0.057154220173583445,-0.028237958931738666,-0.027674762152885387,0.12530063088964613,-0.16415486321730063,-0.07355414614736208,0.15356909871991006,0.10933976217308972,0.09166166752413284,0.0032121874555997667,-0.14479484240761567,-0.10343512981548393,0.06079725153830661,-0.10515220534172386,0.24327181110386625,0.08581347238050004,0.10232377459567504,0.16877662444426134,0.231891718973764,0.19848606152969175,-0.13722645555482074,0.021529152478370908,-0.06702875718648721,-0.00865360315518169,-0.12061840116287055,0.13513208504097568,0.062373650342540735,-0.08484817438529854,-0.04426913509152574,0.030466835834050614,-0.005845751311313596,0.12321551856759835,-0.13770344111297356,0.07641329313508118,-0.04956049502857228,-0.07927277691344353,-0.12142467235968205,-0.00271647641412436,-0.011082078117080325,0.012508426686410853,0.01719092206979687,-0.11315807861964693,-0.00686178238772922,0.07660787424394612,-0.04357362953223996,-0.016896084981921283,-0.053527438767250524,-0.08152752638692837,-0.05340201375105586,0.03602653295996649,-0.007292657620095487,0.0005162172176059198,0.027545315567899385,0.06038924683667273,-0.034242650211121814,0.09506954406690228,-0.0556516612880159,-0.0009228080354301237,0.04889109528467964,-0.015553201579479677,-0.05636376217721829,-0.056189258679201964,0.006830722980556277,-0.1955586274829343,-0.12077551065036031,0.011387820021779568,-0.023261094016909893,0.02495635954467044,-0.11831912858102427,-0.09719222769635294,0.005224857096069002,-0.04456436688328512,-0.03527672955796022,0.0756653499878904,0.018650940718449353,0.08124765825693114,0.07993044766775895,0.019994803164762057,0.14263787251063126,-0.06981108333452128,-0.08164757442931168,0.045340209221108096,-0.0806691849083805,0.17292226647147563,-0.023162944250557062,-0.12892248996749062,-0.06869785070986487,-0.09946449775377109,0.036175458142380996,-0.04049223948757915,-0.10380666853621182,-0.02995031861334214,0.08518698603146413,-0.047319333865359886,-0.09348008660496207,-0.003199031503711597,-0.07357237811780681,-0.1671645086184495,-0.0037831496444198456,-0.0720242417719445,-0.07163824827949739,0.03251804287945919,0.017517532428154754,0.02217985367209539,0.021677947270488038,0.062013089441606745,0.02186989241300372,0.0195151992431388,0.006460312705946554,0.021668663610826203,-0.008541953346468746,-0.046244785633803825,0.025932207425613866,0.16416510676708554,-0.02538799497836375,0.03955887937730289,-0.1486920464951228,0.055408792829775524,0.05114319158549807,-0.00630574511491021,0.052036305607823574,0.04663006363265236,0.025242045726739652,0.035972885207674346,-0.03209591635672502,0.009191567765964437,-0.028724489755992753,0.013425317342737534,0.0033741314771070273,0.024797961512110132,0.018625053401888705,0.024345217583491736,-0.0057841355491387945,-0.02427736347505076,-0.00881876075736794,0.006277255275008691,0.006149871993666237,-0.0035190419014681056,finance
138,0.1489179034378823,-0.10185159256430985,0.009348310481562264,-0.11979038645421329,-0.10039833001590949,-0.0014393827997847895,0.27168863783980673,0.11829321280114795,0.06554580951147249,0.10735675879473171,-0.19617500828554796,0.2831404451694179,0.3219061723701165,-0.12770026097774972,-0.028988444544067748,-0.03736507518338654,-0.029714992263521305,0.03007025799379302,0.028998055431291015,-0.017150440494366433,-0.04254051347476732,-0.0006043869517593234,-0.08978110836855642,-0.01902705782501072,0.021576558087720545,-0.02530853699002869,0.05111681225064258,-0.0032061966129087196,-0.08444536956850837,0.012273788595972269,-0.02590700186619245,0.00483389716493935,-0.022251939819609223,-0.06432723813411902,0.10230248871740776,0.055235363163938955,-0.07827612086823452,-0.03562140962535646,0.09380993182271029,0.215551371207877,-0.05175069279989659,0.09279450134631957,-0.13026519529130717,0.06417818784641732,0.17945004485837276,0.029331505456073208,0.04611741021491316,-0.07028797570083209,0.04556198639252507,-0.049832481713772324,-0.03953671965020294,-0.0129689278679832,0.12769553349772553,-0.045629029932742655,-0.08904585700467679,0.04569330127802355,-0.008732187395481376,-0.01908144018418046,-0.06850747808725509,0.0781800320345877,0.01802872808518223,-0.01884942449107274,-0.07834297916262574,0.04191550512535638,-0.051742671976304264,0.06257887084763004,-0.07648034146637349,0.050385086262591125,-0.039729880755118,-0.025318878227831673,-0.025252446012478537,0.020041843797462325,0.020962174965318933,0.019445244783024358,0.007176730620431248,0.027545601357592292,0.06177901880039767,0.02624809834059061,0.036977718196764556,0.11235421854201097,0.09706985661922225,-0.006051015850657402,-0.0858430998302551,0.028443014681270785,-0.045963013660109645,-0.04027052832413739,0.043162290490023576,0.022139656993822192,0.05440894900147185,-0.05839496499998336,0.02459911931868362,-0.04063456851370522,0.024499200196949626,0.06909444067844153,0.0931979995038919,-0.08895178609738717,-0.014358668787551699,0.047670850598073966,-0.10024261571153872,-0.06859246377939449,0.01950815045970437,-0.07755745507599152,0.01560341765517973,-0.08796866023315354,0.03722269040611464,-0.014303425261756042,0.02246891556233549,-0.00651350068568289,-0.03550038577877856,0.0938729182318467,-0.036801606845512015,0.004571912923850702,0.03513498473227244,-0.0022178478720095455,0.04494129436819013,-0.03328925589873276,0.02495471716402687,0.046598673998481985,-0.010956633424868559,0.10426647927791242,-0.01945850548154676,0.06430803817735628,0.06516302414561805,0.013459939232155159,-0.02986160199093775,0.025169944509212977,0.019266218559357236,-0.0033654281109047257,-0.014839621552346737,0.025705594450503293,0.012718487226031054,0.006871283682288486,0.0783614607938488,-0.030095571012979116,0.03443210385886772,0.006228967941081993,-0.01660994989109086,-0.008397491035878408,0.011022324672635298,-3.7518774148592584e-05,0.007634677619636306,-0.019119340127776868,-0.0014254939908962619,-0.004951041829608059,0.015036826600669106,-0.038739505205140023,-0.019880456978547303,0.0138228611201263,0.008962645484453462,-0.0035960039490887555,-0.09355392723739607,0.04205819404987465,0.026652570806971348,0.00820785619096586,-0.016003064711088623,-0.005236170911849073,0.032505746304727155,-0.007839264130595373,-0.02712257633404405,0.025900795409125394,finance
139,0.0895826026956962,-0.05761705530882916,-0.004473716541882384,0.014659249062992494,0.010235210474366782,-0.0009222920741878452,-0.08499326920085563,-0.03712225176907804,-0.015497485501637194,-0.011616407599922178,-0.011451227646788433,0.0017628617538821964,0.007287891280725434,0.03270860418979045,-0.03441807251227044,-0.009553896121799431,0.00028212946810491675,0.0168833298708905,0.015256389724286048,0.044297206862082696,0.009972285724185676,-0.027372859963858076,0.05990361450719746,0.02276446963731284,-0.08902706783877376,-0.019111023713413312,-0.026582571850604697,-0.04154257433735585,-0.10473446496193993,-0.06858845929650008,0.11058641903837702,-0.0888196456783266,0.03506110181405479,-0.025236140651758235,-0.018777109106022052,-0.16673971247262448,-0.1098980035228955,-0.1477161263643037,-0.017717619686218534,-0.17446437994833155,-0.023986938811124826,0.3661056560296844,0.08547490775793805,-0.10119152449414646,-0.08501616526365191,0.11370479321965937,-0.07780095239459962,0.07206451902688363,-0.16277612582682585,0.020731179518051944,0.022203808460313376,-0.0614518024808828,0.28406034539856784,-0.1279983130170838,0.03651808094001707,-0.0009811429036646095,-0.02047286575478485,0.27683765415936606,-0.10135458155449246,-0.10584849450572867,0.05470860620127838,-0.07920403468528002,0.017952044132099432,0.1084504705339186,-0.06228091798063357,0.006983878038829838,0.021692167928897166,0.11489722988641551,-0.10024233587553075,0.006833251530166939,-0.05373179956364629,0.062496516984535205,-0.07596054561285212,0.029975324230873946,-0.007445100946094546,0.010864344748725961,0.12490928169489976,-0.10410914642736831,0.14802361169008385,0.013520337314324633,-0.0875575509368014,0.052179001795780514,-0.12115541291941975,-0.10153452663999478,0.03673458986576948,0.03398317992936323,-0.05448180351015133,0.004583601999773588,0.14956054511924624,0.22133476854019857,-0.055463585884102724,-0.08678707654884463,-0.053884730390147656,-0.07677523973701755,0.06391636544045015,0.06810786831659166,-0.04271039657116513,0.17988997922430386,-0.018955869237730738,0.02023759014388994,0.13734090431745957,-0.048668438902187326,-0.03302426048145723,-0.005242699668415416,0.04294113579336744,-0.03547607501329551,0.07328149948747344,0.05847899663434831,-0.024043414530418788,-0.0372611475824724,-0.15156110036532489,-0.013837946900281149,-0.04209339001822949,0.017778052587439197,0.046039292169005264,0.0787494357389105,-0.0032346122919097906,-0.14362176072260496,-0.025370272193077272,-0.016634933383524217,0.10689066998016501,0.03501844313230103,-0.013411160910171704,-0.028078763532954475,0.020106354121660452,-0.015475057407683228,-0.006771766651046864,0.024471749641645366,-0.0029024974293301964,-0.0105344450244512,0.029081624475774767,-0.010874127754897892,-0.002807288465719162,0.023370896899790574,-0.0036393892814489495,-0.04120605486178681,0.014018402280509344,-0.028207346460012425,0.006249736200358864,0.050185758428642396,-0.0028397591175709606,-0.0028764102591044955,-0.003958098687041106,-0.00837829600614149,0.021612302010393963,-0.015871087727049867,-0.017475635915281323,-0.012791290599134609,-0.0028674839037049413,-0.00047135549869590815,0.012117198553545034,-0.0075610927257993696,-0.0031741933060977163,-0.019061721853194352,-0.01356473180764528,-0.0021121131492931903,0.011129797809176096,-0.006132055027127901,-0.00014007259426562072,-0.006643442182083832,finance
140,0.13752965456224378,-0.032567169938541855,-0.017587047890334887,-0.04759995922635308,-0.049087781521651955,-0.00016283182218307743,0.07290973384591883,0.02475639310940923,0.0030473240163368643,0.005221267646227614,-0.05700264734346389,-0.08331016127269177,-0.05776007246006242,0.017385503007257826,0.023932829555695118,0.014464402360892484,-0.03925010182706241,-0.13460498875841276,0.02519862035213749,0.028084495637939213,-0.08718538646932263,0.03982817633484033,-0.07337141207374953,-0.002985610276406434,0.07360173523886171,-0.011917492303304833,-0.12266921173732245,-0.08337575003197556,-0.08173916728465286,-0.06468243356531027,-0.07750675183362656,0.03645649577428102,0.02171726150483679,-0.04023920426851371,0.08404024813357013,-0.023356045249723754,0.012063308137275838,0.09830872665269069,-0.06419951538949427,-0.14190185070677436,-0.02546766872690695,-0.0560321390341229,-0.07145862302734768,0.11412865985613381,0.11034321899143613,0.053696660471098126,-0.07251248197012412,0.04361411593813776,-0.10293747470791277,0.12116770806351254,0.10179223772724133,0.1382416590731192,-0.14049131769467993,0.03683446967991795,-0.14206976359237142,-0.08698026758010027,-0.0002025109927947397,0.038511480169021874,0.16573137410110142,0.11378301981395096,-0.019580178124921452,0.14580207580639934,-0.10222852028684831,9.699613451802232e-05,0.09792226683993849,0.04378905359360926,0.25048416302202314,-0.028164945950728732,-0.1236362552177148,0.003944996559671339,-0.04566590817990193,0.08752391382268741,-0.12516731710062057,-0.08201076127961636,-0.07768064873913734,0.19274488833121822,0.044800518004455746,-0.1804397192095286,0.08721993647198256,0.04975782690107796,0.004398121541640765,-0.2978022361237312,-0.17505669550851163,-0.004235035754685753,0.0643204421288274,0.02781432523670993,-0.06291067427427247,-0.03963323459263146,0.07703108448656584,0.06110697184766599,-0.06268593319242033,-0.03947803090758675,0.06068498478712436,0.19501372214947252,0.08260175552654694,-0.011785068861414609,-0.006308714037599433,-0.04486454505863131,0.10693081077720895,0.02789682630735408,0.03282288411014196,-0.09587401394329857,0.10581336953568572,-0.052564581258530384,-0.06899839808512657,-0.0821345677884254,-0.07096200210887772,0.030932926330625728,-0.003695460632779461,0.10671075218798111,-0.004099101099580428,-0.029277764760397663,0.006263959908954055,0.04524870480227509,0.03640730176845655,-0.028741782096528015,0.05837657991670343,0.04949276331663663,-0.011950597235389802,-0.15417151370978202,0.05947838550665087,-0.006639399702748469,0.025999901962756387,-0.012826745983667384,0.06182881649794496,-0.0571383088075812,-0.046466331089237096,-0.14090712814157558,0.08077895762219346,0.05011229438723348,-0.0224234835060369,-0.01651994355114377,0.02955915660677104,0.009371322093081025,-0.0017476167923132651,0.06617871413383773,0.031974249133898444,0.01948684512583894,-0.008470845330279609,-0.02526733454209696,-0.023176581762734284,0.02426379702786593,-0.014593631241690096,-0.005342263214618298,-0.012192614617680649,0.0271950709019577,0.05086604328028516,0.007932424150939149,-0.006361738030231768,-0.003758408696583688,-0.0062119844999947715,-0.009592088015080609,0.0016196096006276563,0.009388607649036238,0.011444026439913414,0.01101766513593046,-0.006906552299060256,-0.00633821902825217,-0.003065431287302333,-0.005907724090196476,finance
141,0.056886129195824246,-0.028309437035237896,0.022282100460470133,-0.07007347348289499,-0.020146485423224385,-0.01039646522450062,-0.05476947072390235,-0.024734585308182677,-0.014130947528829367,-0.0009102382151522089,-0.03787922283578051,-0.030073889071284526,-0.005839230967162052,-0.07369109892089218,0.042130777105859024,0.015275388347966686,0.07626774908027882,0.005655614899990667,-0.08414882656193903,-0.009272867193673928,0.18417410173799081,0.07879971954471901,0.2781872717049946,0.08163313467676014,0.11079130854102243,0.043439863286510234,-0.21509452961099948,0.4694589116890367,-0.14248871017584455,0.04861907133732019,-0.18287582454225906,0.28771911093511093,-0.16241999067602683,0.13201715497225608,-0.0033667626932304584,-0.17816623709431723,-0.030510121558952354,-0.04737962226950202,-0.025616418143221596,0.007069626711866435,0.021024319699315928,-0.11041672447644507,0.046055190399561845,0.025686167418914635,0.07793226501991934,0.04599311919843263,-0.028770008480428426,-0.011908868227976387,-0.01269168080398661,-0.0016218399371345366,0.017595890671759016,0.06829904309850592,0.12800807665213387,-0.012218828087515793,-0.06853369565156081,-0.034761932280469615,-0.06928768020616052,0.04579023617848418,0.04706292673112757,-0.06375919763717393,-0.007951878846460817,0.020962926170818585,-0.048528206483113616,-0.011849142047417324,-0.03326257248205089,-0.012838107059004173,-0.005751436534277955,-0.02426930438205961,0.023388607561069103,-0.03715111221288048,-0.009873797135090524,0.0034036487952354673,-0.015691531759549477,-0.040943843566841776,-0.10708295251496633,-0.05851117450111925,0.08122302126207288,-0.02934289110901735,0.04562450796845442,0.031185511641256318,-0.0009443900724621118,0.0581916229788736,0.04557807916184906,0.056715977123031044,-0.023848142314283186,-0.08338663668450721,0.01778875939380535,0.000509008940709339,0.05501939004111538,-0.011431529331095385,-0.06416710615039342,-0.03141121110952823,0.0049120771803571935,-0.07695496396794774,-0.02572801383918653,0.03676279457469317,0.04974481409230508,0.0022901259804945957,0.03792650788262101,-0.032685937075092375,-0.014622964623183118,-0.01916766561219604,-0.024256411940610758,0.011834501323779216,0.037809009761296364,-0.04647824479556231,-0.00045996262499880327,-0.012886201501990605,0.010140822337857439,-0.00011941403341528903,0.011600970808525983,-0.03427409772764679,-0.03382080725051827,0.03339670025029519,-0.018152603937369092,-0.01736535616743332,-0.045806274752028565,0.0765656427454503,0.008081947850969273,0.0007082061353881476,-0.026698789884312756,-0.032978181251887395,0.0020603970420135635,0.009018218471895158,0.032228267143611405,0.019938232132372117,-0.00524982049793414,-0.03684773255181943,-0.0026084143755373845,0.00650649803695533,0.01333821628029936,-0.01996561000602919,-0.002698379652635298,-0.031099554110465246,-0.023026310542681998,-0.005013852251797558,-0.05413017453084583,0.10203896136198144,-0.04062008947864472,-0.06613957147251845,-0.039301034123312706,-0.160723538066519,-0.0787961157693301,-0.025360164333205277,-0.037588888666410115,-0.019410473935208287,-0.1376607556735908,-0.12599750532836637,-0.04827799760956107,0.02081741991382394,-0.1590220981754698,-0.08566638198109619,0.06113172382471739,-0.013533717721886758,0.04921636881852699,-0.046311858648116176,-0.02079621473754702,-0.027582140153825794,-0.014284282916621899,0.000652809421889161,finance
142,0.07741018549060368,-0.04053950833582933,0.04671369346407438,-0.11778030141224614,-0.0525661619785606,-0.009442596807178428,-0.11084129936658305,-0.05913948175873912,-0.04327677666728361,-0.04300073052316547,-0.0343808332759739,-0.03399870670655997,0.039568389213162,-0.06658486049524055,0.24073178026201403,0.09452230892779782,0.09369442955969781,0.10662541215888983,0.1017192515903445,0.170578992025474,-0.0696059395794344,-0.06598068354086409,-0.03266293254085992,-0.03695959073340103,-0.16495398559549793,-0.014727850231262834,-0.002358001305085247,-0.11733892379205448,-0.058169611901405155,-0.03529773059928838,-0.10139552765219668,-0.0016325890422933316,0.08640696168770244,-0.0645114391909711,0.11547567020432467,-0.08357135531072661,-0.09453484658164452,0.0398177413658302,0.010903608027376162,-0.03207504952835834,0.1304466462078849,-0.07785802671359508,-0.036771673519789314,0.14041191122386742,-0.024227424452605662,0.20541648799082363,0.12394387440141517,-0.14812177314194996,-0.06144819124540676,0.09431156713218185,-0.09133072534243591,0.007495292320070346,0.010472976296973514,-0.14320823590369566,-0.05070622348314744,-0.018424186965685298,0.06670010368606735,-0.06570508390915752,-0.025685475728209676,0.05288913757012387,-0.009975698312610451,-0.03663746431467692,-0.02724017847621506,-0.02142648726427442,-0.0020206716252312226,-0.06340168236158979,-0.16564424949299086,-0.014471210556524174,0.03726186151290141,0.103749811336829,-0.010447430069859903,0.05241503127722125,0.04765808115776203,0.03682203133206181,0.025645533030483853,-0.045348731005296974,-0.025833988119668874,0.027195232066493883,0.11131193861678781,0.07452610714738048,0.0024994685650575436,-0.0194829478456238,0.04725132294960888,-0.01551316819440174,0.011643628896957222,0.03136788854365352,0.012447305014576396,-0.00403811028563861,0.0766258366742447,-0.09603487672847678,-0.15763982248154249,0.0792440872832606,0.00877434556425026,-0.04842659338674822,0.033192419850574674,0.008167018788088174,-0.004140881684158671,-0.062284208197248316,0.05845141771095992,-0.07664285830558337,-0.015241840472443285,-0.027272934917698194,0.14255381322911231,0.010070452243564522,-0.06595369192733301,-0.09976553972375542,-0.13075279404066423,0.09039254188827121,-0.1763537738011432,-0.12106784855458069,0.04028333652892822,0.03751151193533568,-0.1163316882721918,0.09971790102541145,-0.07702213317813143,-0.04975331483598846,-0.30277614012253784,0.09831956896160467,-0.16646187248039782,0.0026134462084141173,0.1751188740367135,0.08774948702189463,-0.006779201331706006,0.06499125225756375,-0.04659477395255005,0.06089639808430604,0.006275924739462454,0.056636737445180024,-0.03135697618733969,-0.06935430370399887,-0.02701039932855134,-0.024834829127089477,-0.0838542465890747,0.026066422451387253,-0.034866065722504044,-0.028319006847395127,-0.010519958430313042,-0.008734776680329091,-0.0363652798786956,0.022798864828656343,0.029865390329712773,0.005797514186224151,-0.016908728078906563,-0.03420309860853842,-0.03264992905488536,0.02526668443312431,0.0027805481284579985,-0.005589774322013157,0.000619179484196566,-0.0027627437390988436,0.037420119655500475,-0.004706060610355815,-0.026665713874415842,-0.020108485915364602,-0.010129731438542225,0.04278228198698484,0.014790304522766936,0.0024929324016801846,0.0072930824045636675,-0.0066077780313289125,finance
143,0.034186967255248266,-0.012521970942600111,0.0522122047937516,-0.08122867049722952,-0.0334083083774724,0.008851273995481013,-0.050982086575737974,-0.023370447309767898,-0.009627119521161463,-0.012124011844343597,-0.06907081395367662,-0.028036434531397852,-0.06969613333530394,0.04973930447204659,-0.09337759733424454,0.003359436292181191,-0.06258736021698917,-0.34526797450533997,-0.3477505151623746,0.5140808046518435,-0.15890666044298138,-0.20195474383142578,-0.08039879880478784,-0.028440566693396393,0.2560821567429525,-0.06977948807805186,0.04082904475857179,0.08290454665193388,-0.011354948052004224,0.029992190983331987,-0.028816073376905903,-0.007770627041127757,-0.04328765381327392,0.011873845926878013,-0.007883195439574626,0.02655932528042705,0.04796807557948883,-0.001798771726308583,0.03873430662027062,0.05944000250592777,-0.009597401779165007,0.05741533985342307,-0.03337680685589761,-0.040539625666913576,-0.037476543329529,0.003514732852367559,0.03040126050486765,-0.002948226408163892,-0.007581404873671676,-0.013220051169600322,-0.005225368492703543,-0.05977733891816302,0.03926591138643219,-0.0019784530186035005,0.0346183903476561,0.03259191078316815,0.007504284149974769,-0.023637706076290295,-0.053529942254842075,-0.013799375087084434,-0.017704593507940465,-0.048605695704328426,0.0575614133889406,-0.032938605561847106,-0.007871501633856772,-0.011871657749975133,-0.05197484401767765,0.014215810136855725,0.03676727980054504,-0.011210364101920136,0.02479862899623468,-0.020770438883776207,0.04987451406934728,0.029523530830341132,0.032985165899919656,-0.031167560159842112,0.013896608466897737,0.02986054426639857,-0.023573216516760986,0.016770684113041324,0.009677880138891053,0.06311259656633893,0.04313163907347616,-0.023587801595566053,-0.04751626893109202,-0.02466436711144868,0.015278617182909566,0.007680281925840401,-0.048042195566737514,0.004337253578889044,0.0019173146482610575,-0.006797805458446592,-0.01351546431007395,0.0020814749739074454,-0.05758546654777135,0.021618908458885523,-0.005151362646067001,-0.006332736472505413,0.005646593932480259,-0.005738041590211699,0.024103045628277916,-0.04558956477682909,0.008524299864581367,-0.0369532977091684,0.011892207681294583,0.00869295464233649,0.0031292573695948693,-0.010896346561385392,0.012979349549887532,0.003106367360730394,0.03252847331597715,-0.016664209143113028,-0.005649173423175234,-0.010491449056365279,0.02590363794460597,-0.04053594208252819,0.010599961995852229,-0.017270100451676623,-0.02318088744295356,-0.049547381498907125,0.10871115290475725,0.0911582452752255,0.0695462389493893,-0.005068138018383155,0.008148964025533249,0.010762175515856008,-0.0498216651828356,-0.15903036627287345,0.08307480684246596,0.01208158854718795,-0.026898515435522217,-0.01120408226168166,0.017401825722450137,0.005456424088447658,-0.026646373117247026,-0.0060413467108989686,0.06433133489902335,-0.011917187552534233,0.038648989013566906,0.016895771034135035,0.021712290372929217,0.01985931833286776,0.009698038475534791,0.041609287063995595,0.010189566758584253,-0.013257726093093924,-0.017131040229158626,0.014964485728199547,0.016951590673743838,0.022751854696418373,-0.019904400150838976,-0.03501692440846809,0.0007040214288684048,-0.011136150588958463,0.011547842942766716,0.05178091346019655,0.015165960988070475,0.04078446128041299,-0.04196323802776618,-0.03438063153263556,finance
144,0.08053251572799469,-0.046044678049668504,0.0421637758475345,-0.10652487400782226,-0.058778625626197185,-0.004153613635619622,-0.07598710375356667,-0.03875191545438048,-0.0280286398546438,-0.033399642779707535,0.015151762142846316,-0.0253919383262278,-0.03375197231917211,0.011494554682013141,0.13588651016379483,0.07852360989703884,0.07127747736206035,-0.021177530752509565,0.0031166747867772764,0.28284928168102014,0.06894829380354313,-0.12811004405448415,0.1011485569348942,-0.07968966531820411,-0.30504744078246204,0.3261034870050539,-0.029338928415728664,0.08140135114142476,0.17159507600421137,-0.16619820006095323,-0.010434130744148335,0.08127341544034695,0.13637755951613056,-0.039730001477223165,0.08953368040252543,0.28308862872506974,-0.15108914791517764,-0.00975153688512342,0.05190455373990361,0.08094746665056939,-0.11009438753908428,-0.027092231997208577,-0.10768522403356118,-0.09266385614732123,-0.04071918583661961,-0.0637006940234599,-0.08748665011662758,0.09238306344920129,0.054908185995470524,-0.042027915660351675,0.011512252574015655,0.06367694101098689,0.0340354436814904,-0.014573855296656333,-0.00926660605868617,-0.026628888446123742,-0.0009611431140250417,-0.026051932630038636,-0.020449851427503957,-0.0008011347160083292,-0.03680107098852004,0.003598511162536533,-0.03253745708603444,0.005639469878952728,-0.053699762267077525,0.049278065527258955,0.0745856548856172,-0.015316428089282177,-0.0106513802612111,-0.05885984969810075,0.01918612969394011,-0.04867264741670768,-0.03194173444333038,0.012649423597355748,0.04509283359012347,-0.007726014950305337,0.026271135630589425,-0.029194475862855816,0.013484279038595767,0.0003501488001183777,-0.02527014058092126,-0.007030643865305122,0.03174082536608379,0.006631194725006496,-0.022883010275386327,-0.0112977893597246,0.018996248689892185,-0.0067463463592028795,0.02771475173416274,0.012161796350054209,-0.0062811704073788685,0.003996676489866437,0.004703850687977284,-0.008630920301340713,-0.03032258455688684,-0.00926205407725897,-0.009724417475170858,0.011241874627157025,0.024984570886027527,0.014519237015058934,0.003325057321131362,0.027167151251652824,0.0006017553512292802,-0.045968643775450284,-0.009705564787224542,0.018404890145601614,-0.002097541675079593,-0.0033667622989532226,0.0004499756934017132,0.019754599693690554,-0.017622385768107495,-0.01857627346879663,-0.003121834677574372,-0.0078206813464892,0.011726029321080439,0.0343173237116187,-0.03623309863925649,-0.0031987700767815526,0.04746511156868406,0.07202149086431889,-0.04464864525903691,-0.07992780534112917,0.05637811696790162,-0.023098276684334753,0.0983979443606343,-0.020078050731238396,-0.017525506086826265,-0.10119337005852128,0.06153584397849436,0.03781616813141199,0.06000558839158569,-0.03753359404279783,-0.04448276533912368,-0.0308091712843576,0.0600924486372572,-0.18051446291854245,0.008675155134727977,0.1319187790968638,-0.13088447849133247,0.1368346058404403,0.14066899986851236,-0.076269587330418,-0.025958395781323324,-0.1981854839962862,0.11492576444157085,0.16536375739814177,0.07919903183072523,0.025844057680033714,-0.02404462113766397,-0.04479373917561324,-0.0061489495215998075,0.07296435887172434,-0.003055090343468893,0.010421776745530114,0.006527633093400945,0.0024511100815633245,0.019607375128305918,0.023201507661501062,0.02091631599289097,-0.0056803544645477955,finance
145,0.056710260690562425,-0.038559420647566414,0.03536708801562429,-0.10681252991172471,-0.04208643183025857,-0.004217539761215509,-0.07480915604625409,-0.03242136292875326,-0.007823335567309624,-0.0034636550390801124,-0.1619595583321426,-0.028962572750221342,0.10748453205909035,-0.01962682819163675,0.00582982252449199,-0.006246363568850219,-0.13405554952835935,-0.17339782525293196,-0.324832255237078,-0.39909713026660437,0.28712956755403024,-0.3386534193894322,-0.3906312842131505,-0.06269579296039783,-0.2360687715990396,-0.03663887085405051,-0.013446334209478153,0.11991730874429293,-0.08088118028305458,-0.08590459159382163,-0.0977238908664576,0.04630925808285127,0.07467905094201331,-0.0036326656529844905,-0.042533547434755625,-0.03158592114963289,-0.0019552473957842836,0.02439824037700178,0.008456084445338118,-0.06877854951752237,-0.09568216674955182,-0.07954310826057101,0.0425671498222749,-0.030813517650452826,-0.04574268812956322,0.002506318409279062,0.013603980868601796,-0.006188224392340655,-0.023293915999090014,0.02286306231165284,-0.0002687196724578814,-0.054177149927271025,-0.05243768729119712,-0.03324803704699394,0.051498427623821834,-0.035935905793928156,-0.02347588540826402,-0.000990142307499945,-0.0014209513250411335,-0.005383909963404365,0.04754280975359951,-0.0004044147368433547,0.0027161219680334595,0.01093618417899886,0.00867556454315942,-0.03160547872971035,-0.021482131189418326,-0.013723388085912063,-0.006305569018529759,0.011401959395337006,0.00511814004485722,0.002516174011286419,-0.014790719418864751,-0.0010216854489259568,0.011512203891849999,-0.01871908687300522,-0.006979914480338457,-0.016575918466782573,-0.01375820594515034,0.0023790984028957286,-0.026013040112802265,0.023591312490476034,-0.010947362238136032,0.015833259826784223,0.0027199860908773874,0.007905457373615797,-0.014431826819568542,0.0029785705907405414,-0.007401805443774273,0.010082680486936921,-0.0016251458317832685,-0.008934013815590783,-0.009006099470556866,0.0025257030396133493,-0.012086216215462443,0.010988610795692771,0.015389671353224957,-0.011643934867098638,0.014048331984427762,-0.010074832848626852,0.007644256064582206,-0.021919002814448595,-0.00531414044318932,0.008679317959848063,-0.0311861028631845,0.030506744958331066,-0.019602449547947032,-0.009730007213443996,-0.014223375553070608,-0.003973113656208118,0.003453961348241841,-0.0016307706785487095,-0.005690371911747586,-0.0018511238145518425,0.014680760524272996,-0.007268061534391427,0.0006578758616494071,0.0012188475060037304,-0.01636517192364171,-0.01606884473003821,0.00736007463602266,0.02809629491333043,0.004301862645701494,0.0031944297965538332,0.021791800730520304,-0.030014993145786106,0.02325299484746653,0.015120738086304724,-0.005006569010800507,0.0029383422615052615,-0.010473557293519816,-0.0034187314640943696,-0.012083225193069041,-0.004196085196390034,0.001129620450497648,0.011281445138333493,0.014079050177879832,0.004757591241092718,-0.011975224063772823,0.009506889884729645,0.0004104959465007367,0.01606161487666485,0.01585927525080272,0.014259123383361294,0.02074958586362998,0.011122317621102294,0.019373733127214413,0.020578187063260193,-0.009202933178973607,-0.0159761636699601,-0.008954408094826465,-0.004465256713975545,0.014761824874665102,0.011300112215693305,0.0021524105290543468,0.0028448158479592355,-0.0011961338196330741,-0.0016405119835342364,-0.00900955104282147,-0.0022559156400889856,finance
146,0.05037275319673547,-0.0330921939101826,0.041319124876763896,-0.08205406550984283,-0.03881902333527255,-0.009975632677785812,-0.05043166352998201,-0.033932558316385406,-0.019941639260119742,-0.0024918407952089186,-0.07040219502304758,-0.06587109349553104,0.011318250887702615,-0.06422097915278083,0.03461158994231579,-0.0011955577317028306,0.0222920200404348,0.03905059485166951,0.023266531099130138,-0.05429454527297728,0.0032759547885488484,0.008591447025099454,0.03952348755835791,0.009458445466739608,0.08653158917193403,0.030409116055337502,-0.11875238526024273,0.017296590372938823,-0.08392856344141246,-0.007051991944120202,0.06631778811912523,-0.05527512321172021,-0.2757897165878951,-0.09908306869342022,0.0068105852026425,0.19163779939798523,0.09366101057858535,-0.03712875090025325,-0.05240728907771264,0.055092431672798314,-0.0316692488216309,-0.011591999362979635,-0.23027006617594992,0.013759689793673492,-0.20296151638551171,0.26960887345027995,-0.04617790359697554,0.03602770444409843,-0.13503353289727568,-0.023482404641368127,-0.1550082066353935,-0.11518823439877561,-0.16778117237377504,-0.06407288011652208,0.04725903966195514,-0.13597978855845524,0.1311778212385387,0.05502082636779428,0.05893811954204679,-0.12566614823369215,0.013509002730945472,-0.08424601132674703,-0.05750525612466335,0.039335707987363466,-0.02986034876021404,-0.11309782762470226,-0.1303212283195698,0.0687971730602997,0.017221280802970005,-0.07589863007739034,-0.031525514635475003,-0.14135144666056723,0.03305251150068136,0.003434456984428463,0.1120044652668134,0.06710971672254873,0.05034655973860003,-0.17025878032538483,-0.04958701954451544,-0.12119083469709659,0.03509092711654844,0.001083020622740192,0.017223445601719154,0.014627076272013219,0.1320890364026049,-0.035792769541701706,-0.08078808179868115,-0.07560845583654487,-0.08415773752830004,0.019664057214387114,-0.06195569472027451,0.07800389844696781,0.046789153522517064,-0.10213218410885826,0.06289955002148075,-0.011307259370520205,-0.11228806374065524,-0.02424322767522294,-0.19051353096206924,-0.12790664994639536,-0.09763773635954713,-0.021083802325305885,0.07849132744222094,0.06157471206755042,0.011390041203929566,-0.06300631867514124,-0.007041189446135385,0.052496765155550816,0.11441861486655029,0.19868317130207858,0.026528122887501584,0.03982671010693279,0.0980860008816414,0.0238563643817781,-0.05621945382141205,0.13688680982646154,0.02160797649258563,0.021784458043593666,0.0784096056541041,-0.054985901694348485,0.003070208584206151,0.019020980260910116,0.03500941476622581,-0.035627856717530076,-0.010194453387326852,-0.016380086524660453,0.05341885159756749,0.021855071288757816,0.03614164512310971,-0.010054513213423587,-0.0001646264443369845,0.012165299925141131,-0.023544621407469764,-0.01825722735832309,0.013124816976310504,0.08634402578195298,-0.05519740545671759,0.020637285829842315,-0.0899895380336955,0.039614193136772044,0.049375504111301025,-0.003155195323014555,0.037435758606528174,0.044092261723339396,0.0025680115351780683,0.026625599842963126,-0.0029524173139824322,-0.0267683360991258,-0.03136480782360724,0.008157007102950297,0.012627512859904207,-0.01472224122206194,0.006645431500302107,-0.022446593339676968,0.0019746097340921057,0.007691091867813096,0.010776570578605647,-0.0008123018288157847,-0.011520715868639198,0.011268550518640359,finance
147,0.08625036195532022,-0.041990984368176276,0.029166326689724565,-0.12056623195243668,-0.05265397385225902,-0.0009666978983614808,-0.05756724881436311,-0.029627503714373768,-0.013262676668062032,-0.009023832859708814,-0.15902979135134027,-0.04771255243131078,0.11077107074677256,-0.0453939300757219,-0.013483236033069779,-0.022347396228330443,-0.1405007583073939,-0.19187146635216965,-0.31045023831177976,-0.41005246819164376,0.28800093286948664,-0.3585628331159362,-0.36241398961371946,-0.05478771694147324,-0.210605820931527,-0.020170104044953948,-0.012819079201990904,0.09793155776072911,-0.08943293560473403,-0.09761748016819716,-0.11063769880347435,0.061092228492248185,0.08460025492378037,0.004934200559109835,-0.025902537559580222,-0.020709497435829644,0.00541130426228307,0.029833187683784283,0.005943110692640027,-0.04778588799838727,-0.06152501547984985,-0.06714097222150704,0.03657598383935814,-0.04737507812250248,-0.020217490788469756,0.00028392280070123647,0.02767101777277884,-0.006645542168795974,-0.023262552564950998,0.026177172873977896,-0.016326262049931164,-0.050245591252115154,-0.053920533457809255,0.0018542196115635375,0.019449968566383133,-0.014362537393109992,-0.01030453363502149,0.010466483718375297,9.936692218311059e-05,-0.021814901684169816,0.036048789766652475,-0.017547038069225706,-0.004132403830662247,0.00541897322928984,-0.0030083655872309885,-0.0413484515484209,-0.02838485609711229,-0.004940099416672162,-0.014091388198418191,0.01865789016345863,0.007679153567456039,-0.007844580073189179,-0.01185411677214877,0.01719429540367494,0.021183495733107974,-0.01966007376916343,0.009616595642480564,-0.00015735098668334468,-0.04344615188369121,-0.004640762677906099,-0.021046179928736822,0.016864514764342396,-0.02101736968866892,0.01736531172366392,0.0002584404673747729,0.005598072688696659,-0.011905240473866716,0.008685667421451333,-0.014432958026996916,0.0012474607211633102,0.006672356208359581,-0.004150343422157417,-0.015104084255405959,0.004782469508911775,0.0008569247217311305,-0.002726566900284825,0.014297552273413568,0.01081196946134973,0.012521478137478547,-0.006471363782355083,-0.0033142697974280046,0.008794163755379374,-0.011832999649522299,0.021523852880458653,-0.02475098003424026,0.011372872303468754,-0.016931089847827735,0.005439559170351109,0.005984354483376947,-0.015881592872225975,-0.0022280213710563716,-0.008989735058003987,-0.01812710618338535,0.0018817645634138956,0.0013180622149930423,-0.0016930873887720096,-0.0030132815715588402,-0.011969052096809407,0.0036398533835861925,-0.005798122992570291,0.021640106779708086,-0.0060192189815493,-0.002149220663123238,-0.02133223759915756,0.005773372161997109,-0.010579863488232784,-0.0005635563967829128,-0.007030557223450885,0.005611580073148039,-0.004181209259252034,-0.002508988809571866,-0.005572236427152045,-0.012511179730652989,0.005351461513311262,-0.00354503449011427,0.0003793056425401436,-0.019137955235671408,-0.013045912828912754,-0.002535515962716641,-0.007249865918520058,-0.0017812546272592245,-0.005835091671760941,-0.007379127082959255,-0.00923973119281127,-0.013825374602709809,-0.008702365640323943,-0.0059569802924521065,-0.005188387022228859,-0.0005037013048123154,0.011139798393285596,-0.001324857250592512,0.0004652323975641766,-0.0032166550257848574,-0.009368343956329787,-0.002180308489339425,-0.0070231484873604115,0.007158474214003052,0.0040609999884847,0.011586784567033022,0.007363300768671322,finance
148,0.31022266294642004,-0.1810468560570143,-0.07812387018639526,-0.06403497232856348,-0.10449584931648839,-0.0008942774854294907,0.4466576681248913,0.16227092135037144,0.05435395570565378,0.054306848201515115,0.06262129297117136,-0.1438409758927081,-0.12457026338513744,0.032051183255003036,-0.06964188887848301,-0.05589292456104007,0.0051726627089819606,0.17833310261034038,0.05082937469469237,0.0044611376972305055,0.017556215203285357,-0.13989955201970095,-0.02590550284231182,-0.004697568902058271,0.046196325824257485,0.018062203147297205,0.06989039357040738,0.019337415379356904,0.03807365269665085,0.03961901793897177,0.00953717552632767,-0.03191487146575987,0.005449463707230561,-0.02189573165850099,-0.04320124660764108,-0.010276168228421296,-0.05482515133402171,0.030300825890948332,0.033119290565794025,0.03259330011881907,0.06442007622345049,0.04114722321056374,0.04590898294394453,-0.0024892473985988297,0.018486974087901877,0.030857709990361554,-0.044252659040872624,0.047074727525668186,0.03902277395952198,-0.042959896676149724,0.07542321340135796,-0.003347358528621104,0.022931791959150634,0.007334346603295847,0.06906909073316891,0.04724239549787905,-0.06746337894148208,0.04597017046784795,-0.007535739894548823,0.010499232404534806,0.02492547959360447,-0.0327058341841084,0.03515259137276785,0.026537543169230227,-0.021701792292545402,0.000900153860503378,-0.020106322183849445,-0.025828663325702238,0.015615014210371148,-0.04132881173140486,0.011026462913651471,0.001670763598373671,0.008905165354786722,-0.009498953038127462,-0.021921640036482275,-0.03596376139346137,0.01956240524291961,0.028005718382946618,0.0235315349517062,0.02091582210471421,0.01503028496591407,0.05857773960819317,0.01900349290711412,-0.018749663739310026,0.0026214532565145767,0.014369991863900535,0.010821850606959525,0.00019239435171701158,0.016330341946740445,-0.0035206726072806865,0.01206697010954511,-0.029724226606714647,-0.08927955470649128,0.049130084653207944,0.06646493437852348,-0.024815360962406573,0.036277257705820985,0.025609993389238254,-0.01435379034399758,-0.025871149253117502,-0.007600394484815929,0.0024034742427619946,-0.0033072579418833435,-0.012845234297513749,0.013176563974643684,0.014102121538258334,0.0027083918761026593,-0.018358887314192947,-0.029260812378108184,0.004567983230921673,0.0008655914002249802,0.017319369259358782,-0.01836286635705256,0.002737424208471857,-0.00027889823309852163,-0.023184495748254267,-0.036547128978051714,0.04198809466988253,0.04798025169292361,0.12418713262412573,-0.05163222542888884,-0.03124027416874956,-0.005603669942124562,-0.0721108159424659,0.0679803948288274,-0.028005567348636233,0.027823566888722097,-0.07294496835388016,0.033217242928481334,-0.028011392818678066,-0.03628033528447967,-0.06149435616754754,-0.13203951619074367,0.047519413147101605,-0.019143305980245995,0.16352315335574896,-0.011392570831241268,-0.05985388661008222,-0.08775848786145904,-0.034104657261604956,0.00865582804883198,0.10026031417971114,0.04955156386035329,-0.037270999823673386,-0.08721712918222845,0.0730482578690295,0.25546872380691077,-0.08205256247912263,-0.10228299850374745,-0.038957120884065145,-0.04617897637552731,-0.2828746752837396,0.06325092932087643,-0.12591306338032857,0.05450827802768535,0.08099458102906743,0.03763987839872619,-0.04429123344045764,-0.0009830560699143356,0.025756550028187972,finance
149,0.06774568466925249,-0.02002578189400917,0.008711341263867266,-0.018382494516506382,-0.006157472695990238,-0.01221471513287158,-0.057986515478516465,-0.022039536907939795,-0.00848791922982311,-0.002835898227078162,-0.047735588117447006,0.029287968933015017,-0.005442451171470146,0.005954967140418489,-0.01375074570798651,-0.00656348133071575,0.017128792239842074,0.008009332742518489,-0.003201554780863352,-0.057166959671145365,-0.03417006141918574,-0.003730720565913934,0.014309776313017239,0.0071357662402420155,0.022779264769598236,0.02837409353285696,-0.10179011684896788,-0.03968874504060239,-0.061510219676725486,0.05364677787010794,0.08438401895599851,-0.04607849241864934,-0.11483604935099764,-0.009352767059094188,-0.05893779308470097,0.05562399480148905,0.08886687717635332,-0.0818848688145731,-0.10066939582749632,-0.034999423724615404,-0.09570999653940364,0.08361400120317682,-0.19187669576316801,-0.014218348879536238,-0.1853852261623291,0.10979525614178379,0.03887266065364469,0.06686715331010014,-0.024846194333021127,-0.03945555438714118,0.09929782182011555,-0.09837072613525526,-0.030680537970703595,-0.14923435488687828,-0.039792268263693746,-0.09868094083840771,-0.12108300492057407,0.02398686157652952,-0.003972629151976197,0.22212207956377172,-0.15757729499192863,0.3262792300737882,-0.19911623452715885,-0.14678878490685582,0.10103074805132545,-0.07043230048180929,0.20095894462789468,0.02020532455126352,0.09166439994799896,-0.08481353790157299,0.27689622711307527,0.2042282662294622,0.002264961597890709,0.12330245835079053,-0.16282548141472689,-0.07509337072826716,-0.048619454052139126,0.07576944736277265,-0.1880287161167446,0.010326661029218117,-0.10741951332180746,0.23189959586607264,0.13311445901852736,0.08031376709451427,-0.04984911900689721,0.0876289045660334,-0.0005861172812541032,0.1101892501209248,0.0510872898072395,-0.04667156996571044,-0.07414433846812236,-0.09145031116742908,-0.080869203813736,0.07014295153106291,0.020963896330312076,-0.08508961455703296,-0.014154661502337898,0.01912538909823505,0.0009843221276078582,0.03154102981985377,-0.03521470056780561,0.020682458606441818,0.03937791616036116,0.01908846159317039,0.007076492000764154,-0.009653783592019396,0.06828601702804836,0.06078335910514814,-0.01087503195419365,-0.020653480384211505,-0.06503464400541857,0.06217419173832309,-0.026747533472768797,0.029014134303463616,0.06499699014073572,0.008818217540363955,-0.029921776243720978,-0.04481837965421527,-0.016656181964144416,0.0475237588576286,0.01690227929871221,0.038733800113316876,0.034556145196213854,0.015950352646824068,-0.0048483237264077056,0.02009016546318293,0.014145978732984538,0.01793209453372423,-0.02090561295062862,-0.0010334751345364125,0.028300380966522654,-0.0011842599757134155,-0.0023359904770450792,0.006776059103270385,-0.008948359102795353,0.026260518619095057,-0.005671153170718445,0.0098023203806271,-0.011929447017048903,-0.013270786564814549,0.004693896698314651,-0.006258274851043979,0.006654291450120493,0.004831158964682637,0.00011273841350210086,0.004268152529832103,-0.0001942600182288629,0.011991260702363546,-0.0005899259196644501,-0.01732326427332712,-0.004363806643066003,0.014947473000636532,-0.0003493197124391927,0.003330367803126838,-0.0073468611036088365,0.001336059127309404,0.012438480654139657,0.0066020293769707096,0.00760746881308759,-0.004841953221061465,finance
150,0.0746484827299399,-0.029740057477448616,0.03354746891275729,-0.09469282105480481,-0.03986793011830699,-0.006027510895354282,-0.09588556330697479,-0.050560369125691285,-0.034339797004246116,-0.041284303852262914,-0.03931319231865287,-0.08152706628201921,-0.04918354648078917,-0.11991518882915035,-0.19152604855925204,-0.09545016497780746,-0.02808700463084324,0.15446934950563276,-0.21862853333066812,0.026573265127093473,-0.07298666418036014,0.33883772579045046,0.004652373543950791,0.004365747425426816,-0.21758543145481202,-0.12678281202476357,0.19504947373644688,-0.04860345801041323,-0.18234573429432938,-0.1794455496167262,-0.15632820043244677,0.10195967287165822,0.15167142663779365,0.20324302131330463,0.024652479557686183,0.12928600557840658,0.15310026026095552,-0.07680463914228913,-0.048911827211863074,0.06448445276336578,0.10928383647842027,0.009529940919412951,-0.10226873722550008,-0.006369946767678114,-0.012029743181898011,-0.029120198855888083,0.035649190917235375,0.10614909987808993,0.007941216109681655,0.011203184062421089,0.05849060221070609,-0.08910496431551405,-0.004456348376985472,0.035761974309582056,-0.05513988568169025,0.012127603272533597,-0.08330052312367793,0.02469433828560219,-0.030100825293573285,-0.0044966930931220695,0.015119019144098826,-0.03761519858741453,0.05746589305995198,-0.05088218074183149,0.026426747667395944,-0.003188116598527231,-0.05385386676849087,-0.036245718763698934,0.027559916288305487,-0.04363684593538291,-0.018136209255457676,0.041807665945637444,-0.010637219459680295,-0.05634025019224333,0.02213325595991575,0.046850271862573255,-0.033259857188585804,0.06083926485105332,-0.020088015172673182,-0.023969807228200978,-0.04232962240146499,-0.014792734209478211,0.07320785417782785,-0.012402015478619584,0.10318728056220584,-0.06190708742598444,-0.04264881234375439,-0.056311296111973344,-0.06597420806900979,0.01564800871030757,-0.0939505773192581,0.04333038597995592,-0.046941298879666235,0.003308687352675778,0.02619193348358655,0.015116050583179351,-0.06000785367967357,0.04348128958918206,-0.03169148517053305,0.10092640595732233,0.005474705072088894,0.034167839386132916,-0.05035748860071092,0.015922105767822003,0.03329970747498408,-0.11516299480163616,-0.039507129742636066,0.04933134127272771,-0.013401597551429929,0.06176705189824494,-0.04978071836688542,-0.05059260462616692,-0.02040576241498253,-0.008001335763741407,0.03997485449737285,-0.05619085242100913,0.03815628583041308,-0.014517592796957248,-0.00568794330921452,0.0011419933533970803,0.00037111508864783017,-0.03803517821151431,0.03027074361807421,0.04615860767661289,-0.009304315048686977,0.035551064681778516,-0.037700052662787226,0.006907225227586287,-0.015742644666136892,-0.014051868990930218,0.01729192202039141,0.015305691754986375,0.01834138972564893,-0.0005673590858112954,0.004144417930422013,0.02721932757881746,0.012119061813373468,-0.014219732243562563,0.004726056966995488,-0.03323367753121273,-0.02230677931055659,-0.03628814635681789,-0.04445981294492874,-0.1176919045067351,-0.051409623280308465,0.014784861005444707,0.04356026222737936,-0.04719500424131755,-0.0427703985742703,0.023303520489572748,0.17431945605358173,-0.02449021831111837,-0.07554880168742503,-0.11404523195284551,0.03738580672973449,-0.2059406819751883,-0.13695572842810746,-0.033709092678709654,0.004429615183560228,0.0015017208910821566,finance
151,0.042200512144997544,-0.019233552788876635,0.04273738786972186,-0.07585074449012065,-0.03672818237129941,0.0010715275586743213,-0.06006819470575203,-0.027108889888247667,-0.01700167108778802,-0.010961825513062781,-0.014611096856856664,-0.0004818463806025863,-0.04122014710767531,0.032208409017625415,0.05128717714273927,0.04309333380701757,0.047459717703413534,-0.029960307528806258,-0.008684167916423607,0.2517387040807579,0.060600028733533796,-0.11551413315068342,0.10367960836004854,-0.05566097929209552,-0.25861995230536433,0.27174156853615145,-0.05023940229089176,0.09897361264213753,0.15917767851657647,-0.19445024317467693,0.013372101098759389,0.10370496831700249,0.11978556491720185,-0.016391666128178967,0.017149153266024755,0.3282198298340246,-0.16897860759870365,-0.06837332745973788,0.09674160926854897,0.1550400223292433,-0.12629237668743135,-0.052012995578212956,-0.004783958878400743,-0.14559181526601564,-0.09925224315695333,-0.000596868502610848,-0.18048371579837197,0.08252072523228028,0.11965298900613973,-0.05576122042040851,0.05062218223467942,0.09980990675904114,0.12158018197689721,-0.03704568252460791,-0.07473969326178123,-0.019285031312025466,0.026261482704403472,-0.054818484797159756,-0.018500601931066032,-0.06042664918867411,-0.001741888813469218,0.046604333837977255,-0.05372744050723916,-0.0484442009040815,-0.09254002154019383,0.06022511252343179,0.11920218729652238,0.04357260296013161,0.025797995951418334,-0.05434438461848685,-0.0009095872154825605,-0.03699682445960837,-0.03628975962708767,-0.033150394135048236,-0.015274924989560608,0.003265314499075878,0.0319774206899867,-0.07831718905639524,-0.0012601706733153765,0.0012693334335478934,-0.0320395747580468,-0.039254375280015824,-0.017983746510320933,0.02747753858079533,-0.011829672433236273,-0.02464920739549879,-0.028620145602878788,-0.04610335833017988,0.012827768900337828,-0.00761396514166775,0.048789029416791516,0.06470018426387239,-0.04810475096048381,0.04693533504113584,0.011625380962278662,-0.021546395669351646,-0.005217169344586552,0.0013159433733042018,0.012728209214770662,0.021372097176331328,0.02390280514792776,0.03017446705060913,0.012488985676384562,0.030146125694852408,-0.02591019727681906,0.01662060126167146,-0.01980881030533248,0.019543441542061748,0.023460293236839916,-0.0338244315440358,0.019569754639458023,0.014886781049304645,0.022089469232445393,0.03793866814823365,-0.052910140119759454,-0.031155553064419653,0.0691713533474538,0.028729615483337755,-0.03669844829013702,-0.07822121601159365,0.09805109939894803,0.08340720596232117,-0.06497527342634424,0.031831704113581306,-0.11676574786579091,0.02428770812114304,0.052811421546556714,0.1186768224444814,-0.05489117318511296,-0.06397523462369363,-0.053289856130774034,0.0073219905717767705,-0.0009769763628057265,0.032567755835241234,-0.06066001848741835,0.18136796770076724,-0.01439080998431992,-0.11799531161071214,0.0911824930603213,-0.09441360589209093,-0.10378233201630868,0.06204293884893526,0.012608083070590944,0.15174132242485838,-0.11292159556716136,-0.11928233483608718,-0.07669310818216662,-0.008828370397934366,0.01572225594422361,0.020652410175396953,0.008142825621273267,-0.04699392279054864,-0.0061869642589429215,-0.0008364088997061219,-0.003974619581837135,-0.004901920333971527,-0.016777550712332258,-0.022423742849304616,-0.0031938345854392513,0.0076655036677249905,finance
152,0.048383345777510585,0.002168221067174052,0.04654067862980484,-0.10074252573479417,-0.040045192560099155,-0.0019431091884356808,-0.10658100686675304,-0.060666764720563586,-0.042471838804373704,-0.02203433554895016,-0.0971824295900992,-0.11303091890857568,0.049430731052224945,-0.07824248982981404,-0.1616866422652771,-0.1198656612015568,-0.11071757704305628,-0.21090852371966023,0.28050936247259856,0.006707861636948328,-0.08114597376794752,-0.056035464445036876,0.034199896219385635,0.005170659459216446,0.040370012983427475,0.09594448120870915,0.07642309761687549,-0.05532971914571071,-0.03380423855507424,0.013932168532305932,-0.018013763432422267,0.10150506537131412,0.01595638878846897,0.156898524418876,-0.07309988857570789,0.016634091305095664,-0.08142595408267249,-0.11095171903311436,-0.011961053511626529,0.0500363603844435,0.021796893588503022,0.021410099887617863,0.025377114907914073,-0.08434194441201202,0.037238268834634915,-0.023665105609978046,0.05323640793016291,-0.04313114841850154,-0.06189283216418384,0.008467845006750152,0.07964427932255408,0.031929975877984136,-0.03523426582285379,-0.038120955989399345,0.10642572111017917,-0.037044020452263585,-0.04985124529655511,-0.039553061172873036,0.07946566256148828,-0.011354436124148687,0.03311813277599438,-0.016548304082474926,-0.04768895517665062,0.1192011699916846,0.014540193412648518,-0.032570494505887275,0.003820950659898636,-0.019625948494609653,0.0168139200756088,0.008258976152876001,-0.023035391318966515,0.039368165604517814,0.005007831541485673,-0.051145139040881776,-0.04978576453964261,-0.07202911858178018,0.016209863426657187,-0.004616913123895827,0.04124504879214276,0.08911694449376656,-0.04118521932632832,0.08936467590127987,-0.09987640855364215,-0.030735676120165152,0.01655570880571181,0.11483610227507884,0.004403016563791085,0.030089034085359435,0.013490574161932608,0.07434137730422484,-0.1944181007642332,-0.025988951659309235,0.06542388704943942,0.08636022030657385,0.02845378873966624,0.1028271137345176,-0.24117900931095185,-0.13884726092066677,-0.15389939808206274,0.12461874629911295,-0.010310739406158079,0.03597164013860702,0.0627808035584842,-0.04988905921940955,-0.1329324807966367,0.2263417249074206,-0.1553344820777884,-0.19674681739202637,0.18119676672956064,0.07753972641649721,0.12965925024049085,-0.016191810576185288,0.08145350065151424,-0.09552023747741091,0.13877998534177685,-0.028311667500360814,-0.20444287177442366,-0.06120905730517485,-0.021034641332825853,0.027943454065028277,-0.0706760941725746,-0.06873790725816185,-0.11414486690257658,0.018056740759941816,-0.07359992549790775,0.014230679972964684,0.03647566995938228,0.05746186656347602,0.00011275312596996384,-0.039158978077067294,0.018305950386598328,-0.015925345695191502,-0.015566890798379305,-0.0180005342751419,-0.037984601366268245,-0.006462023750375978,0.002067209944783878,-0.023160189256459063,0.04242235918868594,0.02103451850025906,-0.011304372857513827,-0.024047855594746113,-0.006090177557379961,-0.03405010095567657,-0.014538998775873453,-0.0013702973324779403,-0.022276627665136228,0.008972386901828663,0.0018720820114308,-0.016764897326858662,-0.01727112761464221,-0.012673100942995728,0.00888242154536894,-0.010997976753904955,0.00027478748328808807,0.001064749933790817,0.003203474477880254,0.0011169253653702331,-0.00013933279931216682,-0.012875661201808239,finance
153,0.07509717628856111,-0.02207015862231495,0.03217503181263182,-0.060669144492672814,-0.030956312681598503,-0.003032127568579387,-0.0960665881378399,-0.05568273495665785,-0.04197961348751945,-0.042767891124693154,-0.03362855074647221,-0.0971189106604943,-0.028026239363486916,-0.08232345756749994,-0.18754344671963197,-0.10335034899028998,-0.06833111441620232,0.05331249880864581,0.07491398773428064,0.010638408777319456,-0.11717681972061156,0.042452688163488364,-0.021346183978364873,0.008479852872713774,-0.011888674561693574,-0.009033936807488487,0.02365936995532616,-0.07845269256659286,-0.11173833113943113,-0.15010312900480588,0.022600109681881652,0.0559150112810798,0.035230764555277926,0.006364148148117389,0.22806190265035697,-0.08998011085863031,0.06635456661947135,0.014598770288991862,-0.029462381241225355,-0.16016692413659217,-0.2652780949078762,-0.11221104661415109,0.007434013723618567,-0.05737215041593373,0.11523718332424644,0.09823628913674053,-0.007099271960604928,0.06922964616934439,0.019378635278137213,-0.018965236628133902,0.06102791733603722,0.027872452128193264,0.10456221735022458,0.014446287226595769,-0.06763690399301044,0.18922374787472396,0.11503140229292692,-0.0021184692298484254,-0.0233240895416554,0.03231459592459111,-0.09600358901129305,-0.02026708911999917,-0.08378804438351303,-0.06885547755022384,0.030741676382416386,0.17008511449235547,-0.04379003766300592,-0.019984958372652205,0.012786401310590334,0.0032525549977372686,0.0710366835979933,0.01833380595511919,-0.011640730941162653,-0.04935382787952156,-0.10830532232633294,0.03069781187768608,0.022517736394499967,-0.015275797567886435,0.011366138665376847,0.04115459081537697,0.019398641907676477,0.05142399192142942,0.05616219770401779,-0.1403489732626079,-0.1063640316633883,-0.10780890015643917,-0.04624060925004332,-0.07276618749346928,-0.2526336430054823,0.018993063456332764,0.06461455566615985,-0.12877729514387593,0.14143216859581947,0.02090314151772556,0.05055226873774457,0.1424055662257003,0.1136315937200601,-0.014267540170282282,-0.011574434369263933,-0.09122005873286576,-0.23714466774583656,0.04323175730780936,-0.201327904319876,-0.03112595974359148,-0.01777660692545443,0.0643915945353411,-0.04376031187426648,-0.0233072728581733,-0.11413001213029801,0.022843050884977012,0.06473912518212019,0.03916933660184877,0.028396603167657852,-0.10619327252681769,0.00417019155986738,0.24173309191793696,-0.07075418474037365,-0.08090179100478477,0.003237117924570298,0.010322351587368188,0.08464593484664784,0.07544939774167143,0.04283578648002219,-0.08308820074264171,-0.05828733188590323,-0.006824250645200623,0.047807975565510356,-0.00900661017778082,-0.014721490041226432,-0.02845596258044566,0.011029318207066227,-0.01354792895311696,-0.05127983857666846,0.009526480774537533,0.013301076569444131,0.028482087792916264,-0.01801311856250028,0.023574903067991097,-0.0233879791986606,-0.014724595467981619,0.005418112001295181,0.00012386186675577833,-0.01034956395109081,0.011098192283181074,-0.0054234193548262696,0.015704659837566803,-0.013501724375882056,0.00633391083651039,0.01119798114987983,-0.011456249527705235,0.013761380337348566,-0.007744300328090116,0.0020034444001452672,0.013626200297166671,-0.004185114154297627,0.040284269221526024,0.009819228986909394,-0.002928531649898626,0.017070520224405715,-0.005040287746694526,finance
154,0.058133335093118396,-0.038809344697560776,0.03042108178921097,-0.0956718988301793,-0.04931031274371144,-2.3707832443816944e-05,0.0018945048248456178,-0.011428990720099052,-0.018454099375757944,-0.04573794410337913,0.16252139822105033,0.015763912243504184,0.020806559201996346,0.0209670878750161,0.03136976045548894,0.026384891388591222,0.006669225576593729,-0.13107553776172118,-0.00718772499629086,-0.06679945583916597,-0.05375581352433285,0.16738448504709147,-0.08574680039827562,-0.0014619869415376913,-0.00498392967277277,-0.022179823969680098,-0.13579128813124447,0.02107559180547265,0.07824291952486837,-0.06534965983537586,0.09739697025078879,0.02136543209722944,0.03441642165261397,0.0913895618924825,0.03767672252447061,-0.15798991065843418,0.0413324945758908,-0.12351457687842836,-0.040628806889543755,-0.006911006209784179,-0.0669567312064188,-0.044413372981671556,-0.12891916195900877,-0.00226316622871316,-0.05092630671975847,0.01602687169674023,-0.04035250263773147,0.1242056401632276,0.17225318049134228,-0.1714410578036902,-0.03710796077991318,0.01943361076171737,0.04370886047885097,-0.06032172289186696,0.22041854419759055,0.14366331054176812,0.05882015881739421,-0.05375643392910843,-0.1288286467799051,-0.13074412572393476,-0.03714149179321893,-0.04944975384272349,-0.012047928338972573,0.0162338932933658,-0.033710846779974775,-0.2214677361583461,0.08022152267098503,0.1667847931767436,0.08002906893863353,0.34808480336167447,0.0388161997545635,0.07608765913281192,0.10412945167265496,-0.025139630299142963,0.034603859909320064,-0.0058594451388412575,-0.09369820234956805,0.03580697053094197,0.07420667794086917,0.06350497652838749,-0.017492001514482117,0.0364122328679599,0.05017853950490404,0.0006302434718545412,-0.10713913544112687,-0.16418561225384692,0.09363007459702241,-0.1438551338087551,0.002440327978633702,0.15611003958621963,-0.07044894912927208,-0.019987522331126658,0.21129944721771393,0.2120831012671602,0.03480756773135113,-0.06596514292058285,-0.0032433809664193327,-0.08292770647507496,0.13842744042091387,-0.03892770237272523,-0.003382214322271529,-0.11180869662574691,0.09401741638474634,0.02451648955581544,-0.04995586521123853,-0.09208863392656291,0.05914377609898365,-0.0023767152352070827,0.01513269348614838,0.09022617894998311,-0.03489474278137138,0.01947737106980926,0.010138651612198022,0.051371255283817696,-0.020720032142747244,-0.08531147175933028,0.07839783210569339,0.04331456704565335,0.014345556444325083,0.025777170661279557,-0.0514959745394249,-0.05509508361258735,-0.04412849425354019,0.04394949478306363,0.04327826640809703,-0.04779064943597593,0.05152122988918515,0.06423415008498988,0.002358418212209799,0.0018542190911323842,0.0037609077971441957,-0.0015707514536399386,-0.005695054998739244,-0.016645117500128325,-0.014381960254286478,-0.02271323007960667,0.0015007272332115138,-0.027195752809483654,-0.007455066601870342,0.031666912682590635,0.013646773476290461,0.008540777361431943,0.012513904602444888,-0.00909714641366171,-0.009489226826932488,-0.004990768405814286,0.017838560654306168,9.872039062449159e-05,-0.006779802072837327,0.015455390001908884,-0.0019488948516114108,-0.015536897300027861,0.014810027971895151,0.007932905834240646,-0.001690283631692799,-0.002332604127318178,-0.005169845506039979,-0.0031559286255351464,0.007029943351851012,0.00039555082624796164,finance
155,0.059315217882738684,-0.01546909779501715,0.04213271289019111,-0.1014672348682041,-0.04499477854909442,-0.0067299154628463935,-0.08943114221866591,-0.0398827421172516,-0.019781274112411287,-0.03969486788788705,-0.03543511826326602,-0.03703488475408313,-0.0045317758449599736,-0.07106331526126583,0.13499428045783682,0.05353352961859378,0.08083653819531873,0.07784253710326598,0.019488800973108695,0.11376354140970546,-0.04428005110728166,-0.03353749927579632,-0.026847597140505396,-0.013281295561156883,-0.1264637883251929,0.023082447877123453,-0.04062565221218304,-0.09468436696515621,-0.03457772630314284,0.04109203576127886,-0.03531902340512197,-0.018532116816676575,0.030122801489159405,-0.08585794129980905,0.10476117995539282,-0.0964648433283176,-0.09959192458967667,-0.0029466195634602443,0.03323633371971307,0.025885453312844284,0.155507934205441,-0.05190175933917486,0.01705307860728616,0.06627667628880184,0.018513260013906057,0.2053941319679604,0.10111544515639899,-0.16258089244840296,0.06870472049146288,0.08377234470041707,0.011893667583446834,0.04987260038104254,-0.02708274467403483,-0.12006446466017198,-0.08789617441985942,-0.19898865452709336,0.153354759192806,-0.09898616929018567,0.014428026278838864,0.06031479270763069,-0.035507890023661934,-0.021539770919766037,0.27332159847712345,-0.1645095559000304,-0.0778475559223229,-0.07331445607448159,-0.016047689715591437,0.07615057995398582,-0.0404027495305588,0.27203801120769516,-0.030294120520465567,0.1589870245397858,0.01570605587943099,-0.063356857895902,-0.24482403872010983,-0.0839517143944366,0.10909391820738412,-0.04716392424887566,-0.06524702250307715,-0.04809394061699573,-0.11651567214886611,0.01691116916979529,-0.016729485259534802,0.038649777765382455,0.03264883659017365,-0.004433308827908446,-0.06133213999430862,0.03566357518997208,-0.13205403357167697,-0.0011705180237772128,0.045646826176371856,0.04480331718221732,-0.05588462706363497,0.021809908856579137,-0.10922030657837285,0.08015235191099325,0.00806352748802648,0.04556394125506033,-0.05733053830948073,0.09477465418768817,0.16297596854461996,-0.0636643392502837,-0.191678044864746,0.08161467699559406,-0.07971338178549946,0.07154713573344744,0.0023279225813434587,-0.04470733572160487,0.07154721496015735,0.052025088181385064,-0.039352680715359085,0.02620535177913104,0.08671194146847155,-0.02379069595518324,0.05968255945527651,0.021118098311716287,0.2237566317202967,-0.0122297862710281,0.09682151423176247,0.07668874227362364,-0.06573667302852658,-0.0109170759683989,0.06114977580698811,-0.02022208027123962,-0.007389948648401413,0.04509718665541136,0.009603587355240827,-0.026490172410703304,0.01143988982061248,-0.02348593526141381,0.03240902708791463,-0.020952683946082837,-0.05708842559722223,-0.007504857165935841,-0.004012472580537286,0.032576815334255896,-0.020733717820429955,0.0013079897266129938,-0.004253446420816481,0.0007489912725389747,0.0014659071876020465,-0.010075511575136246,-0.0026222653875241117,-0.004091731173089497,0.002106173833539329,0.005085866172196702,0.0030321095909101397,0.01700548054514241,0.002067494225344226,0.010194163972900672,-0.029876922851206314,0.002325112512353467,0.013268442729810214,0.01000011892341369,-0.0019392004456650531,0.010759688639959727,0.0023044441318310093,0.0017749515207439893,-0.00039157108947068163,-0.004168975088210876,finance
156,0.05663487822661041,-0.021428914870779588,0.050111203947241625,-0.07443867861243243,-0.03815247535727719,-0.007807476644828706,-0.0375599820871441,-0.030108914238318688,0.016815607505820108,-0.01604595946319814,-0.01467504549972945,-0.037668084966317905,0.015472858509819228,0.05125666933836097,0.06361050702479142,0.012739045853114592,0.014759810399070669,-0.024322591410335437,-0.03533450616112448,-0.023514110097923806,0.04115661199500232,0.02773965688100767,0.020420734911419502,-0.020066090034113155,-0.09469226057609206,0.11252237114120406,0.016923868993767934,0.0027773940114657713,0.09335420422383053,-0.007924343698637745,0.06779616931827805,-0.0922451153494896,-0.0417331655479191,0.03484695233612026,-0.026559348544279916,0.07423449309246806,0.17748292350134295,-0.022674697157018454,-0.10618478194440947,-0.12947805201744778,0.09141037586060347,0.02908469223432461,0.026741312488773025,0.17905313876070975,0.027014261943692035,-0.05156282339424601,0.19481141857757467,-0.026224614379446693,-0.06072298795954977,0.09849758674811107,0.009906005071364956,0.10847263697232545,0.09517475058097785,-0.19022563038481374,0.09668635586735036,0.15818432310261088,0.19602108071129482,0.09249053318094684,0.1396151186079305,-0.07217817345048962,-0.14075469526889006,-0.09826847100278044,0.050851627244284874,0.14436650362081108,0.012665686264368007,-0.04817390179606624,-0.04483490088314618,-0.03375045477674843,0.024384019277266914,-0.2666046093171815,-0.03531603819447823,-0.10014840471876389,0.08155927913486606,-0.09394271756062929,-0.12469550472102399,0.11201845497417058,0.21374675957389014,0.17050406775193758,-0.10255557638077216,0.06159720486810072,-0.01536406756484934,0.0725945190350983,-0.05252992216343692,0.1638652686845654,-0.05519750174636677,-0.1358704339357631,-0.015675306315379153,-0.12853397241871892,0.06465641948137447,-0.08907070417186216,0.1685404136472003,-0.0011179738050566181,-0.16686090264137754,0.2743010983150038,-0.034441107303470164,0.07823012868972981,-0.10380286827831872,-0.037736020709565894,0.05765992483733366,0.029042441053771715,0.010472695385932406,0.0414529224939738,0.03494899026357713,0.06662261583622277,-0.02047783184427619,0.012132903757351727,0.12424781144239753,0.002815105643866827,-0.07871840057128554,0.041822539088292886,-0.012920277324065355,-0.019466848637741185,0.021711760273693044,0.008065673747172188,0.05386341037085109,0.020504711864047728,-0.025772304719625518,0.05481977596931786,-0.019587682657537846,-0.05767060801822857,-0.015099828100587524,0.022456611542530234,-0.016589558973984456,0.03332234773712059,-0.0018260880983102146,0.002197416615048385,0.04062305537504766,0.017223444795784457,0.01220299564406409,-0.007751983147169183,0.021306495471181647,0.005147705852991366,-0.006688638371190176,-0.0017500462711781488,-0.0265016103512224,-0.01499511597943927,0.015943419710988473,0.014322599331245573,-0.009330541466134771,0.025925290521603358,-0.006370914344555595,-0.013262617699259354,-0.026565271954533395,0.008272109331209572,-0.004124659832053484,-0.009247383458846596,0.012799515714839498,0.00822815150877029,0.011984523044341638,0.008224311778167622,0.0005567128932864247,0.009962406780669035,-0.010872208421239912,0.0011327377202891226,-0.013172017254879693,0.0006013315985220918,0.005380288741459701,0.004426587830188024,0.014273581576563136,0.006140344886098214,finance
157,0.0356386781365132,-0.027993165671098927,0.04047172329036089,-0.09153740411677849,-0.035466102845251306,-0.006372187987297986,-0.06133360704442995,-0.01766834803746527,-0.006358581425357453,-0.0013590827409346604,-0.1027706829675453,-0.03398927757773406,0.07759031691552701,-0.036260011280789387,0.00954605963113419,-0.025755261313269207,-0.030056017918971403,-0.08807733894006707,-0.0287566640948223,-0.12717040718333847,0.06133828951665583,-0.09041992643675327,-0.05562967250480207,-0.014396808680307252,-0.0468502898284347,0.020275630198144844,-0.05278509735704169,-0.023058991768804646,-0.005711497458573249,-0.008894791546799832,0.08785049065559786,-0.01976385219563187,-0.06237663413512088,0.10532264582991561,-0.01854001009542649,-0.012430387334110523,0.09381127613487814,-0.11485537634114701,0.09731420758813109,0.12400366223093444,0.15607551535856737,0.06657534262498949,0.02183951158899886,0.11950454341304556,0.0739800921352074,-0.046991332570734574,0.010983440072227528,-0.010312519363829396,0.09901670727242116,-0.00260697116024014,0.051810680463648194,0.19035025260382415,0.09263370389992671,0.06398877690707643,0.11034717524778109,0.10670196715901481,0.2791584477507634,0.15095681248475024,-0.0022454610167804514,-0.08236168061609371,-0.20643391204531994,0.026440905765095158,0.11882849444283754,-0.1122821958289727,0.10639919055110693,0.12733584160652103,0.22149881032645147,0.10751236741152846,0.18505116199842644,-0.038513580648078014,0.009263446397049459,-0.02764371116509396,0.13045803820099233,0.07987311857621575,-0.15181329400461907,0.1583277861946403,-0.05494471220368333,0.09033224380963184,0.14169579489234657,-0.11053168921708388,0.02183184005046536,-0.20973117977958444,0.17166277464285506,-0.1398535523898541,0.0700678962159933,0.19564834592302893,0.10970636333831443,0.12031068704337577,0.02044383230272916,0.015324631488104899,-0.143467030148295,0.045070862895121404,0.004554255054166783,-0.1174085924263422,0.0022173799044167487,0.011706799384775346,-0.07009744190051818,0.012889730206395793,-0.10615478019825872,-0.02808928126872586,-0.02328530642518458,0.10834932508252905,0.025451005466814145,-0.024970543265090878,0.010895537264262027,-0.062155251636506106,-0.00850064919140099,0.002944365520243286,0.06676057140891105,-0.0698832004376795,0.0590771244566802,0.009119704008230787,0.0021097574577254546,0.003753815038376282,-0.09933587257594792,0.013816204326014207,0.02834088435625515,-0.018235381702946987,0.011649941736202419,0.03788052023629135,0.023958466695993386,0.00903787170286673,0.07947825440357577,-0.009512686916549745,0.019956376464295333,-0.012665944986713983,-0.012425599281568543,-0.025650087750559568,-0.020645455294846914,-0.03670694575571097,-0.002595320540095507,0.03953228393030242,0.011989072979405978,0.03835095175070765,-0.011940002228172137,0.011953177769660053,0.011779508512955957,0.04634015253439028,0.010136164352930232,0.029013707418707867,-0.012931289276410587,-0.01404549195129843,0.02753360538328124,0.013349244083233491,0.0010180011094172276,0.014383943633940646,0.005789557568235818,-0.0051373273124176305,-0.008404330153708726,0.009563159357140135,-0.01848044187162552,-0.01594566115034685,0.002816359932096981,0.007889921673724636,0.0011733447018893004,0.0022355170673873125,0.014385731412252354,0.0014236995556660035,0.004130467345065973,0.004416808026824531,finance
158,0.04029545876718911,-0.025156633276291935,0.0376076996139343,-0.08804558932156806,-0.03925994928204361,-0.00735424258779082,-0.08164439726633042,-0.04740002198115844,-0.019500473560860997,-0.02067808869856441,-0.02917771537838854,0.03698854695102035,0.011852171541217019,0.12852182746600097,0.031610842747190386,0.021807511322167853,-0.04672192461988826,0.03420140776940805,0.03287770963562298,0.060971806435314184,0.021714797596484915,-0.014503146496225838,0.034992637308615224,-0.032345341561703114,-0.06611611056928006,0.15537379671832663,-0.004286070184936191,0.02829416891342767,0.11259859050272354,-0.06060144344297973,0.03195596652534317,0.029622478594630314,0.03185822560435136,0.009486624447342645,-0.05315859626075726,-0.002898855215312928,0.15434172425339665,0.08611230961442842,-0.11296797728718806,-0.07560443394167357,-0.09167242703553861,0.04290651308043234,0.01688555273628574,0.046059765455514455,0.23246899230762585,-0.0380523311011243,0.027809870229913363,-0.11511422885685074,-0.00438349935454786,-0.11307031436942866,-0.01696195403894824,-0.1660805756895056,-0.0033792778643924135,0.028408438416959052,-0.010792426589679983,0.01564376528387896,-0.020259261437414713,0.10612496011335504,0.02472622653517638,0.13379435248929994,0.030326466564839633,0.09601394782427523,0.1617302156371651,0.07358275370690402,0.006864044020450563,0.04856143653371877,-0.1448435910775758,-0.04434730257308081,0.05059289358606101,-0.012621436079410912,0.15574035849666482,-0.02414425680894398,0.3288000974686639,-0.07280174202364986,-0.12326166568225068,-0.065253301112385,-0.1546786213144642,-0.2545297799614688,0.0672098241434429,-0.039284077354509915,0.2920944799240464,0.04704182674943293,0.07673045167314065,0.14609601355265014,0.24682880832775198,0.016374333173596413,-0.03491901610233594,-0.16832006923134868,0.132854340688067,0.08829182178853114,-0.06868661944964494,-0.062349262700736444,0.07749115992907793,0.0293954381682096,0.02763658273666427,-0.09661544652082159,0.05462344293116987,0.029588869193875687,0.0015000314819359915,-0.012881521177877615,0.13145614008645007,0.08224294935483031,-0.08977570749723769,-0.08096672618782486,-0.04380026463629184,0.11429500932136431,-0.014567731929914625,0.11558175717194229,0.027322889683732962,-0.024786794617661357,0.012683856958496914,0.05941164173850892,-0.02001960400353873,0.010071761115454818,-0.007067382769016868,-0.0022151448262021237,0.040704814329066336,-0.027192984077802077,0.027110528456072383,-0.02862709521619084,0.02559646575679106,-0.0033038048510086447,-0.04311840413262746,0.04067576317271526,-0.017072514196600067,0.013338043968580114,0.01854472824210691,-0.003748691630732177,0.016827631067344324,0.0011024688420263275,0.017799741847217734,-0.004669218003351953,-0.005168167073998232,0.011653428888447196,0.021155333467343464,0.005523193051869833,-0.013583385096184416,-0.01570165352835443,0.015178477876487514,-0.019728043691034956,-0.0050270710722483194,-0.0006823039468902001,-0.00039881276939784536,-0.0018120163173184559,-0.0037028442348804045,-0.0008964447185940054,-0.004535699603339028,-0.0012765837966240065,0.007405675374900102,-0.008342848534753254,0.000580670093099128,0.00346291444396497,-0.008868722494663797,0.016456070941536963,0.006980212844989787,-0.004113261862783101,0.003037688338930011,0.01079372234318984,0.0005084064285688138,-0.0010271530970767022,finance
159,0.11838617174412075,-0.043928946546694055,0.01543839019645281,-0.09394546533992426,-0.06075409350581178,-0.009116837451450423,-0.026963134771272736,-0.029642375449753657,-0.03404873603203253,-0.05678840981181098,0.012466387691643268,-0.005357487406000356,-0.06308853817734181,-0.021689529146773075,-0.03058028027766028,-0.0056098267174015245,0.003338487650797263,0.09592918389481704,-0.004629252350601635,0.05676815989539924,0.06986701535431815,-0.0749717006581795,0.06905680897084938,-0.017089439316346756,-0.07855011374903513,0.20830945467128356,-0.14086439967586392,-0.06330881063748692,0.023068143891943935,-0.025481958013011244,-0.010718725031481103,0.07363035963247129,-0.08645085919362659,-0.06948367058229378,-0.03276063336550947,0.006942114672238095,0.16050137032037168,0.15027490590445805,0.026469064424960824,0.019512906838339516,0.11470649894708147,0.08882169771937086,0.09105049852924364,-0.03934021874795087,0.24847530673442858,0.0823012815366207,0.001231945410415205,-0.04253586144799493,0.09961735586883962,-0.11308265490867953,0.12046024055753236,-0.09927559386012201,-0.012023716041456071,0.1343284006981095,0.1367597318366747,0.08320410627493506,-0.15144483956244992,-0.04779864553201401,-0.024934637985813732,0.019463713108588934,0.060675273285665736,-0.07458116626059783,0.1440914557225102,-0.013164510062388304,0.05270118129913859,-0.07581430381028886,-0.002079707019513159,-0.044562817562853956,-0.03640079128379388,0.1215182370353863,-0.08729406165206027,0.07666310859820302,-0.1288314013231156,0.06557317412385162,0.009045167365103076,0.03759212479503682,0.06541301353590351,0.15631451108174288,-0.12257366833791869,-0.06195612133611167,-0.11676202057536866,0.046622083680916124,-0.0083246058463078,-0.17380651070708247,0.041577468289554644,0.11078688280006929,-0.04895683680907657,-0.002356208948257365,0.018779081260523425,-0.02506162193828337,0.08623484436184699,0.01251973857610495,-0.02295370081016411,0.06809619559082165,0.0876612091320954,-0.07923329328889936,0.12337238534473938,0.05013989947595151,0.11908566324425318,-0.06863543665352301,0.04880562436707961,0.18604329649951773,0.2219311745458238,0.001967645232277867,0.028509006971142482,-0.025673112717869904,-0.08712785276433155,0.09826079424495598,0.1064811477406914,0.16737587070529936,-0.006138404668855452,0.0947968916919009,0.1062132466362944,0.04139635504726782,0.11158799216222656,0.17620279858191937,-0.08358439317473937,0.03131862587040385,0.03865180835888923,-0.053405429922004595,0.051667386555572466,0.03531565378623639,0.061041109448031566,0.011532609247714883,-0.056811485253453864,-0.03577028959667486,-0.03518630350562255,0.049698537036797504,-0.03908260348764084,0.021697830717997323,0.00446443641329758,0.026929321871459824,0.0454967251350088,-0.019215314676480567,0.04699617303696699,-0.06473221571809265,-0.006006306929044129,0.020967969763667767,0.031065626167517752,-0.018943664275761867,0.018624166499173225,-0.029150109166583876,0.007815582222882865,0.010967571589994155,-0.03635903900270481,-0.028582149432807274,-0.038237361901901815,-0.003760178330015392,-0.0016212684813255308,-0.003759036447857762,0.010852399880933866,-0.004053786003372448,-0.004575782374928929,-0.003279608793964109,-0.0154656710463154,0.020023683649770682,0.008305961628153944,-0.007245979956156142,-0.005566885936389145,0.0018302700269102838,finance
160,0.07698240148136143,-0.02164608839081141,0.03383902381599954,-0.0870015036970106,-0.044108123434513674,-0.005877152753636134,-0.07467634559424359,-0.04894029181983278,-0.032622613658893754,-0.041136217636026706,-0.018284522441860056,-0.02940161139048467,-0.04100264265315625,-0.014905359696224859,-0.005044725438567444,-0.002160633908242875,-0.010873103432412604,0.06365539891074566,-0.06633155283966913,0.01245743319055599,-0.02585537518825957,0.1085280089681847,0.03612064361730089,-0.0053320969446505806,-0.08296022898144415,0.08192082303241019,-0.04232869516836179,-0.06777436937119007,0.02053682531607481,0.11513526318634697,0.06370323929139467,-0.04062176952907549,-0.06733049665066787,-0.1124388593339395,0.09186151713469395,-0.11254280703157953,0.0629766692286724,0.013344425506351416,0.11496511179352523,0.05243544833034729,-0.07793151148354058,-0.04182536852906782,0.15771076614335977,-0.11032913463413895,-0.003594236700454085,-0.11590082789822197,0.12737184042016222,-0.05241658779045153,-0.04140504288847547,0.13103035534828053,0.14351799454512457,-0.11586462145021179,-0.026586997769076765,-0.09901319926063785,0.16026048137151375,-0.0395954581775875,-0.034851195288728924,-0.02672496023223983,0.018967854000835026,0.004453370558361576,-0.08400734216754083,-0.17393805960836417,0.001563368324018583,0.06419938258544244,0.015283112427772836,0.015471252325819118,0.04218374673362667,0.07024339902971447,-0.06597438672163643,-0.14618056908690427,0.08183253522274841,0.09827035644558438,-0.15818500991051845,0.014915559579220377,0.06417772104684628,0.24800375532282806,0.0055719676990586345,-0.21699833985328226,0.08346158790926168,0.2683316250725885,-0.07648486502459616,0.08590581684879815,0.20071466956935252,0.1314559457675648,0.07396065013989461,0.013695165591655263,0.2772544406852128,0.09112820488725444,-0.15978711117961847,-0.05885028598196991,0.09665621927435322,0.050307152780032414,0.17282532482308463,-0.04670595295756994,0.04742542240183097,-0.1447666551126852,0.03733800166973886,0.09164509654510257,-0.015308082646122184,-0.07799490695776329,0.10746259562712457,-0.004259855609372624,0.014776885634235942,0.10148774334562263,-0.0498155324140273,0.04132493284753222,-0.08233811078448203,-0.030051346673929294,0.030168913232506585,-0.04297746463187586,0.005555052612583282,-0.06538020984613152,-0.029064976299221435,0.019039801254206852,-0.0101568696712461,-0.0609719437240085,0.03408165252549559,-0.002008153939900118,-0.007983349241399148,-0.052357865971367434,-0.012947570279494327,-0.026988032788270847,-0.04520579449276068,-0.0007272402006046043,-0.03233382909090227,0.06760148071579271,-0.0005592477514733842,-0.0016449003030418853,0.006125816801772968,0.003629508323568292,0.011575509083296437,0.010374489743171475,0.024710083051441036,-0.011566688363691771,0.003244205125785186,0.05834706105525641,0.011700549858852157,0.02570925143681462,-0.031367625173712804,0.007532626030641762,0.0015435194782874766,-0.006128016770950919,-0.0018360800041661801,-0.004747500094529936,-0.00302639862882026,0.014120224432757846,0.0009890478117104602,-0.007715051211014756,-0.008352499726047144,-0.006361776697614258,0.011684149494456795,-0.005942057757968108,-0.0011905815841491522,-0.0031558328922810263,0.00647790430917976,-0.004306883815203085,-0.0078031161812061635,-0.005733545404743128,0.0044801551839001265,0.00033484254619889104,finance
161,0.055775927933659694,-0.01004903334098055,0.04020071763421154,-0.07733953146752039,-0.03552333375674227,0.006548791933776489,-0.04903040895348556,-0.0212795959899405,-0.013665288587651175,-0.018263551454210523,-0.07805126894267678,-0.043684460623565693,-0.08703975971453456,0.03836938694773087,-0.0885202724587705,0.013238575004056409,-0.06783218663121511,-0.38521078584869256,-0.3695311442437288,0.4999521764957113,-0.1558503108620548,-0.18020056911452897,-0.06211621085996991,-0.019394074519140186,0.28507864671444944,-0.07990647382171892,0.04830580938153403,0.028254417388326906,-0.008940450884235741,0.03261806321134651,-0.02966545267824421,-0.006541966271076453,-0.03158197525916613,0.016928421772270302,-0.004548150863398341,0.005020032646575067,0.07211922807135333,0.01810115392838851,0.021370814715244664,0.026693860181832407,0.0018772738215110413,0.026232729442299006,-0.003743996319738905,-0.03711718159412424,-0.009004605513248899,-0.0032182326576350047,0.023858889115215498,-0.03191994867028485,-0.03856101223588413,0.018453710880616127,0.019507026243894082,-0.06187089651426896,0.012328664885096551,0.00882691652785669,0.0035773286457203316,0.014524302623379871,-0.001696379340232564,0.00047442114429693284,-0.02513051298679267,-0.011105926153494957,-0.0035329107049464122,-0.02993364516346799,0.05748946703063712,-0.02647048893322784,0.02029074322439921,-0.0023935040151246453,-0.058456398973483405,0.007241592619701217,0.04153555091580056,-0.003808472749741811,0.032944730046013615,-0.031587462862792466,0.05799855957055452,0.031056269981083965,0.004065981958315156,-0.014139978185213627,0.026666419526403716,0.04835141978715547,-0.010207847195945844,-0.004144577901275021,0.025575033411807675,0.038371664598589275,-0.009913779179993285,-0.02868607500287375,-0.02359759297581368,0.002292858547390928,0.01084779990629607,0.03118866099569239,-0.016452799180709327,0.005937761892575676,-0.029282463182939224,-0.01173930392988903,0.022006423210603986,0.029289850584851253,-0.03277894877363045,-0.012769318542125827,0.010511369746333026,-0.025312997678612913,0.009362066732796248,-0.033672734844174844,0.03607053517600081,-0.03599875589037637,0.020525851332084687,0.04264338796909315,-0.023046868926555338,-0.011348378421370726,-0.0178741231543992,-0.019129461723983006,0.032184689344941064,0.019558687794727754,-0.0013830721032759984,-0.027515374362537964,-0.021912881014759508,0.0024713228479748737,0.04865967932153018,-0.028586960659305084,0.0010273038564629817,-0.004111287590685943,-0.0021462901153776557,-0.02885667864000608,0.05841603292226878,0.022700009783721345,0.02685093554678139,-0.005688012834310344,0.020677774561563885,0.007742638822106062,-0.009474351538049746,-0.05922933923913649,0.03557457233723752,0.015196223191078441,-0.0062166942087421954,-0.00045869701556120135,0.005497109885360315,0.008430981713831583,-0.007650036362777332,-3.7463051217230374e-06,-0.002545103307384331,0.004028031522209669,-0.006623719226765563,0.0008567484043383834,-0.0005936545598320455,-0.0011935521958722612,-0.014659840330243408,-0.001003987464164143,0.004986534386263873,-0.0051209898938635425,-5.218211881436776e-05,-0.005319698967783762,-0.01645134262796899,0.0010244095483802446,0.016027405933733137,-0.0013599769641307897,-0.003975513495177298,-0.01763782002568715,-0.01821933721875969,-0.05233214076467529,-0.0341661234692862,-0.038346136699943516,0.04221335588489888,0.03819022261014589,finance
162,0.05770156242988179,-0.040546830771734224,0.020563969543678437,-0.058538585536891806,-0.010672338110451873,-0.03854540045759047,0.01460409703436768,-0.01000740151471048,0.007153512835334328,0.009110837014391967,-0.07246428289678163,-0.0738313381678074,-0.030574629713045268,-0.021896816760636022,0.12082273515626078,0.045988750877316534,0.06674477679751425,0.04901078553015491,0.017564046108278684,-0.02636141348985664,0.035370522818579934,-0.010083722534285,-0.020829468129778952,-0.0020484772078909223,0.09228222818140282,-0.014745754687692026,0.025897205397973373,0.031018558086912167,0.006461591525402978,0.02477841401154868,0.09989749942934756,-0.05138761162566096,-0.16608969260083847,0.06556847961425223,-0.10367529662823928,0.2338012786513354,0.178727042783833,-0.07709183297083856,-0.20006651608983356,-0.10549008982726506,-0.08492041667538831,-0.08449121625988103,0.08702541457102127,0.0017830807091371408,-0.08667610396505933,-0.20475189478920952,0.25532993685533556,-0.021513815980196076,0.10564238459623684,0.0222272046155047,-0.0645905722989762,-0.09982271291851273,0.20617335585277605,-0.14935531662776041,0.006860774765037383,0.056835015025754186,0.03162002840034157,-0.027524398738755666,-0.18081704924638975,-0.0577451051137152,-0.061245100587058565,0.10355884895822959,-0.006203727010131328,0.06826511358467971,-0.07556256936918984,0.08892664630067648,0.13381622090599343,-0.056855923014944944,-0.09388561431563809,0.07000352932289002,-0.03972242414699175,0.05280579826494662,0.033051752114761856,-0.0783534615315107,-0.008924158922037993,-0.10870190546463347,0.07489665559798098,0.04843565090228238,-0.12320233932316102,0.05312352431722005,-0.1538401138306959,-0.16313561747297992,-0.19873361601568357,-0.06406257926829198,0.14060299328436304,-0.021475255852685022,-0.14210557255284648,-0.005272908384343643,-0.0987422240242237,-0.10920698413725635,-0.055359939072528945,0.038130565938360145,0.15484316264848838,-0.19227212633126023,0.03987505285063832,-0.09407670321343992,0.10353759700672988,-0.005620193674588903,-0.029462743242243645,0.021825313243093995,0.09572272137078656,-0.054278684704496614,-0.005398515077511009,-0.11451213253117844,-0.04234209328621219,-0.03726521438003135,-0.07681255661484043,-0.010527492467435241,-0.01781966318672327,-0.013895466464963875,-0.0038460643203533486,0.04732812517074703,-0.020856780947135042,0.019795831905250496,-0.0349370785929317,-0.04653585291343814,-0.04281174638133659,0.042035307134418186,-0.000933045545160396,0.05149764410542758,-0.006845681534242036,-0.02793934837749535,-0.056537502062387154,-0.07899367545881004,-0.07306881545698572,-0.012560483851402078,0.0738613480355147,-0.0625915730046461,0.06096954687868474,0.05401434564104631,-0.0020389647217048403,0.009314180906163632,0.06315530806923036,-0.03316445646605124,0.026728134001610008,-0.02700304196230862,-0.021513799547275125,-0.0007168324029015549,0.0014858093231293512,0.005666758691188117,0.007445538331772936,0.04157641321029459,0.04272924529923931,-0.028743179868565793,-0.04972291812834777,0.010492760810828299,-0.02115898500772571,-0.002288123784717493,0.0067167302634624755,0.014952377583210644,0.012073565772198326,-0.04088245512857127,0.0011809177502985532,-0.001495175079324389,0.004473409026686884,0.01207270750233983,0.0016991066599093946,0.004084495163148879,0.008445092717316716,0.008397276481831297,finance
163,0.03115824137952564,-0.027874181674884303,0.047654644518859916,-0.10648836094687526,-0.048393865854160216,-0.014645604886801984,-0.10119031027007873,-0.041242671390295374,-0.01726386740997648,-0.036277697797933585,-0.16385864522124935,-0.20941338971062493,0.011636069688497279,-0.2327608152701162,0.5105818810622318,0.1658310843318142,0.3022856247004729,0.0860426196169649,0.09671719611383003,0.02962311837977561,-0.09527452876755552,-0.020575754433871864,-0.19853906722287765,-0.0038703268240721104,0.1480306143946289,-0.18619315853587057,0.09781931622483121,-0.09559952896748083,-0.01130261934375921,-0.003482468415858093,-0.02654195123012622,0.041493143544264116,-0.012445720518010229,0.09986153798720718,-0.11108363982292294,-0.006551134622078769,0.02315901031932969,-0.019341557592593074,-0.006480496293666729,-0.0156385025583123,-0.07967421947677862,-0.0017248967980157568,0.08798671242725199,-0.09499012113182824,0.09969166334400976,-0.03243113153791353,-0.09408107992858954,0.015856975226616377,0.03242038042687435,-0.05277546140789528,0.018958158104977987,-0.018027260583688105,0.043328024025383605,0.05499953687027727,0.013526964960325016,-0.008310595425195046,-0.05403278013880954,0.07465228472848295,0.04047120680947057,-0.016155273781325682,0.055461568783757,0.046023141718392696,-0.024887698758286572,0.04121798606173858,-0.014751792674258192,-0.011833150581417082,0.05820508545886083,-0.0006648583563922244,-0.002247945314027366,-0.06477057205986066,-0.011647570632569495,-0.0008319915433872277,-0.0029061378392229347,-0.009857605507651137,0.023582635130532943,0.03387501855035166,-0.03007421797297201,0.01911573149127119,-0.023193177767903753,0.025027424190600427,-0.0064099351914119395,0.027645416643060788,0.04152783232913566,0.009924941916826684,0.004719198387439681,-0.04647125327138771,-0.023168797704385572,0.014020765705847437,-0.021194794631746755,0.026258154277166997,0.0420657689034066,-0.01521871269545482,-0.057632487633521794,0.009065021824525777,-0.03963744321417737,0.0013427008624272195,0.02065299278865951,-0.01523408549505221,-2.48959112379852e-05,0.005387647620390104,-0.031017118872523727,0.01113614907783525,0.000918808966531264,-0.017500465933947176,0.01025887968575962,0.030702763996155995,0.028635710905906924,-0.016403102314741652,0.05240548044711434,0.02387473170517602,0.03809137436433419,-0.04441555094107901,0.026620624125698274,0.013711393201374662,-0.03613298137478961,-0.026558831103152644,0.09716157476673536,0.014431025185149786,0.009020035758812167,-0.059712721605359925,0.05674226905503422,0.07890331993688893,-0.033073937717327286,0.0592946112696057,-0.0038601981321994684,0.019754158532226205,0.010174088660484446,0.0453778297174135,-0.01638895489594155,-0.02823045989193248,0.01945337758473198,-0.013391324327928866,-0.038087938994112294,-0.0061699511583845875,0.0031869795555679614,-0.04851271406450974,-0.05302278717774798,-0.0149759922902324,-0.050339741260285786,0.003613603624472632,0.02487889129358997,-0.020790347880951972,-0.025479639013517463,-0.03857493007918509,0.04014989257634918,0.024678148074273116,0.00822411581241661,0.007853973914186841,-0.012948150870920742,0.00431184356747757,-0.03845965072740254,-0.01774288357534988,0.03002751623050498,0.0009560559854550049,-0.015145085880458129,0.0030179072894044494,0.0038153103952269242,-0.02845334318535951,0.01744812644187063,0.005308413652761859,finance
164,0.04973612215181785,-0.01782196066761502,0.030020676530932884,-0.06540925471519504,-0.015837148913255293,-0.0017890610740302984,-0.08091374869360614,-0.03646192189216622,-0.020390519050144912,-0.027644972610348588,-0.046524209873687265,-0.04224865477131544,-0.04496795291348134,-0.03568029311016641,-0.07201354090125492,-0.026142544770486477,0.0018638583246211253,0.07969494356681807,-0.031069244526423644,0.015337598112455216,-0.0687555099420958,0.0033205489515442258,-0.00244104130837477,0.016859802509855075,-0.036157411343428925,-0.0171988451545367,-0.05121331226889165,-0.0742964356400975,-0.032911762729867164,-0.11089070776193882,0.12223207919024677,-0.0159757513200365,-0.0646224439170305,-0.09394010651878718,0.3371369328249112,-0.17112360452000266,0.1612577263519098,-0.07964625044666503,0.12458354435984743,0.10462503932984243,-0.05229360365937787,-0.056954726854986114,0.13067198708995115,-0.1950097864207028,-0.021501346534578643,-0.24325216995283175,0.04964203043583456,-0.04616302903009369,0.022885008151583758,0.1321692220375628,0.052382348873112515,0.021837204965235713,-0.002080144448897469,-0.07426472593662582,-0.07788007189230697,-0.2064661695281005,-0.012355566570733655,0.1567228218700575,0.025737591334561393,0.001961689368202579,0.0352103829500974,0.041088829630942195,-0.11815689713081894,-0.046219519112644686,-0.0009912444076155661,-0.11388001523288167,-0.06438318899244369,0.03870406702374337,0.07032307868525198,0.2067287786576096,0.05203990000387595,-0.08805798965413207,0.07858934305596062,0.004462693403792101,-0.07374980638462007,-0.0960261447797754,0.10638135137161872,0.016285705219293622,-0.04419738005462729,-0.13276076563241568,0.0999713569127317,-0.1088471930325583,0.003089216451149714,0.049384799035839595,-0.026029256718374374,-0.0026548651382991557,-0.08177428805897306,-0.02506698779955848,0.060900870066331596,-0.04751158972852519,0.1347144140202666,0.09424376920172713,-0.06226053496560778,-0.07280033686279837,0.13495201321880979,0.0077343263944997884,-0.018748502366997974,0.024247954214477875,0.07920158785742408,-0.07927995445922653,-0.04613638065317491,0.08804872500780768,0.22375413058550575,-0.15071617012142433,0.15217169204325415,0.06675805289902466,0.16722465004134562,-0.12626982330941575,-0.005505004175978223,0.028081799201682325,0.021924464421414467,-0.04931445780831742,0.02860450586318058,-0.0811163977807952,0.01289983655417528,-0.08525118923500685,-0.027347172066667393,-0.10248606891441667,-0.05871038672515586,-0.02040614933328251,0.006969339715275902,-0.0962649497650807,-0.06554984836634552,0.009012108567611553,-0.0163167438648882,0.010680792856617204,-0.011635641168768678,-0.02963585142108446,0.02224953012303691,-0.020594638821047354,-0.011232610165250347,-0.0318192052260036,-0.038721271589889104,0.004846768519144932,-0.016471103644845424,0.052537418295977224,0.005984620766913123,0.026149642413333035,-0.02917464504134024,-0.003101684140884843,0.004690280052712223,-0.0005655087922394507,0.007346660475359391,-0.014936909533629533,0.004579697497444612,0.005774787341712712,0.002013849206904989,0.008070748057967939,-0.0036981892805635847,-0.010331341201002854,0.021504005647836534,-0.007084067461415092,-0.001196269150791734,0.013216364193277375,0.0061457961750894345,-0.02089628615086272,-0.022161141052311917,-0.01237090039501169,-0.0028955086114478465,-0.005149055183755859,finance
165,0.03716174827672459,-0.030299832711223763,0.03375724694653594,-0.08070749279441103,-0.02301654780404146,0.0012040766351282556,-0.04260487887632023,-0.017274890197567793,-0.02826916659238306,-0.011143600052332354,0.010627923276956993,-0.09905775769484353,0.00114126362501641,-0.05295077094317524,0.026990257133694257,-0.0013213279159024695,0.017006160136013145,0.01826396002797437,-0.046064921510673804,-0.10301039960309398,0.008446825469761209,0.06354878588690506,0.012658611083906837,-0.0026443533708611993,0.12258133248702162,-0.008541337956550417,0.05169868207205677,0.21755260313293634,0.13594432284844513,-0.053329836703367356,0.08726295834705756,-0.15329597012807372,0.08802091173619056,-0.08977205004639001,-0.11232159889369041,0.07216441337150789,-0.05812520459337501,0.0559812931064152,0.08633850431618709,-0.03127640578191537,-0.10268982306406794,0.13471780336838737,0.11271654566726955,-0.07611770034490542,-0.17979238228323757,0.053941214036537066,0.012824883015094954,-0.0690531699945369,0.15635638652494857,-0.06336030720784504,0.09459229899200085,-0.127285870395945,-0.11734681407655739,-0.15373965477951618,0.04366563597151653,-0.04036368524185682,0.046784641550938984,0.0892073452554985,0.1306391052105868,0.1314395855144421,0.0010182995366060834,0.07014775130068782,-0.005223847122323413,0.09403527331717505,0.08049059297463838,0.1525686561352841,-0.12700909754487866,-0.10916307197997943,-0.08320655469481732,0.08479770439786186,-0.07420298903790606,0.13207245162273198,-0.12329279716406076,-0.13076445405545037,-0.16382466098038972,-0.06205546632789899,-0.1265207756125978,0.14299922484231217,0.2131721355155306,0.0036015106994465554,0.10797170106916086,-0.13752717498936462,0.17054678341272045,-0.1764604002654057,-0.1710670705136648,-0.2230909454434659,-0.03177183531974874,0.03217026905345435,0.048750537322147354,-0.09658267190300092,0.02375550522944163,0.0033424489533408915,0.021462122392323226,-0.02516652199828484,-0.10463592660239693,-0.047737442356367066,-0.1379635596660669,0.02868500104445334,-0.1345731495598734,-0.056103410197709994,0.06047003296368201,0.037040127201940165,-0.0016393490906248221,-0.05189200659149143,0.030912761275650805,-0.07494326619192704,-0.003427493252626534,0.02136643335538549,0.021718905280860155,0.11077973371199762,-0.016180946857587978,-0.015527825759143556,-0.004910044998201473,0.020046328491858174,0.06602577425310807,0.029829618523521523,-0.0153382769810386,0.09518406765113062,-0.01688214155498309,-0.09401529085078916,-0.03650587878566929,-0.015061631308673114,-0.010128721218725661,0.026078564726001053,-0.00045905859206565283,0.03649257397160034,-0.03313044321612998,0.0027291865133314726,-0.021872208461286624,-0.026217427439833588,-0.008136146715779384,0.012703003644804457,-0.00575094084783141,-0.04657322063196602,0.0022976177940329835,0.0035103157933383286,0.03591355139427046,-0.0041138191459380745,0.0019739894793651715,0.007004143309151216,0.013858666137929486,0.009016286359097627,-0.015519842712373378,0.007385023822653575,0.01818849117568404,-0.014741784264515641,-0.002307916939074367,0.01840958627561371,-0.008689112081642945,0.003709987666207955,-0.010107215514583778,0.004351618034402741,-0.00977555886543172,-0.003515306961471198,-0.004066709383269642,-0.0061400579725998305,-0.02356930538957637,0.004814117870643581,0.008374663260840505,-0.013402458410452393,finance
166,0.09642752179015893,-0.02951333373664739,0.0354886279335846,-0.13809519765713096,-0.07306794154428095,-0.017515042679988137,-0.09066052546512553,-0.04795833049697759,-0.03441571339462888,-0.03463245103804783,-0.16373284078254127,-0.20053009501021216,-0.018873904924880655,-0.15184021134285264,0.4299433332431087,0.1714636095329434,0.1893781712649599,0.03417128136545991,0.03965177173608272,0.02690663826851152,-0.0575579619212783,0.004436761159104299,-0.11352087416598053,-0.03668572469348489,-0.00481861505996213,0.000930505046312609,0.04728113466892421,-0.07515112499392941,0.07102936212587034,-0.029658918534269104,-0.015758821451472903,-0.026237694804084364,0.042791770644022814,-0.008995773238031905,-0.0020200901544512174,0.036762919174780084,-0.04420831580672445,0.01947364756635676,-0.024456715666542964,-0.013203745173706458,-0.019491597467733924,0.02341723826347438,-0.10594906644946264,-0.04183013222920001,-0.019183848740319295,0.015465179539781288,-0.02419330161942639,0.0464046686506591,-0.04952368926769795,0.015497738226140912,-0.0011236930673356063,0.015919919638122806,-0.03057624626166253,0.020342346608793284,-0.00800391383392749,-0.002401020306205782,0.030251145062984406,0.012685814532360108,0.04353981821862683,-0.03755593173358101,0.008297719619722794,-0.051403481570772284,0.013401856246791471,0.0020803657068435167,0.004258855162423519,-0.035756717695939064,-0.0897749925559321,-0.011536584579946359,0.0050938051176371265,0.01337524476149677,-0.02793604041838814,-0.044816384054359025,-0.006593779982020309,0.00016874058750586152,-0.044757698541091455,-0.00470066335214062,0.04156723534653883,0.03390753177205116,0.027104499236696784,-0.01730155220902632,-0.006748761462368639,0.06722723236314203,0.031896156200810696,0.08378728785008885,-0.045449023524879506,-0.01681282267816408,0.1225449503885367,-0.03143820233142299,0.06483604265491853,0.044998167667502996,-0.028886197662149986,-0.0262164673722087,0.06732455595431988,-0.000844967306908359,0.05357198837896828,-0.03172278358824927,-0.025786335767671635,0.08798334314743209,0.07462039257437438,0.014431844618574231,-0.04446360952416677,0.05238728675923673,-0.02549281405290382,-0.04512828085992096,0.018631686041317704,-0.02239438197434581,-0.06394020356372968,0.0006101105778235373,-0.02013307079464659,-0.07797143256096561,-0.06317473766808426,0.04983785242403787,-0.08861021131791705,-0.04969948469568455,0.042598589802192964,0.08845560378272106,-0.19331284605646518,-0.057014058495763666,0.06229929467523543,0.15285499061193786,-0.24163610642579397,-0.19395107703757317,0.11950717957193699,-0.11852497655980382,0.07503821324112207,-0.08114930200610866,-0.118751803317921,-0.17694570806879423,0.036340511362090606,0.09847340786611541,-0.06340500386059021,0.04732554343525972,0.11272820640499388,-0.0098296927704316,0.03796038960459094,0.10335071950939272,0.050802102408813915,0.0026660473694286825,0.07761884461779062,-0.07808320068231316,-0.08225925444343962,0.03494096657312242,0.026263963802116676,0.1490777872524366,-0.016182307995745854,-0.10009476551160805,-0.10010566654040737,-0.014609846377525609,0.03312988956713944,0.024372286562595446,0.052806287196454395,0.006889383101117251,-0.028043657153275284,0.009742127161483864,-0.0014419921271597014,-0.0263185944738166,-0.019110029121635667,-0.011776851073930353,-0.013384267095958387,-0.0009300565837807061,finance
167,0.053507796992496165,-0.02490961330461293,0.02131709984096646,-0.05248425991888219,-0.01416021876711186,-0.003312091504802709,-0.06330243999499752,-0.027960927463066925,-0.0071954878129008365,-0.017019004355884555,-0.03200558018985009,-0.07420682884483122,-0.005351264478509768,-0.05323181681708921,-0.10736901417388722,-0.06621276298181727,-0.0023007489651931637,0.15520278072038385,-0.0887178815496613,0.025218851736760122,-0.047443777305922086,0.05322125052451384,-0.011788931535978016,0.013780668885742075,-0.050141696186281975,-0.044215507707829546,-0.0010103024760200622,-0.026424808206740855,-0.05782663956619349,-0.07166099298670463,0.07905266150411683,-0.03859425730307298,0.008051869072906118,-0.0010138349891506166,0.18748654703053552,-0.03264143970381317,0.07086408733795758,-0.2100811247714358,-0.03224810493261491,0.10863961775620523,-0.009025902238459324,-0.10224676407642891,0.11969833625026786,-0.023894843647557288,-0.046038244357379805,0.24129484336175136,-0.04364452408078017,-0.15055705828495392,-0.03887085873016666,-0.11601415199389598,-0.13286996941304463,-0.16250341811420171,0.040164872542096774,0.0985449986053266,0.15232271217586474,-0.09761097187758583,0.04279006703430641,-0.22054348860000383,0.0864001616700355,-0.03128301642138854,-0.009645744924014009,0.16149779334156225,0.3403555610619154,0.04565645630704083,-0.0655254158384195,0.11558418057809704,0.2540568564985081,-0.10542053235224141,-0.12555266718108687,-0.07710858267433067,-0.1277861601626951,-0.05913395901300352,-0.03227884074089571,0.07863382530420122,0.0031568189010448304,-0.05399888482655585,0.011373500295617539,-0.01078866763496771,0.04714032198503667,-0.031561219459244484,0.0687766532076609,0.0077682361742093965,-0.10826527647524956,0.10821781576380482,-0.0641320083388544,-0.0007101523088641141,0.05061283011559802,0.04889905621866026,0.1437334891163775,-0.04698955814363478,0.04237222579745073,-0.16322331164218973,0.05876990603491615,0.01823869332045118,-0.038195968442420326,-0.07634189119028664,-0.021095989415015615,-0.07402719493402118,0.008355291954568859,-0.08555216173021714,-0.1924971777054392,-0.020661589659364554,-0.001871622880830099,0.01730158067080593,-0.003375850195683854,-0.025170039039497435,0.1383119152919721,-0.07767571910036705,0.05879609511321647,-0.15028627777810535,-0.04140315713991877,0.0491968311649534,-0.03683147475801481,0.013297714997036308,0.07089399478025117,-0.0056680749931534834,-0.04909229500730536,0.0023964564595825113,-0.023496779171184833,-0.07600787998222537,0.003961117812838245,0.0059448727415481895,-0.06791564386845354,-0.027545458523067966,0.025217917556071372,-0.0046675278025237145,-0.009622639856056825,0.009924219457737624,0.02474362456977892,0.03203882192857843,-0.008444924851015275,0.016736917105674366,0.022544612846451765,-0.021840970811271482,0.014655531176733997,-0.021033535887192433,0.0037860128076374427,-0.02450485867996612,0.0006337292365604536,0.015178206426191387,0.02035817477210122,-0.0191954579506158,0.011005258930390817,-0.022237389916008005,-0.013248323970675215,-0.006052904696026769,0.007194296823418326,-0.00491199966082062,-0.014532304840864993,-0.01373211710612291,0.027066606894987796,-0.021584450510141472,-0.010120355428889359,-0.028960869811018437,0.011223462387691757,-0.028423116186836347,-0.0067199562848770855,-0.01232566250887199,-0.005878934350475377,-0.016265937472754937,finance
168,0.06659725781260756,-0.017188168506197622,0.03314697965370878,-0.0894523036131073,-0.03512961107132576,0.0005755627523771133,-0.06427191646292406,-0.03675422950518668,-0.01888710156925362,-0.02031960013412183,-0.040977661509222364,-0.0338306855731165,-0.021790106124578205,-0.0013348607183131136,-0.0934243327512873,-0.017774010528976782,-0.06261496644176488,-0.2418177578623784,-0.22268190163184354,0.29507362569101114,-0.07785726879919311,-0.10236603195520849,-0.08510719321787101,-0.03193145514325665,0.10113904568480828,-0.06316970404811004,0.03579193934656682,0.03420432906820133,-0.08803337778358884,0.1348318047553173,-0.08065184469388893,-0.05676028254672658,-0.05225327566035886,-0.08624502652432735,0.013508463272614372,-0.07594887060158487,0.020082718442097348,0.07908472559438146,-0.017219845221374763,-0.03617762322872043,0.07258074321500617,0.02551486495795093,-0.052152765434463205,0.13009411851918742,0.05774978398119307,0.017275544867604655,-0.008556112795975138,0.02163580056088712,0.05160719180626006,-0.07596368496608913,-0.01696878736222175,0.038423796232763936,-0.0427825740616395,0.0014680196557498165,0.09431447747496433,0.03591605819433833,-0.031850239548949236,-0.082463147708863,0.0017634562874187883,-0.00979056544408873,-0.01659957398192493,0.05163667023874926,-0.07734962675101818,0.10175985673874514,-0.05439536885075201,-0.031064939601463504,0.1581977677231842,0.007485284568897744,-0.030383711866077356,0.061841682421531055,-0.016311094323070964,0.10608332788036923,-0.15810799966219974,-0.07624857980488273,0.036976157208378095,0.07722474957268356,-0.109423190429141,-0.1474179844675889,0.05397779584510787,0.012465014409149733,-0.10455474411695342,-0.17861839757703232,0.11132043572949916,0.16271622751247425,0.05920756270252418,-0.07880633077436905,-0.07185022700568616,-0.15315483127410986,0.06410285946715222,-0.02759913373803936,0.11334302381731662,0.022508259674283763,-0.151367214950048,-0.11351489027144397,0.06526955229480136,0.0661003289297665,-0.03528839473482999,0.049732493776730856,-0.053238730105296055,0.11991960863294729,-0.045371484840829854,0.0976247989988796,-0.028732970886934023,-0.13933996347000882,0.0538673136694329,0.035859637312287466,0.07362525137776929,0.03272993488979141,-0.09600470843117632,-0.10954074962709491,-0.0082663690779304,0.09753415231126518,0.041520677542268944,-0.015454317748722652,-0.07181446862810946,0.14382135659491874,-0.0722855817118477,0.006114035448635255,0.015694863333275123,0.112719869240782,-0.18479562649140294,-0.08252867809088946,-0.07201435869455042,0.021551792740361897,-0.03286628807591364,-0.022361502203974596,0.04122795928500253,0.22053194420718047,-0.11637973572684027,-0.03642423144188237,0.02094768445411116,0.01318350512916694,-0.01153751944468961,-0.011765655589809847,0.01278667997268282,-0.0005246421285231824,-0.06663385659383139,-0.00510158415938591,-0.02616800195278968,0.014798713801683308,0.004273317784693995,-0.008605925316769989,0.015466215052301852,-0.032961439466176905,-0.014839867724768389,-0.0043692890888621504,0.0068060473172547485,-0.03279946440270658,0.001977957256575652,-0.003855658924971057,0.001463978058076038,0.02625222638591016,-0.0029778406891354855,0.009689034276622769,-0.0020837140955868934,0.00114976112306721,0.0121746482384431,0.01090297135993387,-0.0011005683056455778,0.00018424951189142326,finance
169,0.10680624247472408,-0.046520738941877963,-0.004707221913738286,-0.008897905043826893,-0.013981146965687032,-0.002781913432899732,-0.05341195358748562,-0.025802200509507323,-0.016533287994304688,-0.0007018744305802991,-0.039295529119807396,-0.022175757066470292,-0.011431373428337808,-0.032137242812440035,-0.09072938230318918,-0.04867081922154704,-0.025193688938146275,0.07951077033673706,-0.004091523417984596,0.005117372857556549,-0.06043176286977496,0.018371113776066362,-0.01290769823302588,0.008281217651764783,-0.00915778071381609,0.0023346823283630367,-0.117226202569982,-0.10759690245552031,-0.13746065921195597,-0.044834938555741666,0.08191891947540082,0.020069447454661278,-0.1315306753896346,-0.0559175186866722,0.1918047819379588,-0.0520687440461481,0.05429336592355598,-0.07238296667348461,-0.03678443904494101,-0.015036614832180233,-0.23289700154757303,-0.07391634846302096,-0.056609072180655515,-0.026045670169212574,0.1031518846238671,0.3095429177872837,-0.06806581189630899,-0.015606999882443014,-0.02487292386919419,-0.10755646436940958,-0.0018013094793693353,-0.11793378350116773,0.08716713901943489,-0.06166814182636392,0.08554016810675796,0.17350064643903795,0.07853191883251986,-0.0918063461765628,0.023792222718297125,0.020818878585408745,-0.02635982901713638,0.03322146410864162,-0.2906819857426944,0.17300578257808652,-0.013021779867704048,0.08075464819703469,-0.14339634537587706,-0.10876578797646685,0.05999186269741902,-0.0816684093183244,-0.08896106019557459,-0.11539174907462112,0.014101848511925716,-0.01625914871172676,0.031844715736707115,-0.08498782545902268,-0.08791541584553197,0.07718094573102703,0.02568727553436843,-0.1437884584905344,-0.0144542571344315,-0.0983668832957739,0.05239255853628075,-0.024775123251677675,0.005237157033449012,0.1601919584322255,0.00679554467963901,0.1311030613109993,-0.03949645671647547,0.031403734580146114,0.0739457434686755,0.1334887353903982,-0.12028933981132825,0.042048310671342855,-0.08919561213024253,0.039171132494079636,0.08914806504287867,-0.015319250869485256,0.07360348642016765,0.16558065027267943,0.2403224205099219,-0.0176599284082675,0.05206528659057499,9.41388339741677e-05,-0.06204722005297315,0.02082047800327018,-0.09778768834446035,-0.04024453376400526,0.028790927319293804,-0.10945505163718339,-0.028360013113045788,-0.11396508853525603,-0.02599973120493771,0.015399126459800455,-0.0015132110482197092,-0.0876239631014456,0.12062779371071225,0.05285522188641134,0.040799538295002526,0.019041396449106286,-0.07911055384406021,-0.10110155337524712,0.006596124131912757,0.02836767377768371,0.035446003091647596,-0.019861501358329633,-0.03346569666307647,0.008622879850884241,-0.021462991048947715,0.014601046496167771,0.0032813214365933273,0.012257627862855999,0.009162253725360768,-0.0071572117418118725,-0.02131959805704098,-0.041384873088317634,0.029448938665460368,0.029681398026543616,0.01453352861523052,0.016355156014080593,-0.005350614969965768,-0.0012108427142412505,-0.009442372831525162,0.015872743043186005,-0.010073416397193816,-0.017526450258264003,-0.002336625782767762,-0.009940097130418952,0.00788540181203726,0.02358619860488749,-0.002741595401768152,-0.03256567613962644,0.014778576123510766,-0.006633377492514422,0.0023140232150590406,0.01699739732641686,-0.0005732321158040648,0.006787484491595102,0.008460238549362101,-0.004946078035784316,finance
170,0.08037012909529823,-0.05066519281753957,0.04642300778134914,-0.1410125273896572,-0.07665724800372042,-0.010888141891447628,0.016830997286977505,-0.023101268634575595,-0.018910202523058292,-0.036964096144236076,0.05683455597472856,-0.025926448549345622,0.08813758677823862,-0.08514105491998672,0.006735270381434174,-0.01817546560501516,0.03311602672538393,-0.11926713753071388,-0.14852582243252985,-0.0979430287231355,0.3067426844674137,-0.13961402049455476,0.5034270243242043,0.15765829786229926,0.11025109630554705,-0.1801079333657336,-0.003246711481252854,-0.4055817842172805,0.10627463186672556,-0.06974109007290137,-0.008023505723014175,-0.04141671831878789,0.11533073538010764,-0.02880546947812463,-0.017368983767380535,0.05186414911458239,-0.014903687435141281,0.024890868198956535,-0.007124461167242448,0.00300115959115394,-0.031338051017154714,-0.037320333337149125,-0.015306532852921263,-0.008268913170373737,0.003355898013939724,0.007983414368270596,0.005141661628497385,-0.007100457547514951,-0.007994875437633319,0.017530727271355847,-0.0317013316362421,-0.031157646427362323,-0.02710467040304093,0.010153853292215177,0.03175446895600063,-0.004909414805000861,0.0018896371978180497,-0.00992651480035639,-0.014173796882268731,0.01032145129586056,0.01669008127730222,0.01396435910914685,-0.004739310846621574,0.012628197890736225,0.0343277661418408,-0.03355050057805922,-0.015398088258190773,0.01865587012253463,-0.007852780545277264,0.04819951679577099,0.009336575813787919,0.00974108224435004,0.010069539827211862,-0.0050372421761558156,0.033202635178329026,0.06697565330408144,-0.0003736681209913056,0.04822165734120662,0.00028186346266285804,0.011913569816754012,-0.009672395660261448,-0.0044366288568422185,-0.016526463928170455,0.0207282605507428,-0.008473330139513515,-0.007201623510526879,-0.004999784605537814,0.022384450399519362,0.0033103846164607405,0.01127471417173681,0.004648194178068092,-0.026567531967230752,0.0026208277312138374,0.03438075083233911,-0.014377007214486945,-0.007232933976040766,-0.014795065783133653,0.01197463766769434,-0.00882686382728505,0.04062513929681201,0.010321077332105513,0.0029103757616694473,-0.01825855491799543,-0.04766008049495873,0.01841507617274309,-0.028783606708410472,-0.0012797552542902501,0.0231116537233978,-0.003091650077456841,-0.024918703159739885,0.04279803518467188,0.019200079696578724,-0.0005087970075152172,0.00585771732554674,-0.016784079746468665,0.019316742439946112,0.013904120278976882,0.012102809991323347,-0.009345795968816635,-0.006087621921701749,0.03689643689025045,0.008144343472589594,-0.018814641999791635,-0.028078014562755767,-0.016071371312272223,0.03198908783464602,-0.006927382362849639,-0.020229302795045576,-0.0024930450974645804,0.0037780725026430846,-0.0028025480779731524,-0.013799909127592347,-0.004436699757103796,-0.010853943608662086,-0.003573144704615604,-0.004803767132867598,-0.06661270374729515,0.06597968494398038,-0.04819193659818809,-0.0289769528206733,-0.0022035180359767765,-0.11029691890111942,-0.04479336423971747,0.005347632573258412,-0.01152342983679959,-0.0007932669543866329,-0.12900160665933205,-0.0743259586896857,-0.02119382391810008,0.042037034802395644,-0.09781734968363039,-0.06943647660762277,0.04228427327448701,0.023588853802355966,0.022493403270569628,-0.044674562813932936,-0.04710381783819288,0.004753265170621933,0.017123344808870698,0.03435377556301452,finance
171,0.06329553714187348,-0.021493588466349998,0.05228880142117563,-0.1279824762112393,-0.05792864128286964,0.0006425164446099671,-0.09085612577467089,-0.06145978589364964,-0.03874608338462223,-0.042595816514089814,-0.007298004002732996,-0.10591618924453539,-0.018675577518723157,-0.09438404170778047,-0.07487350294157685,-0.04545883857989095,-0.013043585594890404,0.109568037319746,-0.17085238906259387,-0.023340314425714707,-0.026213942984125625,0.3070377446246571,0.05552952332545146,-0.012531480250479133,-0.09518052174973267,-0.04470496773668702,0.13351168664577387,0.027533799437494056,-0.020407530352842762,-0.026705949238487,-0.08130368828774642,-0.04303003138860089,0.08301619640960205,0.03130452784153117,-0.18296902725706096,0.0717584096945945,0.039872977048263564,0.12127320846662505,0.020139168132857134,-0.0009221446284785377,0.09353042407776513,0.13592805408775405,-0.01202633842517815,0.0857118949935501,-0.025227754815517457,0.023284870002280356,-0.06548504733623932,-0.027683595012147916,0.00707745733135129,-0.012344471345161716,-0.039334222084057555,0.0964159096040701,-0.1416377330067568,-0.004412529231196445,0.06543704684249667,0.021360077511771696,0.05240502955977277,0.06581179891057526,-0.01511208470955443,-0.02971550998007876,0.032370583261690095,0.024347534216637816,-0.19443835625964012,0.01945474940891883,0.0018572553859598512,-0.029564722423788447,0.07987922092031337,0.033821095033620956,0.05101118091937247,0.0855167297727588,0.08013611246899607,-0.0984440661890492,0.09280597072004443,0.06466373769953805,-0.04420795069793501,-0.11141070183253601,0.13804141670122966,-0.0902092055809557,0.023800593506020356,0.07119950706586298,0.001037523472449955,0.007801839533554934,-0.06357321543437812,0.010694165524253011,-0.14140648664127628,0.08879747706454302,0.07432304657158759,0.12240468930489956,0.08456592270741324,-0.010799989087496922,0.1783994930341912,-0.04800961160921631,0.08932435883051082,-0.08509411876144325,-0.12327195437438379,-0.014904568790833276,0.12514497496928376,-0.04470129354255232,-0.009536745774484646,-0.0790215477524583,0.19625637681553046,-0.17494608704636674,0.07707025778773632,-0.06411814254830106,-0.05708448824164073,0.22835340255958841,0.05772506245952766,-0.0726833260227684,-0.009496824695775542,-0.05700553093982426,0.13828263711800218,0.10995323646904925,0.06624800921532438,0.013116408434357171,-0.09553378139181277,0.1504463647596954,-0.04066405788925999,0.09140766115727603,0.012736514509292012,-0.0887842629514038,-0.002944601108598602,0.07774470490724919,0.05496941909873972,-0.11963345066424208,0.03990765587368691,-0.09438730978506421,-0.029409750114357768,0.012897166923126004,-0.0337010620159224,0.0017708961623274324,-0.004133816691026542,-0.03619542479314062,-0.027601031931367544,0.01745903599710316,0.041824181649619444,-0.01391778220094777,-0.037543537137168244,-0.0347855759447352,0.023627264424666006,-0.028521435002176368,0.03413359342061528,-6.641604787033195e-05,-0.01845376538467694,-0.0059424045803007945,-0.006227613101482814,0.012821479133461844,0.003110828185693439,-0.005915948989504942,-0.005775247603812993,-0.005109687381520327,0.046322829636362195,1.8913047425852755e-05,-0.024190977827714576,-0.04259178211768865,0.008890739145904897,-0.07127644501507795,-0.025240407331503237,-0.00906630953362781,0.012762678159402836,-0.003932433476742646,finance
172,0.18588489580896303,-0.08358961149022984,-0.02315124534226254,-0.018232550635782812,-0.052899708926458476,-0.009394739842199629,0.21871268948175598,0.0851977049963092,0.030416643412802275,0.033243413694561165,-0.02512827568348982,-0.00874103539791527,-0.08753624860310169,0.03981232229836216,-0.00023861580709470576,0.0036511999521564175,-0.012232447719949257,0.003427883673346023,0.07518563984621557,-0.000286840564025621,-0.018504712106605224,0.018105975738632724,0.024583165278932114,-0.0006577550215233498,-0.0016441658053830586,-0.02692636458323861,-0.11537855724124653,-0.02545875930820997,-0.22821542974169154,-0.07294656926312858,-0.08740762920436976,-0.005825977159409876,-0.21284519829182957,-0.10197847311009828,0.028778152333895135,0.26601515022279903,-0.03402843360442532,0.0435412974376206,-0.04461553800779248,-0.02884323868615254,-0.0891772215035497,-0.05357218230812773,-0.1366263972967637,0.0395300092419087,0.07940808733626732,-0.10769425011030002,0.04254541504799416,-0.034524709975926986,-0.04816206996559127,0.02721787192293161,-0.04116122187354759,0.04846525502317658,-0.17975678401048042,0.061349690956689386,0.07493061860241863,-0.1339944778265865,0.0013385299350173719,0.10431751990346819,0.12367247844566813,-0.006498169717740675,0.005631503755642781,-0.1142125820756537,0.07917373507898792,0.023266261440152338,-0.02407951476830668,-0.07405541127453374,0.007226153654971202,0.04534330544718734,-0.019163849153145,0.05619672704778562,-0.018502362723697093,0.010297646367659697,-0.04636269204600113,0.0881266370852061,-0.016091823858520364,0.03609212233087718,0.0007690790102227872,0.024914944294777742,0.10803644365493019,-0.08870584984815613,0.00882684862615697,0.09468991914717516,0.09931425313877838,-0.13369984231506896,-0.13475654485250113,-0.09674712787497136,0.0007681031118397352,0.0666562129294436,-0.009756232583356443,0.15125776110737224,-0.03882609872237771,-0.023162163671409036,0.014227448861766722,0.01662598285699918,-0.08534781059152724,0.07113163589840864,0.026394466958338924,0.09293113695856084,0.03310314207572168,0.06850775681120322,0.07380591394752857,0.1359377974365602,-0.1082449949098222,0.0008284624971710978,0.07635037697323017,0.07189122809646245,0.12107596540582231,-0.011690663314928627,-0.02560712987206985,-0.13137797233046244,0.04999153105365991,0.043912742987214065,-0.062114400797693516,0.06068616911805053,0.003366652399985645,-0.13046774984071893,-0.030378966202900655,0.0920813932293386,-0.06606849653048959,0.02620045529404266,0.08905138234691502,0.011029508068272725,-0.11401472748281449,-0.08590162751505281,-0.11151558060282085,-0.0875966357071894,0.17783512806371488,0.004665473326067657,0.0612675562451036,0.07089551197603534,0.04432050693592876,0.023666228906405636,0.15860767487395805,-0.00429470721000611,-0.0007080794229158192,-0.037237323341966076,0.006652564799720771,0.02741110787712157,0.01972656780791719,-0.04216677365982789,0.008864394766150347,-0.02454398697782036,0.0281668232470076,-0.08700502387300035,-0.09934404729916003,-0.06690318114682177,0.045022538877653395,0.0593543147117754,0.027657310441220676,0.03647488093178984,0.013948675459514098,0.016894442581664282,-0.011680182226208475,0.010974631367051952,0.005439849708912594,0.04495694124659438,0.01129931764401817,0.0043298314565901495,0.039327810167928814,0.008658055677347891,finance
173,0.21670102613136003,-0.14677466113609922,-0.029784913228190567,-0.09542719000534639,-0.09161771307234737,0.0054365522532522255,0.4314310455202886,0.16472199612373453,0.07884250415892548,0.10042728659578061,-0.03835281691396072,-0.13460084179925147,-0.1737976121870666,0.13304222038190175,0.04857474647877835,0.03135419842894347,0.019885710981827766,-0.0660623915937444,0.11239337001066863,0.026894803487724835,0.11127980096808156,-0.07023632779713634,0.14990210335305496,-0.006961559744106196,-0.17501140461098966,0.022466237332589158,0.4842799095400783,0.12092198259226052,-0.036124190878475716,0.19131894811467212,0.06128384673418628,-0.03680377634651353,-0.03467474904453104,0.0570063306655302,0.020608067062518252,-0.17759560514062583,0.15453041665347422,0.018976035170438835,0.037194488375789925,-0.02600535898577517,-0.11510082620314314,-0.04922552966589456,-0.05706158042119603,-0.024569265407644075,-0.046299330907686745,0.04500396624090995,-0.0515296995836592,0.03453581694061805,0.014571985275092562,-0.02709326435949599,-0.0111045161003823,-0.020268834602241714,-0.027276583726097613,-0.01896512190038847,-0.021211525360463102,-0.033992936925386366,0.04652009280635907,-0.038666803637214836,0.005170336312651188,-0.010934235727177328,-0.03627111497027878,0.0003872107560186405,1.319364272602825e-05,-0.03908460476720798,-0.032079198116953075,-0.025695748642689795,-0.0009966634300602032,0.03244376274433995,-0.009921920695086102,0.018080541295114102,-0.023914463895996226,-0.006318281995267388,-0.01885938394632614,0.023817846784704486,-0.02317315657124747,0.014500108358586257,0.01108490276579623,-0.00627975218540529,-0.017415044516544333,-0.05258731772294049,-0.021149010386645867,-0.010286170154466036,0.0014293373404873433,0.012752534558985493,-0.006701990067245562,0.0007188768653465844,-0.006353544876348684,0.0010638883803452774,0.0018071680055275143,0.020016657202033362,-0.019253181248245974,0.015023848465506435,0.002729420553742318,0.00033612625466215563,-0.007941982340944386,0.011397076890762867,-0.01598882192420207,0.009723953548682612,0.015343824684172652,0.001883947210667637,0.008565104131616888,0.006252757953698031,0.008991708015588084,-0.0001445153209397033,-0.000888693054418896,-0.004083224811862383,-0.026661171520766483,0.004437377618056192,0.027730689266497757,-0.0031474177599183444,0.022228963184862897,0.0031978640997891504,-0.0014258593233609626,0.0023337221574956614,-0.018066854992350702,-0.01844784311527727,-0.0010960338467694767,-0.0005925982659615185,-0.02580830702115348,-0.043619041626303465,0.029810010668992092,0.021514025366688255,0.028510675125391023,0.022727573016609135,0.009634010834613944,-0.01087910925095303,-0.019127453410753215,0.0249489285116278,-0.027696476598100206,0.011904798901263426,-0.005034189933741304,0.019858588180255675,0.038302253144428755,-0.010785370084140631,0.024071558560221848,-0.011997020589126649,0.0012150024521265452,0.0165706673836128,0.03169441335227425,-0.026194945507065748,-0.01960274861808617,-0.011834717432350242,-0.011870276923630846,-0.014052778858128712,0.007373164077023415,-0.0012038234558583757,-0.008292083017813265,0.011529707879807753,0.005698794601777825,-0.01176859858841741,0.010015822903520615,0.025518085208482488,-0.007897151605619187,0.02355805881369939,-0.00304541989479436,0.004691759728864593,-0.0008087771581464606,-0.004723596812925772,0.009026550656894504,-0.0031651413754800162,finance
174,0.056188911370555775,-0.03141611606721356,0.03043801137408715,-0.0843914376964067,-0.0470906851505895,0.00010444549848670335,-0.038738384848206575,-0.00888447106826501,0.0037852639082507026,-0.012712192183719556,-0.03420527013184639,0.1265397444184141,0.041386498544290565,0.010601973896311682,0.0334159458641066,0.03784515121956793,0.02823460920875431,0.04731459514728994,0.03886378507570775,0.17561285359938436,0.09261188661157861,0.01085880289188921,0.08864954913204892,-0.06251884819735046,-0.13856994548678744,0.22094875229839447,-0.047399038811901786,0.09465504206323046,0.12251552693973031,-0.0868789882103225,0.011180457079609057,0.05432999554898879,-0.01372097183789292,0.04552230510175307,-0.08487669067898514,0.09339392842188493,0.2513905676690952,0.13049898186581704,-0.13414220579123315,-0.20278790220809673,-0.0028892553267096336,-0.03212895220621664,0.08607956532654051,0.018479581023281674,0.0863480982811207,0.011679946225976698,-0.04269944407381456,-0.02689174396505556,-0.06086240386340428,0.02390101826083632,-0.05297128097583228,-0.04764930338257148,0.0038128034853991024,0.13332537764124863,0.08036116711153928,-0.05945070514665827,-0.05051884311331071,0.02055770108715391,-0.023692108988413608,0.033750626920317786,0.02640180401231971,0.0032938257926241454,-0.028303538992271962,0.06597340352129095,0.05591310510962798,-0.03272611052678863,0.004108383999787898,0.061282816898749023,-0.06635635406445856,0.16825043374635332,-0.01481761296032098,0.11102982991692056,0.052396309399948396,0.10857665092396122,0.06102745611383961,0.06639404548911994,-0.09260039099725685,0.0509303020352094,0.03844723510809416,0.038788907619688895,0.13235213905998622,-0.006914029852760551,0.0055001458823105785,0.05032279293167029,0.006129871181374205,0.06544816325879488,-0.05048733066802399,0.28481401657499644,-0.20980553718829517,-0.005387411858647407,0.06376250212870617,-0.10929641569709192,-0.16227912430998673,0.005176635803910064,0.10142440286189794,0.23331819714252838,-0.15022550504424512,0.0640074954155415,-0.12449145795057667,-0.10066905865663536,-0.10448670732921174,-0.23614787251455951,0.01389202935787688,0.0022638296910179947,-0.016719005578764032,-0.0678616962834423,0.057155686001164,-0.09002547630417063,-0.0842352831025849,0.009797732688560034,-0.041989996686945065,-0.05956483490830242,-0.006364660044218263,0.015110363138303542,-0.06600978882539323,-0.0708342506964801,0.026326745096488153,0.027175350344977218,-0.03876945882235379,0.07409761521772304,-0.0770538807457569,-0.012693284959437593,-0.024227180070564937,0.0514760499485258,-0.01944078013426007,-0.044229619368535956,-0.015350647854721827,-0.013491966177438927,0.012549646183535896,0.014004298713992265,-0.05241718693544457,0.019286492108074607,0.006861897631002206,0.022111724437808396,0.04882310930031093,0.003449174348788466,0.06356277398319923,-0.034221620879136216,0.04067959326559268,0.03655485809981852,-0.013072034208974782,0.029712950138948042,-0.0230224707244037,0.052330188426420926,-0.01472068895105191,0.011916710647295669,-0.03652555002833758,-0.04776630500225308,-0.00021717208165571034,-0.02195019451898176,-0.00706554871771417,-0.0006288590827490824,-0.01953460490912979,0.0027793918648816077,-0.01281516701755148,0.008149106610441497,-0.01715760057781079,0.009299925026343522,0.006009137655639794,-0.000640500982032577,finance
175,0.03526113073505401,-0.014642190991913726,0.048519457587657334,-0.08832898072698894,-0.04152332247078949,0.004457219210400868,-0.04133573750300268,-0.024633299712326227,-0.010899172310537327,-0.020811168539748178,-0.01855403059891557,0.012099299021437944,-0.012644176436124177,0.02966456441544541,-0.04171893016655189,-0.0023442466099526655,-0.036747367000977825,-0.060224192257259807,0.050390645040822274,0.06585436121426021,-0.02163251966029558,-0.04209442990108949,0.03688179285044891,-0.004675252368688035,-0.07606408632556108,0.07525631297519016,0.08545506112389309,-0.0025796140609563216,-0.053726590404123135,-0.03151751751092166,0.0844705991838175,0.006085432733744811,-0.05512365106948184,0.06181174579098686,-0.09444592067550737,-0.04054182793365635,-0.0030356330957721322,-0.08811758525681274,0.027263396091084757,0.09258322762826286,-0.03918481998434925,-0.02199464912685233,-0.04350676997867866,-0.25911131751129357,-0.023009916741319632,0.20476600352236832,0.3021556790167125,-0.011987918856478649,0.09738059917054548,0.16637637942251854,-0.04257561585134222,0.2643832501411473,-0.06512829046948591,0.22601185872290344,0.05594792001977481,0.052991194494530304,-0.0386358487038492,0.0314182559760938,0.1304881535864706,-0.022845379802306758,0.01569929771243684,0.06353150003515072,-0.11320390774184409,0.04174461750414976,0.07637754378537366,-0.11955152925452128,-0.0006021204979181217,0.05126443545432037,-0.01672756608355457,0.015965184264348346,-0.1356592509889471,0.07162782866815898,0.012740464958917508,-0.22893747396690123,-0.03389917927338329,0.15517725372031987,-0.180635802116273,-0.007788297765021546,-0.06688657460055125,0.13398876281963476,0.16867061160907998,0.23524947589907713,-0.19565320196416405,-0.19919107266423677,0.03933608007252346,0.049715859771892905,-0.041455791154287935,-0.0985183058396539,0.056185951391593145,-0.1031851125453314,0.020199629697917165,0.0147164617686456,-0.05118206882245627,-0.13518060658997508,-0.0648853266331539,-0.0739430007350228,0.028629051484609386,-0.008965594095702576,0.0069861039051320115,-0.05259210664063095,0.002577482206527254,-0.049204180096396634,0.015582868865570377,-0.0008286423967765001,0.040832595201022344,-0.023501398683394462,0.06427081688655677,0.05356650720802306,-0.05825536674989656,-0.128389873178243,0.007893568797393792,0.051645779975250015,-0.08342545490221262,-0.018638817280990084,0.024774218808521348,-0.006489443849150627,0.12635078957324924,-0.004528655085764079,0.05774497699816238,0.01798166476595021,0.0018890299486633495,-0.05687877185435894,0.034194533802989806,-0.029617745346479308,0.025397479785062214,0.02410000966801925,-0.008998919919866477,0.011197054302370498,-0.009372410988934744,-0.019713095535444085,0.008080171184957055,-0.01140221574902176,0.016618121982451897,-0.02027897162815361,0.0020154348241367493,-0.002726995320631348,0.007906901468527043,0.011422989305428925,-0.015313476999287272,0.012645401057349024,0.004525203318586962,-0.0019504178648560569,0.0011830035720469824,0.009603570357833508,-0.012625640425612325,0.003985846933488821,-0.0014106368045979447,-0.0015075828137228267,-0.008635850357926156,0.008287372068617911,0.02028883246529182,0.007470367718449778,-0.006770793466177459,-0.005647691484472825,-0.006308173961154883,0.007243426506940904,0.006462231870153855,-0.0003161586447510091,0.00018308480438048482,-0.002952223811471382,finance
176,0.05790423310884362,-0.033380683913460836,0.040470343311823045,-0.0991647131165153,-0.02802683560293675,0.006413171972918182,-0.0836224517939951,-0.04277194646314723,-0.020957341669929127,-0.030559725904661533,-0.049090252045664425,-0.02837219704982533,-0.04403174180459594,-0.015493349411305547,-0.1065126633703618,-0.02605744952546106,-0.04799046598131831,-0.04940592516198448,-0.21424869676380118,0.11106301969879358,0.03229624717790058,0.21477403891485922,-0.034965365541393505,-0.043312481868022994,-0.07368987365306826,0.030865023958091212,0.07694201413309837,-0.1436528115775268,0.009659759852979913,0.23703842853123244,0.03834520372509349,-0.039805001798700765,-0.13129686267154722,-0.0864720186445124,-0.11105796940928177,-0.03644463260879776,-0.2188402765053589,0.03613725785061326,-0.010673559770741794,-0.0420299339195226,-0.061512201309645985,-0.056731344590960874,0.06665760940351106,0.04674593616242625,0.10852225265531086,-0.06616005339884408,-0.1428626441954143,-0.04089035733723193,-0.0006702105440110178,-0.028625212953703683,-0.041162691906439126,0.12323285350387807,0.05795130149647143,-0.002022665203290811,0.017271387741874932,0.02069977667839634,0.03826392238195969,0.07214009731116218,0.042370452265938,-0.027098942068464683,0.05416019030214649,0.1015414115825316,-0.15847697235057334,0.07125762869046445,0.013555305380141557,-0.08272787177435888,0.01859956027076866,0.03650956355073127,0.016317882135605175,0.14429771614882758,0.03232681957431073,-0.036845610497277345,0.05774549771289893,0.027068018384408053,-0.010008513988889344,-0.0479293671825808,0.011134943946018114,0.10503129966215868,-0.008306311123635383,-0.04580015823952146,0.022941111435089503,-0.06215555237982723,-0.12313481619316816,0.030250832726515547,-0.010059097042702409,-0.006787942283165027,-0.08505210218237741,0.03425215284576002,0.045351022516230466,-0.04362151116117919,-0.0013146122326734568,-0.011218386565480442,-0.05621259725921296,-0.022785936707454376,0.0940669191870597,-0.17685142515749921,-0.011285273524233383,0.1037866535649782,-0.08428956850049085,-0.1729008467560253,-0.15119869255341215,0.23761064369744359,-0.191991657001466,0.33834332220308305,-0.16424040200631987,0.05601358587736672,-0.10735910814527952,-0.026836066651072844,-0.0023692530104623007,0.04398572992531833,-0.12880461116829986,-0.08022308615593102,-0.07158961795526102,0.058051111338063004,0.008074090938528932,-0.08555126243709443,-0.03478501685511097,0.058822000280893724,0.069342002411423,-0.05088210249426175,0.03766281283424474,-0.0693317733695215,-0.031051164679011017,-0.04592622739171721,-0.001703223468769052,0.011975011129297098,-0.005685317423437501,-0.0009965780078841214,0.010471587532684748,0.0015252710955140315,0.00921884675875083,-0.009804628909352815,-0.005785246959884487,-0.011508221650181885,0.015619300194967437,-0.019321510727188802,-0.0031099377125477943,0.003512464426968363,0.0006466136117301487,0.013755937347873405,-0.004554082616354407,-0.005723644238360566,-0.008442163758373887,-0.01320605942630034,0.007757400620840765,0.009934070177844407,-0.004247590000944938,0.01587113468396194,-0.004421545981031504,-0.009258170705475655,0.0160333947196739,0.005784187009752773,-0.00422304637585866,-0.002008616115864632,0.00435493495915502,-0.010718857873860342,-0.009788459747292337,0.0035263421932452575,-0.003703760677564118,-0.004700536300442793,finance
177,0.0748185324959876,-0.042617188374116675,0.04725642169344871,-0.11212505914617532,-0.0687687419810747,-0.008423138141771036,0.11257663813725947,0.06633950140574234,0.07873858788583371,0.08645090030971252,-0.21681482917173125,0.5213623449594165,0.4396334157711408,-0.18154534462784452,-0.045892357062798476,-0.02246320799674115,0.009637467601300497,0.09930452019441413,0.0064430443711498316,0.14624116751243973,-0.07519536830364863,0.06961578438908542,0.002712753241239861,-0.010877576059796097,0.027861742428184504,0.032137695352988604,-0.007752239280971231,0.014005038940425167,0.13131320779517927,0.02693142367550354,0.017477986809729736,0.029780121719258305,0.05306703808000697,0.0715715442561571,-0.06602611513348695,-0.09440871149512506,0.07654492066289934,0.04570030313946474,-0.029546136460248444,-0.18360644025600206,-0.015338817522148742,-0.09778513363356638,0.08820458640117569,-0.09027941247865222,-0.14513448678686522,0.015088110368015464,-0.0196337250033519,0.06161275176312073,-0.03307889246485769,0.049417798530375465,-0.01287815080265107,-0.008276757647162243,-0.09391423828044144,0.030617404799404443,-0.006267239504454756,-0.02244546186422566,0.05775194292913705,0.02476033934972851,0.04964115210873655,-0.08989448507085133,-0.014207341035623199,0.0006800535614806954,0.007194279280397572,-0.021045674000801907,0.044864677226210965,0.001237211917241667,0.02049327971937655,-0.03076275926721483,-0.016900330862053878,0.008920425917379848,-0.03157174558188323,-0.06904125712546551,-0.05161625248532309,-0.01799833640364004,0.02078765346987487,0.023959206318090218,-0.024824841398459297,-0.0003965766094309088,-0.025241766904664724,-0.06142899288991967,-0.08360923930115857,-0.005828074966288609,0.031252747096013084,-0.02297660488809883,-0.015007228762496811,0.008328028523819767,-0.014437093126447264,-0.03652775328486511,0.03164349942019722,0.044661473709608976,-0.006027148716478851,0.009534829796048378,0.027852921115258625,-0.002919190029938509,-0.041729001692773125,-0.015296513815268076,0.03486192173174472,0.010932568107256563,0.05044670041061454,0.03937739498602949,0.025370901248934756,0.09356366280826181,-0.008665855123922836,0.003959488555974252,-0.002948425713246702,0.04109628979263973,-0.007045962907785337,0.008287271994073808,0.02733864175086159,-0.027628688310470544,0.02293724258711238,0.027982172955988916,-0.0033054991490797216,0.012806690017991878,0.01878192065720144,-0.023179715676298653,-0.024858632128716925,0.02293414382091168,0.00363006319079601,0.05581581927401062,0.007617750890726061,0.03236666702355604,0.008946147725346586,0.013138944527009368,0.004155340725084511,0.046199742262556444,0.010488520215865799,-0.027429116348753554,-0.001292816501580149,-0.0278765574766757,0.008263041901771316,-0.007813034977304496,-0.017556454349431014,0.0044907631509365385,-0.030468782298075224,0.010628080594481542,-0.0014328836582663388,0.006726988923830428,-0.020465370731115026,-0.007931143700457064,-0.003956975287026717,0.024541915011879606,0.01747522956348847,0.007072723644532111,0.011668204372276012,0.020782480147175326,0.026374111699427466,0.02812828859713379,-0.0001737519971372577,-0.0029856391464601595,-0.0026931608892820074,-0.0026183595715645073,-0.007095393670931913,-0.011090987293435868,0.010775876852524747,-0.010899613760726184,-0.004327889055084665,-0.009286128199082389,-0.00041071415246164505,0.012096343620840425,finance
178,0.07018563922700653,-0.03359153392206714,0.03886517116028531,-0.11794522938279103,-0.06982617915701572,-0.006572229153983589,0.11548391361116962,0.06782147494480627,0.06626312345660386,0.09035965548271506,-0.2322899020413523,0.5151752329026187,0.43946393771734854,-0.17826733404526163,-0.04313453982425171,-0.025455157558875896,-0.0016607339763849691,0.10173656339047624,-0.00012203292436333173,0.1546125089110423,-0.08584507303171712,0.06263123320620018,0.013330546812993132,-0.003349698541468602,0.015905102076534134,0.036882750407597927,-0.008391656364683878,0.017368770517627162,0.13186433137559303,0.023281746201985837,0.00971415141312671,0.025784472963744195,0.06057477401186458,0.07913931935828486,-0.06949770531723319,-0.09375513559192743,0.08357447764521521,0.05424400601792705,-0.02635540950236948,-0.17930529790779937,-0.018342771324828554,-0.09052034875901946,0.09130719303928934,-0.07750756907579284,-0.13834201509796973,0.005471511988329123,-0.0270031099412819,0.0632124317233721,-0.042976404971987604,0.04509985927919016,-0.013804071034170114,-0.02178054410454537,-0.08760027524274153,0.01882804239918593,-0.010003126801643666,-0.031136470462416896,0.0681025609550417,0.019974392184079173,0.05254629196632061,-0.09149346600045602,-0.012394937313923073,0.011306202216666667,0.000973910703795528,-0.014759926432022697,0.039530236578815055,-0.008310445923291934,0.03553355752476451,-0.03796446460236261,-0.01667214670060063,0.017061983664419387,-0.026954036961443672,-0.06103905956244731,-0.041412655258208475,-0.007237460603211401,0.01835678993246752,0.001775733788487402,-0.015636497620303405,0.0004219160000466691,-0.013636162811206016,-0.07925760191788557,-0.08845388683382573,-0.008283323770558355,0.03664559174457286,-0.010872684274273547,-0.012913923619598278,0.011386686890300556,-0.007374732572529549,-0.024433824114537463,0.04020546012389862,0.0571889298791616,-0.013348278713990197,0.00027927228732140447,0.03278750282806698,0.004490107343062577,-0.042232308385345134,-0.034127694966181545,0.03850924057264835,0.008625106931431334,0.040268843423543844,0.030706270867064397,0.0171476673572781,0.07699122860238407,-0.024899070540082998,-0.003967217896063616,-0.008969363357021138,0.03756626823051158,-0.007440326382225971,-0.0021649475235573303,0.043978790074363436,-0.02824739767153412,0.013342634720759142,0.03007543312362536,-0.0007089100483497434,0.008307440426738363,0.011120933841841226,-0.004932012678909245,-0.022174799381514673,0.011332123478232878,0.012990939464519962,0.038097868168913716,0.008905835565366116,0.022089185948144283,0.010027274622119671,0.025348520744709495,-0.0021008568812359006,0.03180939642756654,0.015718017029559692,-0.02118112307474983,0.007675624459819024,-0.017183915091229462,0.0042431222544935835,-0.00816708808789711,-0.04080622760054537,0.009644011860041822,-0.0206317221550211,0.022404744812245365,-0.007625371503617258,0.0006447991579690846,-0.01515960372712306,0.0008127774151702793,0.003972655466836352,0.005481900384863683,-0.003315669599852647,0.003920843798027778,0.007301043340014953,0.0006276558609493501,0.0069520225479479045,-0.006753676206375587,0.0004286908902796178,0.0012565618715042377,0.0009028796502868402,-0.02028348055248666,0.001999862688974435,-0.008245669596493534,0.004959353419742757,-0.0029316828787511245,-0.006240804126637969,-0.003916915382676532,-0.005485150517995086,5.6781377003933847e-05,finance
179,0.23919862663051472,-0.13681575772228322,-0.048123178177067794,-0.07055346457932063,-0.09802406723806723,0.0014971975001857281,0.35658265716623344,0.12884060594380364,0.042491274196723876,0.030741033887852938,0.1619276673559119,-0.04675920166299177,-0.1029766823402504,0.14169490170343313,0.09222132342906639,0.07052629877844366,-0.03182793303341926,-0.24586151294460384,0.01689541633552521,-0.09905712905871998,-0.08777027370374481,0.31098156717634456,-0.1362137142170899,-0.009615813339708602,0.018515033727342135,-0.025595216099486423,-0.27681217676959796,-0.029575551597109843,0.2107382403997975,-0.10918761645258607,-0.009994955397637976,0.10294342661918557,0.14344333102033438,0.10574973750465796,0.04043673744624058,-0.09498209822896239,-0.01017537402034943,-0.08074372766317645,-0.03081859697011668,-0.01418437665394793,-0.022173224340962718,-0.06399302894664748,-0.08583838636282164,0.025289135215715727,0.006659067234263663,-0.007127494459495021,0.06225231934395311,0.058937160336840176,0.04351332399382007,-0.0552469931120165,-0.025732433504508313,-0.03228282890038595,-0.016617446613191655,-0.04822478558027364,0.10433129373694594,-0.017992706089187627,-0.0507265239532176,-0.0006239245466836562,-0.006300678179558911,0.01589335286910735,-0.0031188803718275888,-0.026940170194064427,0.025663185392969946,0.04114960050002157,-0.038146097118483206,-0.043327416982679806,-0.012902618014831628,0.0017808291403791573,-0.02752492420775107,0.00374727570496889,-0.009704713255867591,0.0157269088534823,-0.03830516986092718,-0.003904864766930369,0.013728398447669187,0.0037238351116394472,0.016402858794984307,-0.029501692541320724,0.0018078749029013957,-0.003466477782722609,-0.0018456303974168015,-0.0035526518638267597,-0.0321865973860879,0.012062806201988295,0.03389164147092228,0.04395075289387712,-0.05465620411940138,0.06384109364678597,-0.003950077830109625,-0.0591447842693817,0.029483190898567043,0.026608005298357395,-0.12123889688321426,-0.09916619391593037,-0.020982304564622172,-0.0036630385052023023,-0.006643813761576002,0.008477911347529735,-0.09904341969563812,-0.003851472771627206,-0.019498635263940925,0.06606646641601449,-0.029310948204878562,-0.011076207784311103,0.006603906744596741,0.05730120553069129,0.0035494638404108504,-0.004878707317551949,-0.015464185858375223,-0.0375107884361307,0.012306269345686226,0.007165203339467309,-0.0026989824608895266,-0.021079141657497753,-0.013250965113334937,0.026567169156714775,-0.03813450555045156,-0.010722861685601869,0.014125673151483078,-0.0054187504321063,0.05353523107462544,0.07548973796086375,0.04416978041795867,0.019897249122007837,-0.008790797299457226,0.0631186048858793,-0.004232911773511986,-0.07017325371336296,0.027711723025379022,-0.009890311787590306,0.008515447383057683,-0.010845131934426098,-0.0006258695364090716,0.01713626285804916,-0.011413931504720162,-0.008822448789809562,0.01745960432660519,0.0017618514367756498,0.027031423726192338,-0.005933630466037067,0.007911860027669599,0.015449534005202308,-0.0076445789800047926,0.02783697338428897,0.03139063924746804,-0.007440487764351094,-0.020802518988078295,0.007284788917162853,0.013721431014754974,-0.008904984473979926,-0.017279901628600734,0.03820573137384899,-0.006250674008595618,-0.0028884138710050878,0.0014068453429077709,-0.041205898289147884,-0.008140835975248088,0.004380353134967055,-0.004319614304297803,0.0038393794800909145,finance
180,0.20033136779004806,-0.1280626520287889,-0.0338579404359085,-0.06201941891439212,-0.07711568334454816,-0.0005677331492956495,0.28993891289016815,0.1120561224552466,0.05342746493946949,0.05176693523040315,-0.01528713081859797,-0.05228313379839306,-0.14185472108160577,0.08710604616518672,-0.011352675449362566,0.0037874660987369324,-0.0041152947532442676,-0.013118095831122573,0.042386056807362064,0.021275488148778596,-0.04864392666201873,0.027650116378693298,0.01489331486427809,0.011307986416296675,-0.09045806717393505,-0.00502992329362829,-0.15680804609630228,-0.07101678843185949,-0.12650311788570426,-0.10554088127569419,-0.07322066464828156,0.04078038427563294,0.049794225942685844,-0.045655247869828074,-0.019324697042942297,0.02006661999883795,-0.12759013448287473,-0.013851060874968499,0.05053106938294233,-0.015892885007452118,0.15060641236988598,0.1237773154896938,0.2381413270895678,-0.07431355669719564,-0.06842935211956416,0.08403897244106706,-0.003822358113690337,-0.15361932907084455,-0.07807436760891362,0.09702240250123433,-0.08586126358576547,-0.040618865657924115,0.0332904780513451,0.11908641559487748,-0.1092229674278959,0.09199342370283475,0.1493054041878125,0.01568616936457145,-0.041446720438166204,-0.11594091969729926,0.07484679674071985,0.107231068186582,-0.09994282646032342,-0.035491620155719404,0.0840714021716275,0.057964988214662026,-0.009957149007914648,0.019302480531600302,0.03461399700548787,0.054030825265647786,0.010357287335632645,0.037784565891853875,0.10650786785582866,-0.02492552859109862,0.06893419068223511,-0.017744324954494458,-0.17143318769851387,0.05962352367136154,-0.14867067568597273,0.06996506456546589,-0.11075220763092423,0.008334854477021288,0.14739504307840368,0.10814368733441622,0.01200514126437244,-0.07019227909451495,-0.003532906766441537,-0.08346204837873543,-0.015761448300124967,-0.03013011756381894,0.0250819025424636,0.0019486142293052588,0.024916484257859476,0.004010978850193225,-0.025701952258250987,0.022419365679823524,-0.0343831877743066,-0.019726942738395602,0.0009428672062110636,0.04520930856667597,-0.011673892762873719,0.0301979675391985,0.03303818005682042,-0.012741118867214875,-0.012591453929685038,-0.004154861528905145,-0.006730195267403892,0.04130654020723889,0.045168344335412496,0.0002573164356201155,0.007521728480490215,-0.016619521463900794,0.05633222870762584,0.04439878728036673,-0.020093336275459357,0.022880947574539224,-0.0056021404501456285,-0.018577050423873285,-0.02137286336656295,-0.08479911549278041,-0.03390205839321095,0.01639666725383174,-0.07066286371490431,-0.0662401700943623,-0.07112211321825831,-0.07381534403884193,0.12839226097336776,-0.014831449793544942,0.05667705452076566,0.07330523812191857,0.01367505955376411,0.06412911329950943,0.15535516792168236,-0.02550686773383046,0.025309086536407736,0.0358865090547628,0.08663266140962826,0.00020630842501652953,0.050551766069793905,-0.04491403152023087,-0.05171753149486772,0.014087696452949309,-0.05733911013168342,-0.009162848020505618,0.31358021496252136,0.0419103243149116,0.0012614201590748825,-0.05910491517321337,-0.0027314949872746254,-0.09235705133437438,-0.029168891811501382,-0.0404221365973966,0.015630206256191475,-0.02683224518478079,0.004040895932603665,-0.0052214705116213865,0.010834823114138218,-0.016796517070815694,-0.030458920745920076,-0.00771216449375798,finance
181,0.1814213542421244,-0.11343610658460124,-0.018522226341122543,-0.07014730781359058,-0.0654960356239227,-0.0027734867691666804,0.22754324063249476,0.1017999256302957,0.05766089843169539,0.08158510590263604,-0.12344609642046041,0.287546795310654,0.23276851405524568,-0.11177588992010194,-0.05557063048630446,-0.03421581859882257,0.009074171094518855,0.10162213905389153,0.014087636253734787,0.060598181247699924,-0.07072612021980604,0.01609719631011594,-0.03406907760409539,-0.011836834125775748,0.02179991394871553,-0.026505462588388956,-0.0021975019499742092,-0.015185538459338238,-0.08657238256899707,0.002321621295238285,-0.04056853490355268,0.004740103204841645,-0.003042727328163613,-0.022856799262276885,-0.018599649754160154,0.05757931953216182,-0.10563503310322415,-0.03492701661648571,0.019712343921135488,0.022070688483062328,0.0470334486799037,0.04218345993242047,-0.035720202443649984,0.013750459729524364,-0.056606523267257625,-0.053727961474799246,0.02235097487516445,0.0520331670530869,0.06528941951693842,-0.04419420444457341,0.08305632795707135,0.00573423931793763,0.031047818000471458,-0.07577540867025911,0.028304565192988282,0.00015308103778723583,-0.11761707116858268,0.02078916855424008,-0.012519223619712375,0.07679831101268031,-0.0030413812565158642,0.01376594727180153,0.12357234247822901,-0.03801622272304991,-0.017175340057975934,-0.09846430593623977,-0.07705203440810039,-0.027631837698878586,0.0636500220382076,-0.010940343502323792,0.041522718502632984,0.05948769198516459,0.03060376677848897,-0.013182594707051597,-0.10198170658665791,-0.060007136966276055,0.03863273447182912,0.04507922671193129,-0.029438632296567232,0.08082833677743183,0.08037482881902554,-0.02169031580270641,-0.040543011794920286,0.06380969769376617,0.020429764110145177,-0.05352513957951046,0.03780471985790245,0.036831962069783904,-0.08738818171418074,-0.01924637133638862,0.07734471436363236,0.0646151917896308,-0.05033079990898808,-0.015395933465531081,-0.013049687454521428,0.04206647092438198,-0.07950554570264765,-0.06065976445102183,0.01579433824568988,0.0060111764581332735,-0.09151115575692316,-0.02660322156412454,0.043646672647493334,0.00501424334697989,-0.04967090772514551,-0.11028443532541096,-0.16293212116412792,0.1183022289968932,0.07205786426832275,-0.14761564463474788,0.0826078601022315,-0.11279074233236534,-0.058237460257235626,-0.022860216527690283,-0.1589636918307586,0.14806795038080423,0.07557259267736756,-0.20691625960868237,0.0010278910921004488,-0.29014051530456797,0.008250369197370306,-0.17418576106082528,-0.10534881172675069,-0.104813054255781,0.09327753421730971,-0.2079128351671621,-0.010084334373564558,0.05292927378836275,0.029041544465414248,0.051143205974354324,-0.022499642081662316,0.009175852110186735,-0.003193996116340555,0.017666895243907535,0.03232909665505091,-0.08596256883453328,-0.03405141082918066,-0.01158652221200882,0.022019036407713445,0.03438223292398657,0.014524741300774255,-0.039876336259370294,0.011034162993772622,-0.026537424337715738,-0.09213367420536617,-0.027473825132848493,-0.012468003722129004,0.0014412214159240746,0.0008774729594212892,0.0162948243128966,-0.022668593655617707,0.004375071441955056,0.0018305228052891416,0.01925220155645747,-0.006133099263370715,0.061760520901550084,0.020561931867889346,0.014790211998576074,0.013612396554858314,0.0029224635600325344,finance
182,0.05048913345100938,0.008012380587818441,0.04262992600013367,-0.0863069136768996,-0.04011643058604989,-0.013306210669530421,-0.07116192058133544,-0.04302179706973449,-0.025223640150976227,-0.020394234988202822,-0.033214690308358996,0.009731204432333237,0.015366369585366463,0.11781180969216397,-0.046310424193143185,-0.09038095237021393,0.08292713236235477,-0.0029259780086028525,0.03582898396995302,0.013303845754846017,0.03160796894204549,-0.04500707925101518,0.06794471304138835,0.0012026468987382133,-0.0799929824102203,0.14622837346862014,-0.09051323216338718,-0.06113318791604297,0.08401323355634627,-0.05447340274537913,0.040543812909753875,0.013756984483213264,0.041103768581354325,0.012433559832482531,-0.12272625686037193,-0.09065890899634749,0.13016325192813136,0.02423308797111251,-0.031459776774178216,-0.05617149468943147,-0.1297756307533215,0.2837237510567126,-0.009339831723287402,-0.0062761641712898615,0.31772613089123447,0.03442471565698626,0.04057342381787895,-0.1336547559373865,-0.09797109898978493,-0.05296723754101555,0.01862827987251031,-0.16356019715339518,0.014058133598933736,-0.02790991518275469,-0.09256656052296088,0.03778307910328309,-0.06937767637869231,0.1879184227273837,0.03879505008443993,0.08831092113740965,0.03257713042723767,-0.0028914311522227182,0.02082375520326225,-0.13999428671692135,0.014731576859912238,-0.08086014411678628,0.09740914326822482,0.0674800565530402,0.011706876244300843,0.038175109680817484,0.0433724113856657,-0.06707054907229607,-0.08811113952479781,0.06368448730308389,0.11536017310057058,0.00394396988956486,0.055662676104530226,-0.07569429391630629,0.00585232968674028,-0.07712783396823067,-0.08364620806743678,-0.04031301371123646,-0.07945120443455347,-0.07005289296325852,-0.13832639550350045,-0.12144401665623689,0.07071765525994488,-0.14888130386441076,-0.01280656225514642,-0.12310373989502758,0.01985184225353513,0.23011951073296552,0.042842186257138544,-0.09653542375751784,-0.21082475368101333,-0.06925564064229342,-0.06669793345512438,-0.24502982110947705,-0.06855918836737197,0.15289730157719075,-0.14393305630475844,-0.06060316356243782,-0.061706926189205986,0.11105214947757935,0.026377176407183588,-0.07162508453603414,-0.002738441909543704,-0.07211205514777837,0.01883976015751256,-0.08524403768772998,-0.003098961993884048,-0.024097270487753456,-0.016331564942213193,-0.0508402368301457,-0.03157758372212089,-0.10336931902752024,-0.024201377583999806,0.0021517656589061535,-0.04061519149099516,0.04487609856206011,-0.020097008178005343,-0.018919938847061734,0.06273483856867447,-0.01696027903883073,0.0184094210071025,-0.033499122390659664,-0.01482639737690143,0.002024288335773875,-0.019079663032422197,0.016198784242595448,-0.05493067593324143,0.005112878844027668,0.010179932047161128,-0.025069222368288093,0.010642939458048357,0.04813369759213339,-0.06323809558796877,-0.0053591550761350705,-0.034398067772938204,-0.03219491330057063,0.0032701277659945294,0.030754192514003208,0.007704833477264521,0.019204303243209635,-0.0035715259804620487,0.017670955597894052,0.039983354966574174,-0.00772278020731257,-0.0036715185012759473,0.014704856894390606,-0.0006294253141587695,0.01186224949556012,0.014932199475030923,0.004709081353520857,-0.0028804161918489033,0.008335607136051653,0.008508669348104944,0.0023808540548146515,0.006720372608566282,-0.002764655357023274,finance
183,0.22094750694373022,-0.139931083614454,-0.03353070484430777,-0.06738150485745151,-0.07489294474819785,0.002504089568036341,0.3385315070931521,0.14106810020287577,0.06360476254645026,0.061438455463593535,-0.025249517026183263,-0.05931666584241123,-0.15914823666765923,0.09304676038404565,0.010094141703643303,0.022362823929414067,-0.009066546245272245,-0.0611617940909888,0.06365057704722699,-0.0439352844221788,-0.016697989930986444,0.03980404263647706,0.02784443154418891,0.011007570364481465,-0.06138495170357769,-0.03334436032124437,-0.10132683420608353,-0.005293022826506601,-0.16377743053794785,-0.09047635205352825,-0.07063953647115445,0.023383748132681983,-0.0022541603283487157,-0.059508110683625506,-0.02705900355520405,0.06877177221897716,-0.0831590954863521,0.01885952536488343,-0.01113472864645038,-0.0789670764391395,0.12780738628665037,0.15597689159908865,0.26636354532788564,-0.07278219991477522,-0.06338893056794465,0.0017540471667970314,0.010592704626037534,-0.10996383913933211,-0.061779107358699875,0.06588186209196346,-0.10270308481223848,-0.016886414364000187,0.03356490169929834,0.1143686415768283,-0.10165191156997454,0.0866942372375198,0.10412992704666266,-0.05754040590123749,-0.06151834347694248,-0.10492908508909266,-0.020744626076015814,0.0768184112750749,-0.09801286738640018,0.015904669192644653,0.06150433014613469,0.0727448731102076,0.03835189260825602,0.009354247969771504,-0.020428113011257912,0.01850669046974741,0.08075110501677546,-0.01084613437467699,0.05996883019859599,-0.026261443926784526,0.10745608735909491,-0.0238702429065087,-0.10289322528226046,-0.021212962635161675,-0.0820980832873417,0.03010621882152077,-0.03162574134304359,0.004515384166436057,0.12797874226134434,0.09378552962528336,-0.020533312409422213,-0.06685634736006188,-0.008634761298382611,-0.04245331049312895,0.006848211498035711,0.017654165672015634,0.007142564675588492,-0.021849270609008313,0.030821351784690584,0.020202944256210772,-0.005771791921241772,0.0015362239157128744,-0.05933333224949263,0.007679578375789466,-0.007920851787313466,-0.012425966311574287,-0.0038253522965342283,-0.005038537021833546,0.0052871627394854605,0.007235677424098541,0.021011809691949674,0.022850977759248447,0.009455611344962967,-0.058670638391594754,0.06845365489631354,0.05123717344125553,-0.004999805923224111,-0.00783612325529193,0.005250036783976965,-0.026510589776576953,0.05432233455269924,-0.0006438325598369222,0.009105975136101386,-0.008067115120803704,0.04373479173714429,0.014100157753253753,0.0019307447285401313,-0.017232691426225678,0.07051642464250471,0.08938909636290633,0.07767533324537453,0.08060753384659891,-0.1495254091605339,-0.05604536693612814,-0.018296269319803212,-0.013322190036698349,-0.020366712968636583,-0.030363303266254468,-0.07169227445510402,0.0011924394607392783,-0.005795302619032649,-0.06788075176256132,-0.08060476722777733,0.03503582387491753,-0.049506920771667934,0.053693280183938076,0.06665720633438742,-0.043767443829684734,0.06916003670190245,0.019690303772308154,-0.3709126570475068,-0.048926519821581034,-0.0066856791085712405,0.090892315194061,0.0062373049439974956,0.07621980522780339,0.021849068904357935,0.08614505113827182,-0.01974436434346104,0.06560769079600275,-0.004156760350620335,0.03477704616254593,-0.006348366912900838,0.018562105191917807,0.028964314328184648,0.0059567631267991306,finance
184,0.09047480217833022,-0.053595986154783296,0.06075251458915189,-0.19871246602183235,-0.11356835171619879,-0.01066415326402702,-0.05557066161749643,-0.07959011336196409,-0.11348883719190633,-0.21994426129390596,0.6439337695682923,0.17021656828552165,0.1562861363434839,-0.060112921142274026,0.05205927098761593,0.02945406446904815,0.04170899432393213,-0.12709104417482628,0.0637595501508057,-0.014152341078541096,-0.04494399016699872,0.019887033292525322,-0.09328025831958751,-0.03911494896933773,-0.02607978869141145,0.03955454846974303,0.11612795506861741,0.022510687976076228,-0.11740342831623767,0.025350756858480546,0.019867194511985535,-0.0021070329433081746,-0.09670794156059505,-0.013830898516811626,0.0007266404572944349,0.03359907704638931,0.014983363639736213,0.025864821581600774,0.016425159284555485,0.02875943414160869,-0.01823109147492406,0.017437691247825925,0.0419686777296521,-0.051626848801708584,0.026737578928424783,0.0458191343917492,-0.010201009243369998,-0.021076175034506817,-0.026539592913296165,0.03272546163354186,0.034784911108753765,-0.03419814763793841,0.011888604243383854,0.030797578500260398,-0.07431985476677676,-0.02485062872986823,0.01129646788465188,-0.009981157253792203,0.02496588870557945,-0.014895888313681646,0.013821967434862673,-0.01994124097090526,0.0013759683564685255,-0.02883261320395568,0.024967577279638123,0.03145372045968847,-0.017704441108680573,-0.002027263823787978,-0.00728878764105854,-0.045168654287581864,-0.0217472382015213,-0.02276287750618291,0.0016230185070369144,-0.0017131992333144885,-0.027186555518249927,-0.016374223847530477,0.04454062279941353,0.015576531491772327,-0.048002728437413274,0.010078378600692604,-0.010453193583859289,-0.012263371065331711,0.01171309697015542,0.014185869109447077,0.02144731667344744,0.026373376031855293,0.004842554302054621,-0.007071647774792265,0.0315940072454484,-0.01977921152508461,0.00973425754790099,-0.009865092582572918,0.02436436977556157,-0.021333659874379834,0.05054660695829349,0.01722447117539422,-0.012958186812315298,0.015360348531994047,0.010850635586988743,-0.002097489079990622,-0.027892547772499214,0.009910769602034304,-0.00525271307461464,-0.02109854208397066,0.003222255806631682,-0.014575584058401104,-0.024860777891228827,0.03540910180270138,-0.021866456058023048,-0.005621266069325046,-0.005506886446787065,0.01146954212768147,-0.020477958032866964,0.0009180992205844578,-0.009119532109851372,-0.014124338729984238,-0.034847973263731055,0.004018275962983765,-0.029148968354270343,0.010405889940848815,-0.0259071037499671,0.037527425503225326,0.027902436055639798,-0.04276061697017631,-0.006370555417535698,-0.03653177339170555,0.011311346313479775,0.03809729257853189,-0.03730602164864277,-0.015707864141865587,-0.020881027832464774,0.030493036913576566,0.02821290310694208,0.006015649809974401,0.0034881980627607784,-0.03153080422731274,0.06713662054098399,-0.016902297587614464,0.02534033139707227,0.0302882332204072,0.03707566680186114,0.09355167788981929,0.0539059979327479,0.010754777661401118,-0.020655090880459494,-0.009349692786254145,0.09554857758339835,0.06970756776711125,0.017089021402874556,0.010995340836244216,-0.2054739676018048,0.029168254678319804,0.11475819939192625,0.053198912487266645,0.06949070515934662,-0.16793722835943542,-0.10889115515767117,0.023166591276144826,-0.01126557717490929,0.004196431156466836,finance
185,0.46190193675423735,-0.25382035430078564,-0.28534201448309077,0.4196362359391208,0.1885960870755222,-0.0027202097926087823,-0.07653619775449771,-0.02356526755357251,-0.005610128971829409,-0.005979696771490857,0.02549368693783432,0.037242042473257006,0.031192718536304297,-0.02342464101903183,-0.03463832416787566,-0.030518733895228054,0.015932218129419157,0.04428223514539737,0.025251475777303942,0.0280842187470796,-0.018526954625883153,-0.0172230654467983,-0.00019431283452873936,0.0012361308382034003,-0.00993050418603363,-0.03780451295416463,0.03286167613252234,-0.037332702819630796,-0.05808376408081834,-0.005538879384251452,-0.01133933233433235,0.0053460868454746095,-0.014749925971905525,-0.0198605549362471,0.03896252382481575,-0.0005397590972219134,0.007041729325866109,-0.00863940159826389,0.030487253161853363,0.037864326331911786,-0.030480406685347877,-0.022424047131285242,0.008876533280486432,-0.0054896307648930305,0.03147770335571702,0.005971602183280913,-0.002157924318745453,-0.02626263442265428,0.010173360656302905,-0.0036609628966656435,0.018508641175960093,-0.007670691481257326,0.019442128485063312,0.009259381869807628,0.022338609991428164,0.02175676743023596,-0.008707910512303605,-0.0006032164369458201,-0.0024993295960347457,0.020629309652012564,0.008062021393290238,0.011823226004030992,0.0048874964588401515,0.006017063692925256,-0.009093418546841653,-0.006809815489055051,0.011443496602930866,0.0066040985992851745,0.020224274044370296,0.005414227252193618,0.025851282281389366,0.014687520548668237,0.02842005940633761,0.0019153167023358746,-0.002116504765210403,-0.008796895861609502,-0.006187159725230656,-0.010619048962006756,0.006515018032953306,0.018916840347428528,-0.007436182045785405,0.01132327547051781,0.029824522833422573,-0.006793404676613311,-0.014120518485357416,-0.018394517031413128,-0.011134461240067235,0.02386409812254686,-0.028754152568002227,-0.005201045680379441,0.0067489290524234725,0.0004875380434390336,-0.06683746631018293,0.035129379655952,-0.036269633929989324,0.018132907404682538,0.0238038300833769,-0.04076534311290168,-0.010106679765319369,0.022884989442254283,0.008306537645584722,-0.0072454369577040975,-0.010355487803069578,0.009712955794198888,-0.030530399757704645,0.0005934232216684021,-0.03324470073976554,0.004323263770578347,0.001252060456230275,-0.0025464174925033563,0.01938208956627423,0.0072869923870479735,-0.011299435100163693,0.022838647558518423,-0.013605043600293939,-0.0200265743990727,-0.03141435740058521,0.05433572153106075,0.01821319548762659,-0.005752786981413564,0.008622836549854825,-0.007705387188155388,-0.007630208901795193,-0.046013123663527174,-0.008363985620162637,-0.02582271105328394,0.03687912115332685,-0.02821526152971833,0.01893450389254462,-0.010032645921307155,-0.027304669706329936,-0.004016857520463424,0.015201406238013153,0.004509081157210097,-0.014008299446258385,0.015145334395823364,0.031211880388199977,-0.049163834565692975,-0.002506018261035593,0.04017210804792159,0.002601442044152228,0.03015776283312262,0.031060801498741294,0.03801138252802841,-0.0030133663532889952,-0.007974221767875182,0.025283020344842807,0.04583648473226914,-0.03422892963566792,0.0539307395882835,0.05274149439637133,0.05963546922902325,-0.0001972245916444933,-0.02827565602495819,0.004382401448880771,-0.15807911052868423,-0.021846163543363308,-0.04597105950823431,-0.03156635553508651,0.02997714149166493,finance
186,0.08117933133934652,-0.048230259097986936,0.05478514605473582,-0.18685941095993933,-0.10321360133731967,-0.009568765929568342,-0.03211673487026937,-0.058123208687798925,-0.09150507929551684,-0.1766731907300591,0.5284813433786473,0.10416329937274565,0.1338730051511287,-0.05475015054375287,0.03950289244480592,0.01045525221896043,0.033699958547148155,-0.12934710565094648,0.01617835281063119,-0.005300528188827198,0.02206206973786042,-0.0330024872905135,0.06326680009523894,0.024721446652808038,-0.008017148259043394,-0.058990752538106664,0.08040316931828148,-0.09754998434213358,-0.05573480300607306,-0.002562409958244912,-0.006204983406227527,-0.025414822782659795,-0.005941281703021177,-0.039639325062702895,-0.01564749069760957,0.035493344289975734,-0.004083491066274783,0.022879570356810142,0.024364757463506314,0.02503144477950943,0.012763301443284775,-0.041810784345034824,0.08235788492288793,0.0009698330406222658,0.00391532529090324,0.0012206699368122805,-0.012894015221946121,-0.0246419114409041,0.01766129480073724,0.015474481317578602,0.06025200482306432,-0.04468875086679337,0.02130490739901554,-0.002441519926878228,-0.048730484750023596,-0.023167307093090995,-0.04159914380634927,0.009160788150394545,0.017022601341450543,0.011910738258265632,0.01985059975830022,0.00129507162981176,-0.004684480701203175,-0.02803697713533137,0.021607123443081952,0.06458830135054783,0.0071770532443543485,-0.043546722356540946,0.03904597568508895,-0.042279015295379835,0.000527911917893017,-0.028828644880595982,-0.026065576643964982,-0.019314207030279574,-0.010014254383973903,-0.018567588451763723,0.01229970679062056,-0.005758247603743386,0.01844494379420102,0.007940601257417402,-0.027105327503611613,0.007830985528098775,0.017573376083696617,-0.056105757502715396,0.010113175057115863,0.0512441231048521,-0.011371045821168099,-0.01847841842305931,-0.012401645674680202,-0.027498620491072687,-0.022047675966354808,0.004966471552082751,0.020698055532661665,-0.09695953927994487,0.019277764987198052,0.013913365853128187,0.008321321179574117,0.008720485378597456,0.005499751904279236,-0.0620650589801581,-0.013730299910572516,-0.009082321331222151,-0.0006911035176990251,0.026259743311239078,-0.01740163237157354,0.05636565127525722,0.0370005086327792,-0.07454797725846779,-0.030613298598946237,0.008269240540534632,-0.04158046763248829,-0.01447180486265792,-0.0014364993266991833,0.021592276356635354,0.017720932052702816,0.02647634614066662,-0.014587372920056858,0.014640976961613848,0.014279324832678556,-0.03147748591972937,-0.08096449902434122,0.0050874930288470665,0.10781630437418627,0.3184963122718061,0.2927074735400705,-0.13317026832216955,0.33233681869208104,-0.014393988025563883,0.13666607742713321,0.09200052568557888,0.10612881001808824,-0.004008691777176417,-0.04342317249106652,-0.012721255154895604,-0.059724652026158113,0.004962336045156348,-0.05698470327423567,-0.053437283352135316,0.039539769343391,-0.04208275499676596,-0.07587634781503663,-0.009311091739416247,-0.008084328748013198,0.0011666127952149523,-0.01361194229482986,-0.049875868537352805,-0.024681239050814315,-0.052855253919308565,0.011262643613871316,0.03783456139759996,0.09591866220235856,0.007269237150430044,-0.05965917625549966,-0.008499724604308397,-0.0310943506861558,0.06575928228976148,0.03294141290989992,0.00021625105101964723,0.0027083409932207054,0.011657330911378692,finance
187,0.06410759034097173,-0.027249430706167248,0.04244378908273066,-0.12296554163074291,-0.0511158001850848,0.0004421670213808493,-0.09822655590630394,-0.06345734614372747,-0.03979040301461654,-0.02645560573626447,-0.08370690300158432,-0.16705299872980833,0.029269303020748556,-0.12478458068679002,-0.05425136847857875,-0.06060421313979541,-0.031197507320880325,-0.05821953045955243,0.10726083943796776,-0.12379922027720726,-0.03796686880770589,0.1119918467089216,0.06517677192899758,0.014163306500759287,0.13012011751798316,-0.028011404809475112,0.008556549634194636,0.12646947246794601,0.034231898983309,-0.07265620268755328,-0.02310863702169222,-0.11074855419189311,0.030560208921155782,-0.18676801468376747,0.0724701211828547,0.024259801362507327,0.01633320203719729,0.23505832548216116,0.0571240407032056,-0.10639587398264298,-0.08408624987797655,0.08422294637683178,-0.013871216053501407,0.03941268610917306,-0.12153164502696415,-0.04716231570942297,-0.05844251220364392,0.02275112033151706,0.05210159510367343,0.01791938037392859,-0.08346254057682981,0.17194695621258108,-0.03357921886089157,0.08904426403485037,0.101003851820169,0.1190030599795507,0.11033947196511067,-0.019524351370285714,-0.03252210811976815,-0.06918480395562425,0.07039325517036303,0.03416534171614142,0.08940751328958511,-0.12066838796086632,-0.03144384251792785,-0.02256248273140128,0.0799506624551369,0.04617774608377402,0.06438899874297385,0.033595999528554917,0.0021187518786780694,-0.0794576370160996,0.07979527614253662,0.08417878091208039,-0.015189494471579747,-0.057744139776209596,0.05848963951080642,-0.16756993813892623,-0.012149605358846375,-0.022878902737338894,-0.023977650816102036,0.12414334246198785,-0.09313160150848682,0.06436517560386305,-0.04078992574170123,0.13583589550750644,0.05802437894164418,0.026977316842681686,-0.0955205207501565,-0.006450723669556142,0.12166234543321444,0.04284303842315739,-0.10316515946427882,-0.01313640673742154,-0.06345518322186675,-0.03757648595990937,0.08587583097298311,-0.020012301580382384,-0.14098218085935021,0.04149036900418043,-0.02119550586134074,0.026283194436664933,-0.04970550757136144,-0.18164660529031224,0.06231445725717274,-0.16768382043604027,-0.1972569693911234,0.155438534817792,-0.07829634231397477,0.05118761942178028,-0.03846845980587745,-0.045283172124112606,-0.08211301140713628,-0.011125199092874934,0.3077275585179166,-0.14073754534870275,-0.04430376491614187,-0.03315217224820978,-0.0724036296755789,-0.06707228136256434,-0.029295924525143173,-0.04798246154401079,-0.07254353005087197,0.11376670140256201,0.015687276410913987,0.058111185823552305,0.037637580010021925,0.032197107054114375,-0.008827242416096151,0.011408786802902873,0.03263946253393645,0.018432337694600533,0.012202445021978394,-0.002852799794116376,-0.00748061461542887,-0.010408583570919108,-0.007762976320409908,-0.02049229745434278,-0.011915066674277112,0.015084952113503363,-0.0024389448355377997,-0.005462626516791725,-0.007926367288019223,-0.017435693913927665,0.007408952468262164,-0.0017797419374295468,0.01088461749383923,-0.013226197395177842,-0.004219568207370275,-0.011211070546689652,-0.022768560168787123,-0.015581512304406365,0.008295575067245738,-0.0009359670505526626,0.012715174702515,0.009322670972325538,-0.0003720192704649861,-0.012251362926905561,-0.0042281373557515175,0.009286363553616067,finance
188,0.06826498180446795,-0.022295173717942953,0.04407665847745183,-0.1263669626957511,-0.05916437736088354,-0.0097202764611396,-0.09721089312480412,-0.06648624907762318,-0.04389292275368112,-0.04680052290381075,-0.031599774230099,-0.13284196936199683,-0.0505672382044319,-0.13766209071029192,-0.1835570946996366,-0.096659807565628,-0.02748934024948947,0.21096242529872586,-0.3099703331268245,0.023141919331173245,-0.05861681973739384,0.4365258977390719,0.01255714272261185,-0.007870327732356698,-0.1685001669938038,-0.13152561780090677,0.22840354513127645,0.007496509948292005,-0.08771509374158461,-0.10776344155209575,-0.14080553915524907,0.056073740197266526,0.14010748645675242,0.15083677786720048,-0.0489521535715556,0.12457941961957403,0.11844985407639506,-0.01734546735548084,0.0010747038386782447,0.1084302131272025,0.09031794137681044,0.028673992846547938,-0.07609730247042541,0.004723484096967505,-0.008667488931137335,0.0056234511611219585,0.02589946718047582,0.03137203035433526,-0.021843797088987694,0.022103250292835993,0.0076439514394444534,-0.08234266169081741,-0.036795752627287584,0.025645377743203943,-0.047879367019344046,-0.03635958620523054,-0.03950553546774185,0.02944471043255526,-0.03327865393099433,0.0048727280858128314,0.0035717116304565953,-0.03723699495160198,0.008408745896977885,-0.02066950381155009,0.001507688528114701,0.01016023474095493,0.0034147114695327555,-0.015545621939939885,-0.005953125766341823,-0.01757179092307907,0.0058134411881692214,0.0040867623520800525,-0.016016918590494724,-0.03043300772370787,0.031141405521188843,0.044663011223701234,0.0046943210227865335,-0.008004935935973989,-0.0023489678674684885,-0.0003433908592487394,-0.007631644141785495,-0.03450434314963071,0.011771246012755577,-0.017292543015604803,0.04112221391332988,-0.01553007143011166,-0.02502151057769162,-0.020828198149853174,0.00947930293771781,0.015934866158983214,-0.02730206991649781,0.014405744842378608,-0.01621356384862185,0.020668580210478477,0.030570147080992253,-0.022704182246573865,-0.009335124091974943,0.022439102020706522,0.010352033090497429,0.015108313146443113,0.009079714209154155,0.01727831487827286,0.020378880527738383,-0.00144859514170729,0.010368897036691358,0.0031193876073133697,-0.008698228344260919,-0.008506390063424575,0.008632346600962272,0.007905711242065041,-0.05160089541455571,-0.0009963669717718102,-0.029791285868757213,0.0035974984073141964,0.04959713939908059,-0.08845107392667478,0.003010556616156568,-0.010910376426503433,-0.0031055047401599397,0.07976059550007872,0.028515048186605572,-0.04433760531950503,0.012258647634353217,0.0037909736976229754,-0.016631382075745747,-0.0217702399129985,0.03477393685933018,0.007712585409793924,0.004356231641290333,-0.02467116723791716,-0.03146820339859781,-0.005454093780546919,-0.03786448526783024,-0.0047140215150827626,-0.04738499698690489,-0.031904326101968354,0.012408854920940965,0.026665437986658585,0.0028232992093840284,0.04468143561826037,-0.009352008517049624,0.032014166925100146,0.03801499581590074,0.09235527297727009,0.05326301547857544,-0.024406953047047847,-0.024416668697697312,0.045154458404983236,0.03987110977288591,-0.012409429296127122,-0.1937111854210606,-0.004843284210916655,0.0945996143490187,0.11344963361222164,-0.03755336838365485,0.24131372231744952,0.15201608838647793,0.03498276238694449,-0.011936647730142495,-0.004130704143157042,finance
189,0.09420240567266182,-0.042422980237681304,0.024308128079168777,-0.08236166539815547,-0.03770610603667252,-0.007057058115992452,-0.04952288557031927,-0.027755333451786216,-0.011350165288258747,-0.019537393351592183,-0.0667751821455703,-0.0474490407817905,0.004286659487072977,-0.014971228784657698,0.06984404414278611,0.03376580087884122,-0.0012642368711433991,-0.05835950913642778,-0.085113274333526,-0.047828281008761804,0.04270608258858596,0.012395207729403447,0.020494787857523934,0.0010087793329718276,-0.04904108782262455,0.023643662651987956,-0.07554717921584848,-0.031177247082574508,0.007410473578277366,-0.046961644368234606,0.008885423539181684,-0.058059431028678325,-0.011197610308115367,-0.04511562189148228,-0.0017758808361319643,-0.05423462913792525,0.208638251011275,0.11971564318886879,-0.07403077296723463,-0.12588474799979524,0.22847260208149645,0.2419161386779183,-0.015997052275528164,0.12868460384861044,0.012074240934889268,0.05624185268307636,-0.10907550572993185,0.06614479341755214,-0.008028504601787313,-0.05955613842430044,0.10375631379107786,0.31369902924536114,0.018073321342183913,-0.07432543319684044,0.015384146376951546,-0.06629855455511116,-0.06188349669440706,-0.251336967367837,0.034312039052172484,0.0604182961865136,-0.05934464414990986,-0.07727964589424101,-0.14259403946596602,0.11310433418759688,-0.09020862485419477,0.129898865555565,-0.03809191008845421,-0.08764132169860199,-0.09517439468493934,0.007188049886902944,-0.09426694971897862,-0.046225013982477095,-0.1256448020929446,-0.03504099061690736,-0.04178750690645435,-0.24988074997055632,-0.053598109404613445,-0.032345659501968674,-0.036861352741461954,-0.06267154678811233,0.05452222243440259,0.17602006492214892,-0.012963384697210934,0.020903344679265256,-0.02909424013018629,0.025772523396852293,0.07368014028528913,-0.07758089012385995,-0.05345704442321812,-0.07506910153113083,0.004307652863812403,0.06354645781966588,0.19739114789798648,-0.03347983505302761,0.12137108982918572,-0.03775245357598197,-0.11482343236291177,0.056050423326940005,-0.009789717763942152,-0.005601991693101273,-0.09015235230799161,0.08819544345346389,-0.023039610838287435,-0.03951818576476834,0.09981133272215098,-0.03750703952002341,0.010323162940495895,0.0007930791180470982,0.13284082642063205,-0.06057772941171726,0.034513643839906405,-0.02893247782462178,0.006180120251695336,-0.003710321531148116,-0.1484892014544207,-0.12335536764446936,0.1352198937884554,-0.07227696935324283,-0.003663019111792688,0.06066041454109105,0.11290808348042305,0.06033431163016029,-0.004068738351854524,-0.0054152107753847045,-0.006698343435304918,0.019904267120429635,0.051648767900121774,-0.06329095560604432,0.02619683617969737,-0.004906577980708791,0.0013814532079849792,-0.004954087089448933,0.0024166035768678246,0.01331668081197662,-0.039455169713483555,-0.05198560430971276,0.03955622373150839,-0.021618299483581363,0.03974916101639499,0.0009010331327969864,-0.02816562241421661,0.01469452102846827,-0.014857080227428779,-0.02529675285492148,0.01965754313072829,0.004447765574705065,0.01848619022129552,0.016065790669241617,0.00971768786565062,-0.001172838446469518,0.005814552144793691,-0.003115107173720433,0.006244186334573851,-0.004967482615409557,-0.0010753979271629483,-0.016887223093861287,-0.00666551422344843,-0.024410178076509487,-0.006650658875214967,0.001689199695177617,finance
190,0.2642185420474339,-0.1508693429862439,-0.05360908421549419,-0.07307407481574768,-0.10936863996114093,0.005148969879313872,0.40160628280536587,0.14439722026430815,0.04841174977121949,0.03805421357532903,0.15605393050158617,-0.022683350918550543,-0.0773525908871913,0.1244582275784379,0.09264520203432501,0.07084619942188693,-0.02710893152265677,-0.24034805439589668,0.011523072463900236,-0.1073339905174445,-0.07425291772784452,0.28510510750805945,-0.0892614654925301,-0.0011647969117547414,0.020342569862722343,-0.03742894488150235,-0.2200808420057232,-0.05196029585080534,0.20313071468290772,-0.07596485816573763,-0.01207777473126833,0.08923192805157326,0.14594088371346992,0.0936529739558701,0.046043070277945325,-0.10356572030837576,-0.017420268437028864,-0.07149214857673115,0.005132554129851085,0.012865191661861035,-0.02345639546740011,-0.08659914862446674,-0.07681374958618316,0.024554509831440096,-0.0008762900073611451,0.011442276589244368,0.046118501177388166,0.06371142413401217,0.03902645817348617,-0.059926642466632686,-0.006161054895290446,-0.031991433836068006,-0.010462701566404001,-0.04983638150070796,0.10105955812721197,-0.005931453628048729,-0.05327127498157579,-0.007884059657942744,-0.006444834566858937,0.011852422999591126,-0.00011949301179544719,-0.026942405613953568,0.034217563516255003,0.024558539838461887,-0.03665059202933479,-0.03614543835808372,-0.027618240334832147,-0.010193439643163694,-0.006908113120291331,-0.03942286829968848,0.008023275379393752,-0.00027479923449159953,-0.03888803339261468,-0.0155711671670226,0.013087648770428834,0.0006336153724084852,0.02936258327383377,-0.04985014017793274,0.004149242538622604,-0.021305317453944927,-0.004665540660845812,0.003604817523979633,-0.01832234712969159,0.0011499270969928914,0.04545903239103879,0.03375142218505299,-0.06969190815049896,0.04273560268880961,-0.001644732742328319,-0.06813940659007882,0.03593741931131386,0.036621100955493424,-0.14255560800910494,-0.12250374976965517,-0.03472701507222141,0.0032144190207918743,-0.015237406055755687,0.0045833735482685095,-0.07760575771729684,-0.011702207998038738,-0.0022560790243766854,0.04552704688654689,-0.009731508068542609,-0.006048540744539395,-0.0057787443495651925,0.048250811912504125,-0.019918886308421153,-0.007082856137899048,0.0011483363125248472,-0.05142539483615103,0.008637502825631405,0.003987425852225961,0.00470897208840063,-0.024001326501190284,0.014745223424571147,0.05581653861349209,-0.052900695976963605,-0.023649716362682816,0.013878432121354776,-0.03775569742926364,0.06132239876487913,0.060765387276575024,0.043117996406840824,0.002332959641004343,-0.004371024748274963,0.03781414156030697,-0.014889078230783661,-0.059489982567643485,0.01706573418432662,0.013827760354093182,0.0080555567678435,-0.0019751811866081472,0.0075113717248511324,0.009001888257242765,0.00367570288758213,0.00010462751531741144,-0.010864441570765668,0.007859036008442554,0.03248746144936019,-0.035104311299190505,-0.007986896139282756,-0.0033579856007408117,-0.008487415855747126,-0.004646556231491443,0.0012520923296449181,-0.003963819466514533,-0.008000652972708116,0.0215867936669091,0.009010038034986581,-0.012044763420357277,-0.028050014965560914,0.020654285479453555,0.006170812122882009,0.014488683223014285,0.0019486961733846642,-0.007393570908219003,-0.007945315097729107,0.006523429068659026,0.0005256255948401339,-0.011332777629420044,finance
191,0.02903933709251275,-0.021950868362529494,0.05188650475410379,-0.12977767357188114,-0.04664450395521348,-0.022199939847661186,-0.10399240761784441,-0.04330552313660258,-0.031992415925861085,-0.03407661511675756,-0.19704584174336026,-0.19678573810760253,0.011609026362226485,-0.24604799663115523,0.5209538351235116,0.1703883876695113,0.30282291530704003,0.08247827992111384,0.11888573644687857,0.025033498034462642,-0.09798367568322984,-0.014557880777056475,-0.18323080875195755,-0.0008201457258937406,0.12775489410249777,-0.19430478547060837,0.07019859762335172,-0.12600815324191475,-0.03066850714031544,0.006901591667527907,-0.051759110361159315,0.0768715458486749,-0.028219936986013834,0.09539421756821724,-0.07549404046364178,-0.03591380904204782,0.023663366582102604,-0.01835813757182234,0.03847190345589863,0.0105589252250692,-0.05096698794157048,0.014761001488841859,0.0644758539374048,-0.07111034401358975,0.09670697755823407,-0.04096742092089994,-0.08716067800419124,0.027191711170566058,0.0212623021553599,-0.056493525149632864,0.0006927670915580581,-0.0015974855082721369,0.028859433536423448,0.07491020594516053,0.019974477709746953,0.013369721645209538,-0.05569944644608201,0.032519844475727575,0.01204250896639512,-0.01658438464412516,0.04268180830101269,0.03208425755016503,-0.005973500630403445,0.007948539719536725,-0.005773644552244953,-0.01569431957440136,0.04512603103240946,0.008937517796768806,0.01615087080647488,-0.06278063372132135,-0.001056538138513147,-0.006265226158783109,0.0002866912976182658,0.016191233219333766,0.04026301067599839,0.036744675208895246,-0.020609380508757356,-0.004655646210125336,-0.03205931007491208,0.004870310559365271,0.010589845766354822,0.03663892050953246,0.027388194794980253,-0.008319983682926399,0.009984539803117462,0.002534934412527476,-0.02013533321391216,0.0271063331173545,-0.02100653684211744,0.015418975469874205,0.0401329230866163,-0.009954429107413856,-0.060388707342112206,0.014131679849606065,-0.02302897256878601,0.02538497227080218,-0.0059567003923315775,-0.02043273268188275,-0.01766835024056236,-0.0032713810109076783,-0.0158247814703794,0.01139295558333021,-0.009400542849524279,0.018034472114290954,0.018840009499434523,0.03399832683933236,0.03853456798893833,-0.002378244124627799,0.012394147335613797,0.03822817143463692,0.020724271658690212,-0.021361148018630757,0.04078619356668419,0.0027509907789586116,-0.016395088907213886,-0.023438463286272967,0.07773392861110816,1.661438915559717e-05,-0.014393671713763165,-0.045681903213969435,0.05906711074333662,0.049994191204119985,-0.043205772902125655,0.030205883628014157,-0.014077360452970237,0.008465597737944319,0.03835736822071889,0.06992624017722804,-0.02968041554187661,-0.028232317111621223,0.0038232649828483477,-0.01643283024579101,-0.023944552595771922,0.0017619488309725088,-0.024903808593728285,-0.010910299158540075,0.014012923489207742,0.007592365434578751,0.011365041279923311,0.025391250938314795,0.013684253095445163,-0.007937703202898648,0.010794458712796124,-0.022746742200493095,-0.01465645646976778,0.028422158339437717,0.03564530164115186,0.004818700711297801,-0.018456639075717617,-0.019354704089264117,0.0014574217622443624,0.014960537555401476,-2.792376710291459e-05,0.0028814714800737633,0.011719128919033496,0.003854674805684486,-0.0017260895355283446,0.03933336889331192,-0.0004974798582560629,-0.01016038054088417,finance
192,0.12443051101842174,-0.08430368123084828,0.014364281805094472,-0.12124043109972153,-0.07564733826056089,-0.008727196379287134,0.15905391622953532,0.059917607819392295,0.028579826764051283,0.030883558298620745,-0.04930047345062866,0.09116412881577224,0.1385525548105449,-0.06564677745071924,0.040369161001623,0.009301402434082473,0.019887360548452956,-0.09339063530357367,-0.07256062892665792,-0.05514589890303038,0.12808316213383877,-0.04313243977465872,0.2215039840475254,0.07725221468211493,0.075492137602081,-0.16763154537847175,0.04446817262298742,-0.1906470864247438,-0.042588379480462873,-0.036907087012050054,-0.0563996052352619,0.0064708629235425705,0.025959744963791328,-0.01879616863851343,0.04168724712225887,0.055172742300492246,0.026599500137792192,0.018543781853530672,-0.001277899023403989,-0.030613051322068686,0.010525798739635106,-0.02093916144912406,0.04337864134719066,0.02269443100158738,0.019532471408994088,-0.13835751757739825,-0.026976597591951007,0.016221997618321677,0.04890934393582244,-0.026267369847560812,0.05253455176416501,0.15690916283020878,0.048319565201338115,-0.024505446772916873,0.09288236736037672,-0.05934280056286577,-0.0114440869537865,-0.04949203940665991,-0.02254510823406429,0.046803858154190595,0.002067243627929217,0.0279419415120656,0.06055530296505368,0.0028956069744312534,-0.0329019394736463,0.13084512586986044,0.06656373768198348,-0.06614645622114838,0.07167476313817932,-0.0836271013973941,0.04438995058623051,-0.058263019391806885,-0.02512607758178498,-0.07261450634597248,-0.028101655016801053,-0.15652763336792597,-0.10030513578052218,-0.2002015732686173,0.10639993274687748,-0.11589157356872432,-0.00937202728904317,0.14564477847892174,0.11918051817789106,-0.13849040052937653,0.07751142741019705,0.020655870794356462,0.002265936749322658,-0.10043706894278467,-0.039822112271147625,-0.04524806280971534,-0.06806487394771554,0.08383738791470599,-0.10837672982744366,-0.1001685703189755,-0.03164966593025375,0.06948259836531513,-0.0035296307550152202,-0.13318216594490828,0.13862594809591,-0.08798478885042041,0.04543051258255094,-0.17397832417626333,0.11285459408876655,0.25032548207724187,-0.10831356105906892,-0.017479916671959573,0.12359992723227964,-0.059624971091073405,-0.15667293822046185,0.14761818172776583,-0.15634299361087506,-0.03029363349543302,0.05094181330116049,0.024181911823627767,0.09844501822924463,0.08566656309137921,-0.05314638468705952,0.011525621186038119,0.003787494508237408,0.006657098010476937,-0.03981496343302737,-0.0805129813563189,-0.087489942831932,-0.08840272498742158,-0.09569700520323768,0.011442285565681101,-0.0732583581191816,0.005346223375516829,-0.005615238533551115,0.0023677877271678196,-0.016599129220651168,0.01824483500074877,0.04806691735723735,0.003057421956986884,0.04365977607324655,-0.008905823588821254,0.04798774088384678,-0.0007846517280739128,0.029849368482748512,0.0055297249273902095,0.02010574951635834,0.04307547760467205,0.025716325512990017,0.024120886117617382,0.019353209225022112,-0.007068058966953989,0.013862683539033638,0.03044796926832798,0.018737746754427673,-0.022309458498899946,0.0062891459061768075,0.025391713130932397,0.0005196633662147582,0.00933257000351338,-0.004885326235878916,0.012393770809471424,0.016169058022637066,0.004288446896995358,-0.011835873501176248,-0.013921677622266503,finance
193,0.08256819291528888,-0.039726276783127214,0.031712890002073335,-0.09933332876429188,-0.05028839434627337,-0.004428466519999236,-0.05239668491771392,-0.0319963534697448,-0.01983885742892188,-0.024327307512728012,-0.07840928008245447,-0.07567873355964148,-0.03189810444013358,-0.03376067553971819,-0.07775359347763881,-0.028163747423501667,-0.06833246045570834,0.004888375485346535,-0.2599984686415236,-0.02909761576381501,0.015137631608912435,0.2733194875228241,-0.08227932563839228,-0.04076284474646245,-0.19824472985098887,0.046079797155361514,0.014768912046227572,-0.14607460850579798,0.06841934315932903,0.29452321593691577,0.038040513295590196,-0.013380909228794894,-0.1733717164675514,-0.07810639298055101,-0.16620198149936022,-0.0032252174320105916,-0.24012293444854077,-0.00025889065493069725,-0.030927125642671693,-0.03976326960683292,-0.07502396638094236,-0.11199164461889019,0.06674781635501285,-0.0038658658310422337,0.05158855633773757,-0.033343482246686935,-0.06049191031423763,-0.047148762247876175,-0.027840468821545693,-0.0008102398572777186,-0.0445596581651183,0.05268033417122913,0.1164315562592358,-0.016894557320155153,-0.06508893958180337,-0.08122426521491762,-0.03677228942407619,0.029507476536683085,0.015912627261901936,0.043418444435355384,-0.01464662267108081,-0.01827009969139259,0.059843308078129334,-0.003369772748867214,-0.05684269797456761,0.01882663403294973,-0.02042726011562785,-0.009832015556379947,0.017436378619488394,-0.02311939688858594,0.013856014660565956,-0.0037884965127870833,0.022158562754817205,0.03844270730831342,0.03522603366527516,-0.06293494490539077,-0.0005694464630094531,-0.004725738990948438,0.024600315321058424,-0.026937214544272788,0.019732421880667105,0.05220493709197891,-0.0394100897117965,-0.1448154099079216,-0.05987906106160102,0.0056617207920141395,-0.012492360829024876,0.010254656772123937,-0.021793202780599485,0.041782787704876416,-0.02172037767085645,0.002106548699167558,0.01300845694770184,0.0961073263041363,-0.05339319999746512,0.08593075488100672,-0.023407509654777676,-0.09956617906974592,0.06729477916765386,0.03950607776448708,-0.021183388254665352,-0.059636481847484886,0.11116292283944162,-0.12667028325764754,0.06513942874563731,-0.06261915173292351,0.01609243653706463,0.0986785803682053,0.0006768548414876299,-0.036343138506643176,0.10982152557228723,0.03224277838595155,0.002139036555344319,-0.023771288582892697,-0.14137061127507128,0.1381581502460043,0.017689393775915666,-0.10617194666739448,0.02149745850150086,0.0055579031261424085,-0.1120783331915811,0.04226736611258579,-0.04551786102142195,0.23756436813935186,-0.05243639598789103,0.25293792185966946,-0.019133176658615924,-0.06058048412410404,0.044476456864859897,0.054981994332482124,0.08544602349041605,0.08206561303822035,0.16939272446392428,-0.039623167249014275,0.02329927240944191,0.09775969658039492,0.043161751524063145,0.03244211415149803,-0.02975925102830461,0.04036197290792406,0.044704742389364574,0.02214895722321985,0.03322921572769555,0.013022310825490232,-0.03878788161630999,0.03598132643362962,0.042692786110816214,-0.01961280719745907,-0.02938535912776877,-0.0022626687675297136,-0.012201130444781154,-0.024731385418433453,0.012044547932064137,0.0028464783904938737,0.013956358666450307,0.0030607880476831027,-0.004740357737186158,-0.003009814371382339,0.001227696891702897,-0.006967195751648585,finance
194,0.06685655305513254,-0.037476472582219394,0.0374297564069004,-0.11592740735192733,-0.05584145370309455,-0.01191856082027751,-0.02608265432212693,-0.0413225054552894,-0.01634618940943881,-0.03281513409132856,0.020530184769057273,-0.027544102566908594,0.08262478094968237,-0.05518606068820555,0.04220910583553778,0.0046826186011576214,0.023063808519728477,-0.14628483781129767,-0.17083379126285908,-0.10217620529726788,0.3098430057880275,-0.12231349202062165,0.5067604556697578,0.16626191728028028,0.11997100616995465,-0.16363355026375184,-0.01761025547795844,-0.36156951963385914,0.10584458241243257,-0.037816741690509095,-0.0015400103126516512,-0.005217744552900336,0.10752675169301305,-0.0023509216576725464,0.011993015809163806,0.019120818913863507,-0.041799151779147226,-0.013813336098128164,-0.0214773383170285,0.014381394215907187,-0.004369027630927391,-0.08275090492825744,-0.0325829933174948,-0.02836157027610249,-0.010514832229281163,0.011431717577498333,0.0032938313480089464,0.015042563663234488,0.0025417800136743967,0.0014067514063037586,-0.01979384504959266,-0.08480990307871326,-0.008496668529456962,-0.0034698289433959914,-0.04691082355492705,0.01714068942450329,0.0018361951526824996,-0.016400147818674275,-0.00321756509580711,-0.009447184490137964,-0.019173405262705744,-0.014873106099426301,-0.03178462094115601,0.004533444481892997,-0.023889107666993977,-0.04447867118997822,-0.0553205479306577,0.020599971437579797,-0.02757150699066047,0.027093340218330104,-0.015100642953200296,0.020527417613246477,0.027312618875207733,0.0024532024516249456,-0.0023375580404387574,0.06783371724585019,0.017250041786362205,0.07173598067003109,-0.03193536573078935,0.06098976635588491,0.04105610217501792,-0.06652522891700531,-0.036337282844268445,0.07437330975965518,-0.03794617502615434,-0.028967203398547612,-0.01896720291420405,0.03646698216809363,0.018304757731387344,0.027664155599503713,0.00884748359974146,-0.04906427898092606,0.033550530817783905,0.07467615756877388,0.032551479927082065,-0.019147267342873083,0.0066546679156473595,0.048118964065049424,-0.06662203720786003,0.02145928932492936,-0.0271833086815318,0.045325387296181616,-0.06057467008005301,-0.11111273970300346,0.03854195317594292,0.029205777830008155,-0.040607318398542924,0.013957564625399859,0.05023850044515313,-0.07578933654970797,0.04255063832425279,0.02731164674625215,-0.03047205845885266,-0.019583809721022093,-0.03877437843898622,-0.05436974080785697,0.04098640635149264,-0.02143100721348815,0.01003557258300687,0.004163188476062519,-0.010686566959007172,0.0241407464665439,0.04677627443270317,-0.010019859205690328,-0.0006698187801928891,-0.005821239783046396,-0.057082760989357044,0.04743865397016081,-0.0424114126037247,-0.024948019393722303,-0.01610783239614872,0.020821595539861962,0.006310352192557353,0.007314840470307058,0.004878392305860024,0.01595286466617393,0.04877194203721949,-0.04318433929487279,0.006959341242798703,0.040879003025659166,0.01778824064895302,0.07586835728262331,0.03266878739709647,-0.007665652479197418,0.0051746273427175065,0.017070494127090812,0.11401416803976624,0.05811069417982238,-0.008380537386073472,-0.03777414239232747,0.05041351811323318,0.035645476317471364,-0.014785184902113946,-0.0338281050634017,-0.005303372257526023,0.029708808927424363,0.03992094365293795,-0.007102604839678697,-0.0059468244126616625,-0.03584054610702998,finance
195,0.22117447140580826,-0.14860312926697022,-0.03700800792120317,-0.0845636527000392,-0.09477468439388513,0.0009191381070795592,0.42312044850650027,0.1617550230735834,0.07962719813618044,0.09427699833899741,-0.03742766894402608,-0.1406596607032684,-0.1743984106688649,0.1352251568978842,0.06312530600625986,0.0379359027971275,0.024608111085276347,-0.07533573146287853,0.11165573118138772,0.028209056657670963,0.11169986328860154,-0.0677172378699433,0.14596742599350326,-0.008957836811380711,-0.1694971544304957,0.026924294884972066,0.4790845555987245,0.12069755971931104,-0.03078812479166383,0.18460314525489133,0.06331132528991314,-0.04023227414522631,-0.02864929291106876,0.05588099080528828,0.017750315480807955,-0.1723731159724599,0.16687319960506194,0.029643340229193016,0.03260137104656637,-0.03583725607466228,-0.1106051068087693,-0.05329314569910672,-0.05160503445524385,-0.025802392052317578,-0.04702219468561335,0.028227194354389605,-0.0612151075886058,0.0361030390239559,0.00391709138702976,-0.01877884197555862,-0.009014660678262797,-0.027987637432078993,-0.01927733495647842,-0.021574028489379043,-0.03868525222462255,-0.03821947202439826,0.04532539293396931,-0.036151933292668664,0.0035701541475661176,-0.005127924795313229,-0.04163266597358448,0.0011988389102851327,0.009574990494772553,-0.05161757802632484,-0.03334272860343241,-0.007380266632020209,-0.001413139337831708,0.028163404885603982,-0.005021614110952696,0.012409636171339578,-0.02645938476556329,-0.013467673471697767,-0.01799850943430788,0.028511905900729856,-0.018684836180075357,0.012030089407609133,0.012401553789267378,-0.006477914626207094,-0.008890774195113126,-0.05325935223368131,-0.024798831150008745,-0.023167073893426843,0.0010928503413644409,0.01640889018362481,-0.0011828407293176686,0.001457104237541434,-0.001900264301405514,-0.0026624136336447653,0.006969100167893995,0.025144264723113537,-0.029579937290960426,0.020255443427333087,0.022940220778121495,0.0011015948065714355,-0.009918663408651749,0.012221270309434554,-0.006427621979098162,-0.006736033065495679,0.02461315469289121,-0.0013786883461173018,0.004216940542983864,0.001149241057659222,0.017165143029827502,0.00023389769596177115,-0.01548452481180561,-0.0020701034493851187,-0.034449952071542014,0.0018757360960133306,0.030016946307679933,0.00891364482036152,0.015304945558374436,-0.00845205975439986,0.008377035152436822,0.000907639081535395,-0.008152410898198235,-0.0040321523378537795,-0.0033005424791603235,-0.009726708175778042,-0.027586981962693453,-0.04859656126232528,0.021348352811799625,0.021598578856893563,0.020284568262667352,0.030685289058742016,0.005958910364314018,-0.01802972872712977,-0.019103557256212194,0.03591324919762915,-0.026092261204165107,0.016786457953148943,0.004592012580042883,0.01836388507514038,0.030994685616418993,-0.011759816515172905,0.01453082571673427,-0.03496834273824153,0.0026348420172797285,0.01235941417928949,0.028126739597528826,0.002148705437124333,-0.009060003368625997,-0.016421388803241625,-0.022256994900219842,-0.007035781725777231,0.04382972259019969,-0.00747310087699418,-0.04043294605623226,0.003348295017998528,0.015755651743887017,0.00028650151760316924,0.00358931188606107,0.031796420668907206,-0.015253408022651904,0.01874361545190422,-0.010010430114843613,0.002570321346499425,-0.0031103042352575746,0.010421293064057998,-0.004951329741761954,-0.00285235415584824,finance
196,0.027756531085526354,0.0023262747480188315,0.051794358086456535,-0.12195135653046461,-0.033033040000449036,0.0015459208384605394,-0.14002838455080194,-0.08429601316151542,-0.056887592383553356,-0.03211797715671752,-0.1280922431473653,-0.19110058961461135,0.07183840405786775,-0.10207435265395107,-0.222930811600235,-0.17257723694148328,-0.15109421411759505,-0.24314709524971184,0.4603346250713901,-0.058251373450720435,-0.11580646110869273,-0.0020533178962773638,0.008747301077379017,-0.002288801429301546,0.06539462797178945,0.06325958066054646,0.07562074654475025,-0.02637009987265591,0.031070743159150288,0.0225063581663126,-0.08513192395901374,0.08085301088526102,0.09482924164896528,0.0776412717293989,-0.030868116498545043,0.0050286896547451065,-0.09333235753178093,0.05654735424526991,-0.02968944793883899,-0.05799888945448864,0.01686171993918329,-0.05398274173893023,0.05014473074402874,0.03505108493068137,-0.01237610989818351,-0.09650258721439167,-0.034707404203299236,-0.036877957285262004,-0.027997764503575724,-0.01158517268820203,-0.01607038202446454,-0.05964438157928586,0.01823255898010157,-0.005468237675334118,0.04161994889736744,-0.0011129567771445028,-0.06456459114407641,-0.05289794013464149,-0.013787096110284957,-0.003273192985526372,0.045707365758023324,0.014824016643319563,0.04991889761495419,0.01382244667932015,-0.03617366008683692,-0.029595519211337303,-0.006928212825433247,-0.02785076578239434,0.00918432195621319,0.006511485079895212,0.03905739241933422,-0.019401909914822654,0.0005214274732485506,0.013019023998877709,0.018876923655108416,-0.09613063828662677,0.054555357440167145,0.007667054619106501,-0.02538131057009382,-0.008703674342277389,-0.01576439789681189,0.014408400301040606,0.013012659783084957,0.03660484900314613,0.011291422328820796,-0.03730045431495065,-0.03585675429677805,0.023778140221798204,0.015061122643946186,-0.04107236100002064,0.03323819314277168,-0.0020615591015082538,-0.0006298863956988817,-0.04674423037770939,0.009413157313627837,-0.051766282698945426,0.027053357455777808,0.0412509158974691,0.026645934193452327,-0.02611778563475955,0.044677275811360995,-0.013945463928958655,0.005872567509074516,0.0478723602466461,0.04663768855933843,-0.029953729314624495,0.08005175505176108,0.05340595959756623,-0.010328507478183244,-0.05219406048914742,-0.03967366990052056,0.03839903544733608,-0.009502546820871241,0.052949635533197745,-0.07237934033465938,0.027118413634525794,0.09197118011105761,0.05479962756919644,-0.00454290877941169,-0.017818720098188807,0.01739190261504587,0.04411911922883278,0.11742705661846704,-0.016960022617256012,0.03138914580355524,-0.09618069427246564,0.004435632013379843,0.045568194243271715,-0.03800009762124277,-0.06334974903200423,-0.1325783334615856,0.07385797678977758,0.021616142719699145,-0.09096598349146547,-0.1442002772357504,0.15939459032664932,0.2592349809512012,0.25120635683982323,-0.08058347715181605,0.16129152363402083,-0.0645497137123316,-0.044131634384954856,0.05231592240506109,-0.04438240889498128,-0.006521536760999285,-0.04504198468659784,0.006709047242379295,-0.030575182409535186,-0.008948918414237176,0.06118326573865164,0.029730612725369945,-0.0018118953686826755,-0.017541581736478004,0.0168537613992704,-0.024954920121304597,0.044173068877611674,-0.025691213514584803,0.016143830734143924,-0.0039732028841983355,-0.007909712917310952,finance
197,0.09673076268835953,-0.03273537007270192,0.013085541246769083,-0.07596279325241985,-0.04610159069071192,-0.005665551505735453,-0.049556870701771005,-0.0306826047729114,-0.02101537801395869,-0.027867870198915543,-0.06359717423594852,-0.020057191913716674,-0.027199076194276,0.031487586049238944,0.002284095035066672,0.019077377671378497,-0.08609831354484719,-0.01056951911271296,-0.17984349465412633,-0.06583564130992176,0.016680619357585864,0.24678822718187887,-0.07668336262615943,-0.035030563360400196,-0.12391881496710035,0.09192220252471717,-0.0766255474602562,-0.16037273638417984,0.18546890792826823,0.36012263344029266,0.081796201182383,-0.0030038504096072042,-0.18949564038828623,-0.10496609741779428,-0.09377995435104845,-0.06021633153721285,-0.2193403055622311,0.01301110701228511,0.012155635179732586,-0.04559242540444021,-0.06038308283451854,-0.128681711579606,0.09370948567553981,-0.037348057416539494,0.0017185238360633863,0.004100495008797054,-0.05693317874750299,0.0029166300761860227,0.003507344058449846,0.017050984298977827,0.028651570414887993,0.01987497621670323,0.08418333695073843,0.019342879597665192,-0.07618484614859675,-0.043180123259923396,-0.020511783912972155,-0.06067350977687439,0.006202609255139316,0.02680445246300435,-0.06274184080387765,-0.008121380918081202,0.10358480456138563,0.002362146860890816,-0.014605601512775268,0.07745789871330475,-0.010355048932700176,-0.013211551867667847,0.0034330940340642387,-0.08654083398616266,0.02088024925200261,-0.002078263569360123,0.052688705458740014,-0.03410404036430939,0.06726511416408841,0.04525028726098559,-0.06437111594525402,-0.00290371324687711,-0.0297672525536538,-0.0015637807117435238,0.05465526881887738,0.050393478031215806,0.06257112725068568,-0.0189162103518244,0.026144901631555667,-0.01677922812810835,-0.023369749479170157,-0.0792883328172887,-0.07944029634100869,0.009200251672781538,-0.06579975636053739,0.0007491839029577518,-0.01502911457713413,-0.00273732300402037,0.010277070589298748,0.09244558682561974,-0.007024341772423606,-0.04159296101229755,-0.06478802046416654,0.09282976743826098,0.03520452347250203,-0.06418835399839705,0.0837622001164893,-0.17097369473033355,0.13191398620596861,-0.08621096998400937,0.05743335496627308,-0.027091575448204012,0.03402281493856573,0.056186782989011856,0.0015159726246923744,0.026975283704441567,0.03749991060034774,0.0044751630716452955,0.15571967578425724,-0.10982936065056893,-0.026511411463825012,0.07013375353633007,-0.05001624470982873,0.051653967158238036,0.0992816082937768,0.023648256567754433,0.07075654560530756,-0.22277440800574816,0.07999361368860432,-0.25806639219884503,0.030110627823696376,0.03892133544513047,-0.05370867721605304,-0.054686160253615036,-0.11788448021360168,-0.05554943446655824,-0.14727978040760778,0.023653449042995395,-0.021489650405157698,-0.07927302583981045,-0.03246124737072924,-0.017144731066289668,-0.004594233300259463,-0.05043879553021334,-0.04632452840219717,-0.027515176001170902,-0.032961705550027205,-0.009562974527730392,0.02300883274415403,-0.035783271466879096,-0.04874807121392313,0.002999601512256718,0.014516084060063373,0.022466296112514442,0.040871571782855456,0.025907427945476624,-0.02523573547480814,-0.020001254710883647,-0.021023546327287427,-0.019847225540835393,-0.005334162478754737,-0.00616083461486914,0.00907843398476508,0.002904321994641643,finance
198,0.08575383376093523,-0.040226840664882836,0.04828907269730006,-0.14062875620177367,-0.06926591113895075,-0.010207305893436436,-0.1035981840576085,-0.07539193394309536,-0.04582154414464207,-0.023292688223718352,-0.19758171208644806,-0.14787179559541055,0.114936024793388,-0.11216486445536201,-0.1026677547990263,-0.10008290650134935,-0.1387234286063672,-0.20760734184043886,0.2544213626423065,-0.14667831872884568,-0.011127837940993054,-0.07035436896641822,-0.03401937348411633,-0.033204607917642764,0.030991599995064605,0.1660435164775153,-0.006794890011292175,-0.14293685478430732,0.10322299642535128,0.11271966491329519,0.030176551041374476,0.09149949481131905,-0.10455610096861681,0.06068322634941401,-0.057879871015386095,0.0032705399162267085,0.07443630401052778,-0.023898420966956123,0.0439571658440998,0.17638710240164476,0.11545517868320107,0.017580605053049793,-0.1279855263791415,0.016298407665118392,-0.047559149811593183,0.0793903555602196,-0.06571740693365825,0.049253249935542,-0.11146094466567276,0.0532344728955524,-0.059203640356375195,-0.10639157355182302,0.036358849449620215,0.041824218102404,-0.15387539630778405,-0.024100530299371467,0.009780769660951285,0.03372895432740384,-0.05014693937654783,-0.0013190807937914102,-0.03526693301406861,-0.012714565877852045,-0.003056827505692975,-0.07147113230438477,0.019065604955880285,0.02722181680837136,0.009417531597104458,0.06408113061501623,-0.04588466412730831,-0.004452217331000824,0.04928008421360845,-0.010970321776874322,-0.03428066641608954,0.02081208737010022,0.04282816096800458,0.04795650508695605,-0.01163912444421933,-0.02653573216552836,-0.0003844013904530034,-0.023105713232004426,0.018408325728772858,-0.05103804594613338,0.032442363732731155,-0.010332321514016468,-0.027708654691842388,-0.13775510530591617,-0.0072409142953041164,-0.009690830923475937,-0.014567784013816107,-0.01815420656534453,0.11150743838358936,0.018105628368305836,0.002934197863427073,-0.024389900196826124,-0.04340862783709579,-0.041676356408264136,0.11226269722392981,0.03194145746238019,0.010220909061874893,-0.0790040659386244,0.02216252944403844,-0.028900451630514717,-0.014228975203645832,0.008306590262200174,0.014178769010411575,-0.029464374943923025,0.06120000949461232,0.030092139757150863,-0.04608620975205433,0.01665500789057007,-0.012065088098305303,-0.0001897112729044525,-0.01692763824331519,0.03219803986813728,-0.04183848025395146,0.06888035462192561,-0.023612591517265243,0.0434055465893964,0.042414968010846245,-0.016981760516265734,-0.09034709813946981,-0.07879893269680703,-0.13809095453433182,0.02621697379778422,-0.0455082415740844,0.10435931317289554,-0.023979443647288576,-0.11232543752705598,0.05401181838006229,-0.0724979044872035,0.030495818116495172,-0.08550302928739927,-0.07841366090922673,0.04240557836852286,-0.09957855284716878,-0.25542704397027505,0.0774999987901982,-0.10706095059503314,0.22853962197708727,-0.05281193023735055,-0.10362102715852237,0.020171510951816518,-0.10384655444429898,-0.10604577135985183,-0.047200536965385925,-0.042103951394767504,0.060696557066968436,0.0012712646816817842,0.04963751482290344,-0.020124861934184838,-0.027275870024926797,-0.04256413952150313,-0.008937021645853041,-0.020108722468149546,0.021366891111393782,0.014306125084396482,-0.008073374127446496,-0.017520665984693897,-0.006778806045740299,-0.004135279538229419,finance
199,0.2405808841753775,-0.13571867078936045,-0.05997429927760227,-0.013798427717882545,-0.05059708337324749,-0.014598917173678163,0.2691496564295347,0.09546941653981436,0.04673876263327473,0.059316292156108244,-0.03665199342580573,-0.006054257818817729,-0.045389585997048905,0.02079522830869109,-0.005993108878245534,-0.008392490421126773,0.010044902392031553,0.04295612188803613,0.05268850277121398,-0.012370946648206064,-0.016681539663166843,-0.003534629657232692,0.0011500862315076278,0.0044241593148227135,0.040071601197394495,0.004913624743113704,-0.10838489691253825,-0.037263161877014415,-0.23476980326624103,-0.02261454853282138,-0.03668068499902298,-0.032708121452439315,-0.2687457634649003,-0.1342207488923258,-0.04312548802954762,0.3378258868053459,-0.020152519001606903,0.026475347016333726,-0.11054732806833568,-0.0028491954011650752,0.014826752967939989,-0.03561410560185423,-0.011914897395087266,0.008510408167578911,0.03650423562189883,-0.13104126908460922,0.12579250616217355,-0.05362014117846095,0.018727843456927802,0.016159740468131546,0.015582296148487993,-0.028141524532290633,-0.04640724170522962,-0.03440267512265892,0.11493220874720751,-0.014512768162456407,-0.021239132984065275,0.019178084804299354,-0.010724196305715259,-0.03542544288398696,-0.01494695950269999,-0.06909992338645717,0.06572705632913332,0.03974650256929538,0.0035721141037582155,-0.025401111917598754,0.08194869872695781,-0.021061544057038535,-0.026417227610255258,0.017234345268006383,-0.01429717044964102,-0.014875984066862453,-0.009640528517125989,0.0037430122666993583,0.006709812725741196,-0.06006036385579555,0.009638198447818533,-0.049528110059801886,0.011474679188989817,-0.042708735478436274,0.01434204868859329,-0.02558521066409937,-0.031171493625627617,-0.09926875685246069,-0.06066687693092122,-0.08553196361229279,-0.0163404418710653,-0.008724813059522864,0.00026941873393773616,0.0860556018302691,-0.02435271950490335,-0.015469117578172964,0.05268786068796823,0.04088502165793615,-0.0020338493397361905,-0.014995791714147343,0.04071445256813932,0.013543449439548385,0.10078661920533645,-0.05186070210835613,-0.02445718340879459,-0.009317444809435324,-0.029463952702630063,0.013228312994835956,-0.01380775366411642,0.04455450038693223,-0.054730051043164876,-0.018337695096365826,0.010971748688342936,-0.09686482111303024,0.00721907657546811,-0.016218253182574152,-0.08678325259720303,-0.08374826586051012,0.009865353633670217,-0.00696253796566315,0.026893993299175797,-0.1010691970195375,-0.021007548641079288,0.009842847436014535,-0.022673957666504443,0.02469580963632217,0.11953859756060976,0.14944107542641705,0.14344466817096824,0.07291010067177899,-0.17374162289716225,0.0910271436602396,-0.1381678495212979,-0.12830917971739078,-0.06923162272718697,-0.035877254691342474,-0.21087289004132734,0.04557696251870803,-0.0612709403246447,0.024539516889698385,0.036527362597553466,-0.03883873618171022,0.04018584167616721,-0.007861390385690241,-0.09941505300033694,0.028775341614645067,-0.07753910551883508,0.03767013461616087,0.19675146802931856,0.058257236278635736,-0.06330967490143409,-0.04372990211188135,0.022633134384942508,-0.08273128156302359,-0.035722601273961214,0.041767063798219234,-0.017190826494337893,0.013682325185878,-0.006028621203460668,-0.06563055961872252,-0.02105399888987735,-0.017614158126675772,-0.01574605564810195,-0.018421182461732192,finance
200,0.0999954185921211,-0.028884598337070584,0.009864775818383357,-0.03492089887689454,-0.01741785444253652,-0.011506773885751179,-0.03768991054193328,-0.03080443249300624,-0.0124274766529566,-0.024788266208404325,-0.022486866565720808,-0.012225312641917528,-0.04822665073285853,0.04314216070560556,0.10326064246637408,0.042686867387202086,-0.016139811595340947,0.14746336332666438,0.013032098827010593,0.031795115352099244,-0.036606506714093656,-0.025640365149190457,-0.022058585554997238,-0.0040574779242555205,-0.023257470696145133,-0.004707585310485435,-0.019611501852513032,-0.06231820528145418,-0.044246912575151696,0.006728065348405187,0.01626806346064818,0.04002885794764356,-0.04467088153857984,-0.01235043733056148,-0.08828224502594295,-0.024629783273415,-0.03137142317020733,0.015838551694558035,0.008452445962372858,0.032331427424495816,0.09527460963756838,-0.13797779957714032,0.1339736885484884,-0.025925190423634635,-0.09618252276848492,-0.02571177903707709,0.14921124491043225,0.025819002837427486,-0.021587427797265024,0.054760592769563673,0.1963791869389066,-0.15694178869708772,-0.07226179279637844,0.010013595473772664,0.13534588565667502,0.27082088591698317,-0.11045322808735171,-0.18736338660663981,-0.1409416786153012,-0.004117320913523443,-0.15674110129651941,-0.13260612219775592,-0.07724224844427596,-0.16989735544313544,0.07652685264290615,0.08998918288231852,-0.0823596786940946,0.14522730376868415,-0.015838879264249612,-0.013319194674928553,0.19988026635366113,-0.09821304485675464,-0.11522749873459329,0.015010261834235358,-0.05862180810666598,-0.04332999647023685,-0.005155257932120952,-0.1862361011090043,-0.039251769736308194,-0.11058015366767993,0.1686281255568661,-0.11975906502965072,-0.2015945284698466,0.03545702940043677,-0.20439958999874944,0.028046084022654065,0.01208514294398383,0.029248088666669027,0.2717421320341496,0.0301750529524363,-0.0688615691809905,0.03235688082007366,-0.07439560522473838,-0.03877787050368997,-0.04039797749554522,0.15241097181122482,-0.11225888867685531,0.0662975186626813,0.03533190189960691,-0.017848692501417095,-0.07580111741065826,-0.032610360884125535,-0.082250010433826,0.010891316695470915,0.047874097673623224,-0.019432382452769955,-0.05375200853260202,0.04326311748421272,0.03480826715519405,0.0866673040161956,-0.02634062701393822,0.059933745538728815,-0.013408928734891384,0.036297468015926475,0.011396268486820255,-0.005282507744177939,0.0904321267579196,0.07095104048302513,0.027761798482359185,0.009826904444873817,-0.015624181344410341,-0.008155918232129576,-0.04237219488370872,-0.01604446719774508,-0.0862041111117791,-0.009336166979094458,0.06956467936452511,-0.016164442736163503,0.014841273747776067,-0.00011209179854729056,0.021948578900148823,-0.014768134972631394,0.049270630666188926,-0.03117882827096474,-0.008597583679517845,-0.02803476518808506,-0.005020791313890959,0.027779417512629176,-0.02831797651407025,-0.010060131237146117,-0.007770127771758651,-0.006620416898384933,0.007045772528495043,0.0177701942077911,0.01537224081714311,0.025732755739639356,-0.008849970323868226,-0.008789834341886951,-0.007501878500012797,-0.00593871803779291,0.018204002993424184,0.0034579302091931846,-0.007285129754614926,0.013346936984768227,-0.00612831597220793,0.001582000733285668,-0.007765060734094335,-0.012457016881346346,0.0029354142724948838,0.0036420151753355496,finance
